province,wmo_id,usaf_prefix,lat_table,lon_table,elev_table_m
Shanghai,58361,583610,31.1,121.36666666666666,10.2
Shanghai,58362,583620,31.4,121.45,6.7
Shanghai,58365,583650,31.366666666666667,121.25,9.2
Shanghai,58366,583660,31.666666666666668,121.5,5.8
Shanghai,58367,583670,31.2,121.43333333333334,8.6
Shanghai,58369,583690,31.05,121.78333333333333,6.2
Shanghai,58370,583700,31.233333333333334,121.53333333333333,8.1
Shanghai,58460,584600,30.733333333333334,121.35,6.2
Shanghai,58461,584610,31.133333333333333,121.11666666666666,8.5
Shanghai,58462,584620,31.033333333333335,121.23333333333333,9.1
Shanghai,58463,584630,30.883333333333333,121.5,9.5
Yunnan,56444,564440,28.483333333333334,98.91666666666667,3320.8
Yunnan,56483,564830,28.583333333333332,103.95,494.5
Yunnan,56489,564890,28.233333333333334,103.63333333333334,876.3
Yunnan,56497,564970,28.1,104.23333333333333,433.3
Yunnan,56533,565330,27.75,98.66666666666667,1587.7
Yunnan,56543,565430,27.833333333333332,99.7,3277.6
Yunnan,56548,565480,27.166666666666668,99.28333333333333,2326.0
Yunnan,56567,565670,27.3,100.85,2242.3
Yunnan,56582,565820,27.75,103.9,1177.0
Yunnan,56585,565850,27.183333333333334,103.53333333333333,1916.0
Yunnan,56586,565860,27.35,103.71666666666667,1950.0
Yunnan,56594,565940,27.633333333333333,104.05,884.0
Yunnan,56595,565950,27.416666666666668,104.86666666666666,1644.3
Yunnan,56596,565960,27.85,105.05,1176.5
Yunnan,56641,566410,26.9,98.86666666666666,1191.5
Yunnan,56643,566430,25.866666666666667,98.85,950.6
Yunnan,56645,566450,26.416666666666668,99.41666666666667,2345.9
Yunnan,56646,566460,26.533333333333335,99.91666666666667,2193.5
Yunnan,56649,566490,26.1,99.96666666666667,2059.9
Yunnan,56651,566510,26.85,100.21666666666667,2382.1
Yunnan,56652,566520,26.683333333333334,100.75,2131.0
Yunnan,56654,566540,26.583333333333332,100.18333333333334,2196.8
Yunnan,56664,566640,26.633333333333333,101.26666666666667,1230.8
Yunnan,56669,566690,26.05,101.66666666666667,1534.1
Yunnan,56673,566730,26.916666666666668,102.91666666666667,894.9
Yunnan,56684,566840,26.4,103.25,2189.3
Yunnan,56688,566880,26.1,103.16666666666667,1253.4
Yunnan,56697,566970,26.216666666666665,104.08333333333333,1987.4
Yunnan,56739,567390,24.983333333333334,98.5,1696.9
Yunnan,56742,567420,25.9,99.36666666666666,1663.9
Yunnan,56745,567450,25.683333333333334,99.95,1627.2
Yunnan,56746,567460,25.466666666666665,99.51666666666667,1618.3
Yunnan,56748,567480,25.116666666666667,99.18333333333334,1651.2
Yunnan,56751,567510,25.7,100.18333333333334,1991.6
Yunnan,56752,567520,25.833333333333332,100.56666666666666,1440.3
Yunnan,56755,567550,25.35,100.48333333333333,1670.0
Yunnan,56757,567570,25.266666666666666,100.28333333333333,1744.0
Yunnan,56761,567610,25.716666666666665,101.31666666666666,1873.7
Yunnan,56764,567640,25.533333333333335,101.23333333333333,1875.2
Yunnan,56766,567660,25.3,101.51666666666667,1821.6
Yunnan,56767,567670,25.183333333333334,101.28333333333333,1858.3
Yunnan,56772,567720,25.233333333333334,102.5,1694.4
Yunnan,56774,567740,25.533333333333335,102.41666666666667,1712.0
Yunnan,56777,567770,25.15,102.06666666666666,1566.8
Yunnan,56778,567780,25.0,102.65,1889.1
Yunnan,56782,567820,25.416666666666668,103.55,2064.8
Yunnan,56783,567830,25.5,103.8,1906.3
Yunnan,56785,567850,25.35,103.08333333333333,1916.7
Yunnan,56790,567900,25.683333333333334,104.25,1920.5
Yunnan,56835,568350,24.066666666666666,97.81666666666666,958.7
Yunnan,56836,568360,24.7,97.95,828.1
Yunnan,56839,568390,23.766666666666666,98.81666666666666,994.5
Yunnan,56840,568400,24.816666666666666,98.3,1013.7
Yunnan,56841,568410,24.6,98.68333333333334,1527.6
Yunnan,56842,568420,24.733333333333334,99.18333333333334,1473.4
Yunnan,56843,568430,24.833333333333332,99.61666666666666,1650.2
Yunnan,56844,568440,24.433333333333334,98.58333333333333,915.0
Yunnan,56846,568460,24.583333333333332,99.93333333333334,1569.8
Yunnan,56849,568490,24.033333333333335,99.23333333333333,1607.2
Yunnan,56851,568510,25.033333333333335,100.51666666666667,1378.6
Yunnan,56854,568540,24.45,100.13333333333334,1108.1
Yunnan,56856,568560,24.466666666666665,100.86666666666666,1163.5
Yunnan,56862,568620,24.683333333333334,101.6,1966.0
Yunnan,56863,568630,24.933333333333334,102.48333333333333,1850.0
Yunnan,56867,568670,23.983333333333334,101.11666666666666,1107.2
Yunnan,56869,568690,24.066666666666666,101.96666666666667,1498.2
Yunnan,56870,568700,24.65,102.18333333333334,1597.7
Yunnan,56871,568710,24.65,102.6,1894.2
Yunnan,56873,568730,24.683333333333334,102.91666666666667,1788.5
Yunnan,56875,568750,24.333333333333332,102.55,1717.5
Yunnan,56876,568760,24.283333333333335,102.76666666666667,1732.5
Yunnan,56878,568780,24.133333333333333,102.75,1802.4
Yunnan,56879,568790,24.183333333333334,102.91666666666667,1698.9
Yunnan,56880,568800,24.916666666666668,103.16666666666667,1532.9
Yunnan,56881,568810,24.75,103.26666666666667,1694.7
Yunnan,56882,568820,24.883333333333333,102.8,1909.2
Yunnan,56883,568830,24.816666666666666,103.98333333333333,1901.9
Yunnan,56885,568850,24.4,103.45,1416.7
Yunnan,56886,568860,24.533333333333335,103.76666666666667,1705.5
Yunnan,56889,568890,24.05,104.16666666666667,1518.5
Yunnan,56891,568910,24.983333333333334,104.31666666666666,1482.4
Yunnan,56898,568980,24.183333333333334,102.4,1601.2
Yunnan,56944,569440,23.15,99.26666666666667,1280.7
Yunnan,56946,569460,23.55,99.4,1104.8
Yunnan,56948,569480,22.633333333333333,99.6,1156.1
Yunnan,56949,569490,22.316666666666666,99.6,946.1
Yunnan,56950,569500,23.466666666666665,99.8,1044.0
Yunnan,56951,569510,23.883333333333333,100.08333333333333,1502.6
Yunnan,56952,569520,23.5,100.7,914.0
Yunnan,56954,569540,22.566666666666666,99.93333333333334,1054.4
Yunnan,56958,569580,21.916666666666668,100.41666666666667,1177.5
Yunnan,56962,569620,23.416666666666668,101.66666666666667,1315.3
Yunnan,56964,569640,22.783333333333335,100.96666666666667,1302.9
Yunnan,56966,569660,23.6,101.98333333333333,401.6
Yunnan,56969,569690,21.466666666666665,101.58333333333333,634.4
Yunnan,56970,569700,23.7,102.48333333333333,1419.9
Yunnan,56975,569750,23.366666666666667,102.43333333333334,975.9
Yunnan,56976,569760,23.233333333333334,102.83333333333333,229.4
Yunnan,56977,569770,22.583333333333332,101.85,1121.0
Yunnan,56978,569780,23.0,102.41666666666667,1640.7
Yunnan,56982,569820,23.7,103.28333333333333,1117.6
Yunnan,56984,569840,23.383333333333333,103.15,1717.7
Yunnan,56987,569870,22.783333333333335,103.23333333333333,1261.1
Yunnan,56991,569910,23.616666666666667,104.33333333333333,1561.1
Yunnan,56992,569920,23.45,104.7,1508.1
Yunnan,56994,569940,23.333333333333332,104.28333333333333,1292.7
Yunnan,56995,569950,23.033333333333335,104.41666666666667,1335.4
Yunnan,59007,590070,24.066666666666666,105.06666666666666,1251.4
Yunnan,59205,592050,23.65,105.63333333333334,688.3
Inner Mongolia,50425,504250,50.25,120.18333333333334,582.3
Inner Mongolia,50431,504310,50.78333333333333,121.51666666666667,718.2
Inner Mongolia,50434,504340,50.483333333333334,121.68333333333334,733.7
Inner Mongolia,50445,504450,50.583333333333336,123.73333333333333,424.7
Inner Mongolia,50514,505140,49.583333333333336,117.31666666666666,662.7
Inner Mongolia,50524,505240,49.31666666666667,119.43333333333334,578.5
Inner Mongolia,50526,505260,49.28333333333333,120.7,670.0
Inner Mongolia,50527,505270,49.25,119.7,650.4
Inner Mongolia,50548,505480,49.2,123.71666666666667,287.2
Inner Mongolia,50603,506030,48.666666666666664,116.81666666666666,556.0
Inner Mongolia,50618,506180,48.21666666666667,118.26666666666667,644.6
Inner Mongolia,50639,506390,48.0,122.73333333333333,308.5
Inner Mongolia,50647,506470,48.13333333333333,123.48333333333333,237.2
Inner Mongolia,50727,507270,47.166666666666664,119.93333333333334,997.7
Inner Mongolia,50834,508340,46.6,121.21666666666667,501.0
Inner Mongolia,50913,509130,45.71666666666667,118.83333333333333,866.1
Inner Mongolia,50915,509150,45.516666666666666,116.96666666666667,838.9
Inner Mongolia,50924,509240,45.53333333333333,119.66666666666667,824.7
Inner Mongolia,50928,509280,45.06666666666667,120.33333333333333,629.1
Inner Mongolia,50934,509340,45.38333333333333,121.58333333333333,312.7
Inner Mongolia,50937,509370,45.06666666666667,121.48333333333333,283.1
Inner Mongolia,53068,530680,43.63333333333333,111.93333333333334,964.1
Inner Mongolia,53083,530830,44.61666666666667,114.15,1182.9
Inner Mongolia,53149,531490,42.53333333333333,110.13333333333334,1226.7
Inner Mongolia,53192,531920,44.016666666666666,114.95,1127.3
Inner Mongolia,53231,532310,41.4,106.4,1510.6
Inner Mongolia,53289,532890,42.233333333333334,113.83333333333333,1322.8
Inner Mongolia,53336,533360,41.56666666666667,108.51666666666667,1289.2
Inner Mongolia,53337,533370,41.1,108.26666666666667,1025.4
Inner Mongolia,53348,533480,41.016666666666666,109.13333333333334,1080.5
Inner Mongolia,53352,533520,41.7,110.43333333333334,1376.2
Inner Mongolia,53357,533570,41.03333333333333,110.05,1362.1
Inner Mongolia,53362,533620,41.53333333333333,111.68333333333334,1491.4
Inner Mongolia,53367,533670,41.31666666666667,111.23333333333333,1603.7
Inner Mongolia,53368,533680,41.083333333333336,111.46666666666667,1640.2
Inner Mongolia,53378,533780,41.28333333333333,112.61666666666666,1737.9
Inner Mongolia,53384,533840,41.45,113.18333333333334,1424.9
Inner Mongolia,53385,533850,41.6,113.53333333333333,1420.9
Inner Mongolia,53391,533910,41.9,114.0,1484.6
Inner Mongolia,53419,534190,40.333333333333336,107.0,1060.4
Inner Mongolia,53420,534200,40.85,107.11666666666666,1024.9
Inner Mongolia,53433,534330,40.733333333333334,108.65,1022.0
Inner Mongolia,53446,534460,40.53333333333333,109.88333333333334,1005.9
Inner Mongolia,53455,534550,40.55,110.53333333333333,1000.9
Inner Mongolia,53457,534570,40.4,110.03333333333333,1012.2
Inner Mongolia,53463,534630,40.85,111.56666666666666,1154.4
Inner Mongolia,53464,534640,40.71666666666667,111.16666666666667,1047.5
Inner Mongolia,53467,534670,40.266666666666666,111.18333333333334,1017.5
Inner Mongolia,53469,534690,40.4,111.81666666666666,1164.0
Inner Mongolia,53472,534720,40.86666666666667,112.56666666666666,1453.2
Inner Mongolia,53475,534750,40.516666666666666,112.46666666666667,1272.2
Inner Mongolia,53480,534800,41.03333333333333,113.06666666666666,1421.5
Inner Mongolia,53481,534810,40.8,113.21666666666667,1317.1
Inner Mongolia,53483,534830,40.86666666666667,113.83333333333333,1269.9
Inner Mongolia,53484,534840,40.45,113.15,1192.9
Inner Mongolia,53512,535120,39.8,106.8,1105.8
Inner Mongolia,53513,535130,40.733333333333334,107.36666666666666,1042.3
Inner Mongolia,53522,535220,40.05,107.83333333333333,1181.4
Inner Mongolia,53529,535290,39.083333333333336,107.96666666666667,1381.7
Inner Mongolia,53533,535330,39.81666666666667,108.71666666666667,1414.4
Inner Mongolia,53543,535430,39.833333333333336,109.98333333333333,1462.8
Inner Mongolia,53545,535450,39.56666666666667,109.71666666666667,1367.3
Inner Mongolia,53553,535530,39.86666666666667,111.21666666666667,1222.9
Inner Mongolia,53562,535620,39.916666666666664,111.66666666666667,1192.2
Inner Mongolia,53644,536440,38.6,108.83333333333333,1309.3
Inner Mongolia,53730,537300,38.18333333333333,107.48333333333333,1335.0
Inner Mongolia,53732,537320,37.85,108.71666666666667,1211.5
Inner Mongolia,54012,540120,44.583333333333336,117.6,1002.6
Inner Mongolia,54024,540240,44.45,119.3,710.0
Inner Mongolia,54026,540260,44.56666666666667,120.9,265.8
Inner Mongolia,54027,540270,43.983333333333334,119.4,487.2
Inner Mongolia,54031,540310,44.9,121.81666666666666,201.1
Inner Mongolia,54039,540390,44.03333333333333,122.01666666666667,182.7
Inner Mongolia,54047,540470,44.13333333333333,123.28333333333333,146.9
Inner Mongolia,54102,541020,43.95,116.11666666666666,1003.8
Inner Mongolia,54113,541130,43.53333333333333,118.65,622.5
Inner Mongolia,54115,541150,43.63333333333333,118.03333333333333,825.4
Inner Mongolia,54117,541170,43.25,117.53333333333333,1004.4
Inner Mongolia,54122,541220,43.88333333333333,120.05,376.0
Inner Mongolia,54132,541320,42.4,121.06666666666666,400.6
Inner Mongolia,54134,541340,43.6,121.28333333333333,242.3
Inner Mongolia,54135,541350,43.6,122.26666666666667,180.1
Inner Mongolia,54204,542040,42.3,115.0,1347.8
Inner Mongolia,54205,542050,42.233333333333334,116.0,1316.6
Inner Mongolia,54208,542080,42.18333333333333,116.46666666666667,1247.0
Inner Mongolia,54213,542130,42.93333333333333,119.01666666666667,635.7
Inner Mongolia,54214,542140,42.583333333333336,118.41666666666667,961.3
Inner Mongolia,54218,542180,42.3,118.83333333333333,669.0
Inner Mongolia,54223,542230,42.85,120.65,364.0
Inner Mongolia,54225,542250,42.3,119.95,580.3
Inner Mongolia,54226,542260,42.333333333333336,120.7,402.0
Inner Mongolia,54231,542310,42.96666666666667,122.35,249.3
Inner Mongolia,54234,542340,42.733333333333334,121.75,298.9
Inner Mongolia,54305,543050,41.88333333333333,115.26666666666667,1470.0
Inner Mongolia,54313,543130,41.93333333333333,118.7,734.8
Inner Mongolia,54316,543160,41.516666666666666,118.75,680.7
Inner Mongolia,54320,543200,41.6,119.3,545.3
Beijing,54398,543980,40.13333333333333,116.61666666666666,29.6
Beijing,54399,543990,39.983333333333334,116.28333333333333,46.9
Beijing,54406,544060,40.45,115.96666666666667,489.1
Beijing,54416,544160,40.38333333333333,116.86666666666666,73.0
Beijing,54419,544190,40.36666666666667,116.63333333333334,76.8
Beijing,54421,544210,40.65,117.11666666666666,294.3
Beijing,54424,544240,40.166666666666664,117.11666666666666,33.3
Beijing,54431,544310,39.916666666666664,116.63333333333334,44.5
Beijing,54433,544330,39.95,116.5,36.3
Beijing,54499,544990,40.21666666666667,116.21666666666667,77.4
Beijing,54501,545010,39.96666666666667,115.68333333333334,441.3
Beijing,54505,545050,39.93333333333333,116.1,99.1
Beijing,54511,545110,39.8,116.46666666666667,32.5
Beijing,54513,545130,39.95,116.2,66.8
Beijing,54514,545140,39.86666666666667,116.25,56.7
Beijing,54594,545940,39.71666666666667,116.35,38.8
Beijing,54596,545960,39.766666666666666,116.2,49.9
Beijing,54597,545970,39.733333333333334,115.73333333333333,408.7
Jilin,50936,509360,45.63333333333333,122.83333333333333,156.2
Jilin,50939,509390,45.333333333333336,122.81666666666666,154.9
Jilin,50940,509400,45.85,123.16666666666667,142.0
Jilin,50945,509450,45.5,124.26666666666667,138.7
Jilin,50946,509460,45.18333333333333,124.83333333333333,140.7
Jilin,50948,509480,45.0,124.01666666666667,148.0
Jilin,50949,509490,45.083333333333336,124.86666666666666,137.4
Jilin,54041,540410,44.8,123.06666666666666,155.4
Jilin,54049,540490,44.25,123.96666666666667,190.4
Jilin,54063,540630,44.96666666666667,126.0,197.7
Jilin,54064,540640,44.38333333333333,125.15,175.4
Jilin,54065,540650,44.53333333333333,125.65,173.4
Jilin,54069,540690,44.166666666666664,125.8,175.6
Jilin,54072,540720,44.85,126.51666666666667,203.3
Jilin,54076,540760,44.38333333333333,126.93333333333334,269.3
Jilin,54142,541420,43.5,123.53333333333333,116.6
Jilin,54154,541540,43.35,124.3,160.6
Jilin,54155,541550,43.666666666666664,124.23333333333333,145.0
Jilin,54157,541570,43.166666666666664,124.33333333333333,167.2
Jilin,54161,541610,43.9,125.21666666666667,237.5
Jilin,54164,541640,43.35,125.28333333333333,249.6
Jilin,54165,541650,43.55,125.63333333333334,223.9
Jilin,54169,541690,43.3,126.01666666666667,270.3
Jilin,54171,541710,43.7,126.51666666666667,232.4
Jilin,54172,541720,43.86666666666667,126.53333333333333,291.7
Jilin,54181,541810,43.7,127.33333333333333,294.5
Jilin,54186,541860,43.36666666666667,128.2,526.0
Jilin,54187,541870,43.11666666666667,128.91666666666666,369.0
Jilin,54192,541920,43.7,130.26666666666668,386.0
Jilin,54195,541950,43.3,129.78333333333333,244.9
Jilin,54260,542600,42.916666666666664,125.08333333333333,254.4
Jilin,54261,542610,42.666666666666664,125.46666666666667,345.8
Jilin,54263,542630,42.96666666666667,126.05,339.5
Jilin,54266,542660,42.53333333333333,125.63333333333334,341.5
Jilin,54267,542670,42.25,125.73333333333333,363.2
Jilin,54273,542730,42.983333333333334,126.75,264.8
Jilin,54274,542740,42.68333333333333,125.98333333333333,308.3
Jilin,54276,542760,42.4,126.8,569.6
Jilin,54279,542790,42.05,126.58333333333333,545.4
Jilin,54284,542840,42.15,127.5,775.4
Jilin,54285,542850,42.416666666666664,128.11666666666667,722.4
Jilin,54286,542860,42.53333333333333,129.0,478.8
Jilin,54290,542900,42.766666666666666,129.4,248.1
Jilin,54291,542910,42.9,130.28333333333333,37.8
Jilin,54292,542920,42.86666666666667,129.5,258.5
Jilin,54293,542930,42.95,129.83333333333334,141.3
Jilin,54362,543620,41.666666666666664,125.73333333333333,388.8
Jilin,54363,543630,41.68333333333333,125.9,404.3
Jilin,54371,543710,41.93333333333333,126.43333333333334,521.6
Jilin,54374,543740,41.8,126.88333333333334,378.9
Jilin,54377,543770,41.15,126.21666666666667,225.5
Jilin,54386,543860,41.416666666666664,128.18333333333334,777.8
Sichuan,56038,560380,32.983333333333334,98.1,4201.0
Sichuan,56079,560790,33.583333333333336,102.96666666666667,3442.6
Sichuan,56097,560970,33.266666666666666,104.25,1441.7
Sichuan,56144,561440,31.8,98.58333333333333,3185.0
Sichuan,56146,561460,31.616666666666667,100.0,3394.6
Sichuan,56147,561470,31.216666666666665,98.83333333333333,3261.3
Sichuan,56152,561520,32.28333333333333,100.33333333333333,3895.8
Sichuan,56158,561580,31.4,100.66666666666667,3251.4
Sichuan,56164,561640,32.266666666666666,100.98333333333333,3286.0
Sichuan,56167,561670,30.983333333333334,101.11666666666666,2959.2
Sichuan,56168,561680,31.483333333333334,102.06666666666666,2170.1
Sichuan,56171,561710,32.9,101.7,3276.3
Sichuan,56172,561720,31.9,102.23333333333333,2666.3
Sichuan,56173,561730,32.8,102.55,3492.8
Sichuan,56178,561780,31.0,102.35,2439.2
Sichuan,56180,561800,31.683333333333334,103.85,1591.3
Sichuan,56181,561810,30.683333333333334,103.7,543.3
Sichuan,56182,561820,32.666666666666664,103.6,2882.5
Sichuan,56183,561830,31.5,103.61666666666666,1371.3
Sichuan,56184,561840,31.433333333333334,103.16666666666667,1897.9
Sichuan,56185,561850,32.083333333333336,102.98333333333333,2401.3
Sichuan,56186,561860,31.333333333333332,104.2,590.2
Sichuan,56187,561870,30.75,103.86666666666666,548.9
Sichuan,56188,561880,31.0,103.66666666666667,699.7
Sichuan,56189,561890,30.983333333333334,103.93333333333334,582.9
Sichuan,56197,561970,31.15,104.16666666666667,536.8
Sichuan,56198,561980,31.316666666666666,104.5,526.7
Sichuan,56199,561990,31.033333333333335,104.68333333333334,424.7
Sichuan,56247,562470,30.0,99.1,2590.2
Sichuan,56251,562510,30.933333333333334,100.31666666666666,2999.2
Sichuan,56257,562570,30.0,100.26666666666667,3950.5
Sichuan,56263,562630,30.883333333333333,101.88333333333334,1951.0
Sichuan,56267,562670,30.033333333333335,101.01666666666667,2602.2
Sichuan,56272,562720,30.816666666666666,103.88333333333334,559.7
Sichuan,56273,562730,30.383333333333333,102.81666666666666,1023.2
Sichuan,56276,562760,30.45,103.81666666666666,468.2
Sichuan,56278,562780,30.066666666666666,102.76666666666667,758.0
Sichuan,56279,562790,30.15,102.93333333333334,683.9
Sichuan,56280,562800,30.083333333333332,103.11666666666666,692.4
Sichuan,56281,562810,30.183333333333334,103.5,512.0
Sichuan,56284,562840,30.45,103.43333333333334,519.5
Sichuan,56285,562850,30.6,103.51666666666667,525.3
Sichuan,56286,562860,30.55,104.25,516.3
Sichuan,56288,562880,30.583333333333332,103.91666666666667,495.8
Sichuan,56289,562890,30.2,103.86666666666666,438.2
Sichuan,56290,562900,30.783333333333335,104.18333333333334,515.7
Sichuan,56296,562960,30.85,104.43333333333334,449.5
Sichuan,56297,562970,30.016666666666666,104.15,437.7
Sichuan,56298,562980,30.133333333333333,104.6,417.9
Sichuan,56357,563570,29.05,100.3,3728.6
Sichuan,56371,563710,29.916666666666668,102.23333333333333,1322.4
Sichuan,56373,563730,29.783333333333335,102.85,763.7
Sichuan,56374,563740,30.05,101.96666666666667,2615.5
Sichuan,56376,563760,29.35,102.63333333333334,1098.7
Sichuan,56378,563780,29.233333333333334,102.35,891.9
Sichuan,56380,563800,29.883333333333333,103.35,572.4
Sichuan,56381,563810,30.066666666666666,103.5,631.4
Sichuan,56382,563820,29.733333333333334,103.6,408.3
Sichuan,56383,563830,29.833333333333332,103.86666666666666,456.4
Sichuan,56384,563840,29.6,103.48333333333333,447.9
Sichuan,56385,563850,29.516666666666666,103.33333333333333,3048.3
Sichuan,56386,563860,29.566666666666666,103.75,425.2
Sichuan,56387,563870,29.233333333333334,103.26666666666667,643.4
Sichuan,56389,563890,29.2,103.95,388.8
Sichuan,56390,563900,29.666666666666668,104.06666666666666,405.6
Sichuan,56391,563910,30.083333333333332,103.81666666666666,416.6
Sichuan,56393,563930,29.766666666666666,104.85,370.9
Sichuan,56394,563940,29.45,104.43333333333334,385.3
Sichuan,56395,563950,29.516666666666666,104.66666666666667,349.5
Sichuan,56396,563960,29.35,104.76666666666667,353.8
Sichuan,56399,563990,29.183333333333334,104.98333333333333,307.4
Sichuan,56441,564410,28.716666666666665,99.28333333333333,2424.1
Sichuan,56443,564430,28.933333333333334,99.8,2843.1
Sichuan,56459,564590,27.933333333333334,101.26666666666667,2424.6
Sichuan,56462,564620,29.0,101.5,2931.4
Sichuan,56473,564730,28.95,102.76666666666667,1061.5
Sichuan,56474,564740,28.55,102.16666666666667,1775.2
Sichuan,56475,564750,28.65,102.51666666666667,1660.1
Sichuan,56478,564780,28.3,102.43333333333334,1819.3
Sichuan,56479,564790,28.0,102.85,2133.7
Sichuan,56480,564800,28.816666666666666,103.53333333333333,565.2
Sichuan,56485,564850,28.266666666666666,103.58333333333333,1254.8
Sichuan,56487,564870,28.333333333333332,103.13333333333334,1945.1
Sichuan,56490,564900,28.95,103.9,425.2
Sichuan,56491,564910,28.7,104.56666666666666,288.2
Sichuan,56492,564920,28.8,104.6,342.1
Sichuan,56493,564930,28.85,104.96666666666667,294.0
Sichuan,56494,564940,28.65,104.15,463.2
Sichuan,56496,564960,28.316666666666666,105.23333333333333,330.0
Sichuan,56498,564980,28.15,104.5,550.2
Sichuan,56499,564990,28.383333333333333,104.78333333333333,369.4
Sichuan,56565,565650,27.433333333333334,101.51666666666667,2545.0
Sichuan,56569,565690,27.416666666666668,102.18333333333334,1381.2
Sichuan,56571,565710,27.9,102.26666666666667,1592.7
Sichuan,56575,565750,27.366666666666667,102.55,1429.2
Sichuan,56578,565780,27.066666666666666,102.75,994.8
Sichuan,56580,565800,27.716666666666665,102.8,2461.5
Sichuan,56584,565840,27.7,103.25,1093.7
Sichuan,56592,565920,28.433333333333334,104.51666666666667,360.9
Sichuan,56593,565930,28.583333333333332,104.91666666666667,281.9
Sichuan,56665,566650,26.683333333333334,101.85,1141.5
Sichuan,56666,566660,26.583333333333332,101.71666666666667,1225.9
Sichuan,56670,566700,26.916666666666668,102.11666666666666,1138.3
Sichuan,56671,566710,26.65,102.25,1788.6
Sichuan,56674,566740,26.5,101.73333333333333,1109.1
Sichuan,56675,566750,26.65,102.58333333333333,1695.7
Sichuan,57204,572040,32.56666666666667,105.21666666666667,783.2
Sichuan,57206,572060,32.43333333333333,105.85,513.5
Sichuan,57208,572080,32.28333333333333,105.51666666666667,545.7
Sichuan,57216,572160,32.35,106.83333333333333,580.5
Sichuan,57217,572170,32.233333333333334,106.28333333333333,486.9
Sichuan,57237,572370,32.06666666666667,108.03333333333333,675.0
Sichuan,57303,573030,31.733333333333334,105.91666666666667,461.1
Sichuan,57306,573060,31.583333333333332,105.96666666666667,385.4
Sichuan,57307,573070,31.1,105.08333333333333,406.1
Sichuan,57308,573080,31.216666666666665,105.38333333333334,422.5
Sichuan,57309,573090,30.983333333333334,105.88333333333334,379.4
Sichuan,57313,573130,31.866666666666667,106.76666666666667,419.0
Sichuan,57314,573140,31.35,106.06666666666666,406.9
Sichuan,57315,573150,31.533333333333335,106.4,656.8
Sichuan,57317,573170,31.033333333333335,106.41666666666667,326.1
Sichuan,57318,573180,31.066666666666666,106.55,339.7
Sichuan,57320,573200,31.933333333333334,107.21666666666667,483.1
Sichuan,57324,573240,31.583333333333332,107.08333333333333,365.1
Sichuan,57326,573260,31.366666666666667,107.71666666666667,390.5
Sichuan,57328,573280,31.2,107.5,344.4
Sichuan,57329,573290,31.1,107.85,468.5
Sichuan,57401,574010,30.866666666666667,105.36666666666666,384.3
Sichuan,57402,574020,30.766666666666666,105.7,395.5
Sichuan,57405,574050,30.5,105.55,355.3
Sichuan,57407,574070,30.283333333333335,105.03333333333333,463.8
Sichuan,57408,574080,30.116666666666667,105.35,339.6
Sichuan,57411,574110,30.783333333333335,106.1,311.0
Sichuan,57413,574130,30.85,106.96666666666667,296.2
Sichuan,57414,574140,30.516666666666666,106.45,404.9
Sichuan,57415,574150,30.533333333333335,106.63333333333334,395.5
Sichuan,57416,574160,30.333333333333332,106.93333333333334,392.5
Sichuan,57417,574170,30.35,106.28333333333333,317.1
Sichuan,57420,574200,30.75,107.18333333333334,419.0
Sichuan,57503,575030,29.616666666666667,105.11666666666666,351.4
Sichuan,57507,575070,29.333333333333332,105.3,386.9
Sichuan,57508,575080,29.15,105.36666666666666,295.0
Sichuan,57600,576000,28.716666666666665,105.06666666666666,421.8
Sichuan,57603,576030,28.816666666666666,105.83333333333333,284.4
Sichuan,57608,576080,28.166666666666668,105.43333333333334,378.6
Tianjin,54428,544280,40.03333333333333,117.4,16.9
Tianjin,54523,545230,39.38333333333333,117.01666666666667,5.7
Tianjin,54525,545250,39.733333333333334,117.28333333333333,6.3
Tianjin,54526,545260,39.083333333333336,117.33333333333333,2.6
Tianjin,54527,545270,39.083333333333336,117.05,4.3
Tianjin,54528,545280,39.233333333333334,117.13333333333334,4.6
Tianjin,54529,545290,39.35,117.81666666666666,5.1
Tianjin,54530,545300,39.233333333333334,117.76666666666667,2.5
Tianjin,54619,546190,38.916666666666664,116.91666666666667,6.7
Tianjin,54622,546220,38.983333333333334,117.36666666666666,3.9
Tianjin,54623,546230,39.05,117.71666666666667,5.7
Tianjin,54645,546450,38.85,117.46666666666667,3.4
Ningxia,53517,535170,39.266666666666666,106.33333333333333,1466.4
Ningxia,53518,535180,39.03333333333333,106.35,1118.7
Ningxia,53519,535190,39.21666666666667,106.76666666666667,1093.1
Ningxia,53603,536030,38.833333333333336,106.36666666666666,1096.0
Ningxia,53610,536100,38.56666666666667,106.35,1107.0
Ningxia,53611,536110,38.88333333333333,106.55,1099.4
Ningxia,53612,536120,37.983333333333334,106.18333333333334,1132.2
Ningxia,53614,536140,38.46666666666667,106.2,1111.6
Ningxia,53615,536150,38.8,106.7,1102.9
Ningxia,53617,536170,38.03333333333333,106.08333333333333,1119.2
Ningxia,53618,536180,38.28333333333333,106.25,1115.5
Ningxia,53619,536190,38.11666666666667,106.3,1117.3
Ningxia,53704,537040,37.53333333333333,105.18333333333334,1226.6
Ningxia,53705,537050,37.483333333333334,105.68333333333334,1184.4
Ningxia,53707,537070,36.93333333333333,105.25,1699.0
Ningxia,53723,537230,37.8,107.38333333333334,1350.4
Ningxia,53727,537270,37.166666666666664,107.11666666666666,1713.5
Ningxia,53806,538060,36.56666666666667,105.65,1854.8
Ningxia,53810,538100,36.96666666666667,105.9,1340.7
Ningxia,53817,538170,36.0,106.26666666666667,1754.2
Ningxia,53881,538810,37.28333333333333,106.48333333333333,1382.9
Ningxia,53903,539030,35.96666666666667,105.71666666666667,1917.9
Ningxia,53910,539100,35.666666666666664,106.2,2839.1
Ningxia,53914,539140,35.61666666666667,106.11666666666666,2079.5
Ningxia,53916,539160,35.5,106.31666666666666,1949.1
Anhui,58015,580150,34.45,116.33333333333333,45.4
Anhui,58016,580160,34.18333333333333,116.96666666666667,35.9
Anhui,58102,581020,33.86666666666667,115.76666666666667,39.2
Anhui,58107,581070,33.016666666666666,115.28333333333333,37.0
Anhui,58108,581080,33.233333333333334,115.33333333333333,35.0
Anhui,58109,581090,33.18333333333333,115.61666666666666,34.2
Anhui,58112,581120,30.733333333333334,116.45,969.4
Anhui,58113,581130,33.93333333333333,116.75,32.8
Anhui,58114,581140,33.483333333333334,116.18333333333334,32.3
Anhui,58116,581160,33.983333333333334,116.83333333333333,32.7
Anhui,58117,581170,33.13333333333333,116.2,29.4
Anhui,58118,581180,33.266666666666666,116.51666666666667,27.2
Anhui,58122,581220,33.63333333333333,116.98333333333333,27.1
Anhui,58125,581250,33.583333333333336,117.51666666666667,24.4
Anhui,58126,581260,33.46666666666667,117.86666666666666,20.7
Anhui,58127,581270,32.983333333333334,117.2,22.4
Anhui,58128,581280,33.333333333333336,117.35,22.2
Anhui,58129,581290,33.15,117.83333333333333,16.1
Anhui,58202,582020,32.666666666666664,115.56666666666666,32.4
Anhui,58203,582030,32.86666666666667,115.73333333333333,33.9
Anhui,58210,582100,32.65,116.23333333333333,26.2
Anhui,58212,582120,32.71666666666667,116.76666666666667,24.2
Anhui,58214,582140,32.333333333333336,116.28333333333333,34.1
Anhui,58215,582150,32.43333333333333,116.78333333333333,26.9
Anhui,58220,582200,32.46666666666667,117.15,29.3
Anhui,58221,582210,32.85,117.3,28.0
Anhui,58222,582220,32.85,117.55,25.6
Anhui,58223,582230,32.8,117.98333333333333,32.6
Anhui,58224,582240,32.65,117.01666666666667,33.6
Anhui,58225,582250,32.53333333333333,117.66666666666667,70.6
Anhui,58234,582340,32.46666666666667,118.41666666666667,41.6
Anhui,58236,582360,32.35,118.25,34.7
Anhui,58240,582400,32.68333333333333,119.01666666666667,22.5
Anhui,58306,583060,31.683333333333334,115.88333333333334,96.5
Anhui,58311,583110,31.733333333333334,116.5,75.3
Anhui,58314,583140,31.4,116.31666666666666,87.6
Anhui,58316,583160,31.466666666666665,116.91666666666667,24.8
Anhui,58317,583170,30.866666666666667,116.36666666666666,435.4
Anhui,58319,583190,31.066666666666666,116.95,86.0
Anhui,58320,583200,31.733333333333334,117.13333333333334,22.8
Anhui,58321,583210,31.783333333333335,117.3,28.2
Anhui,58323,583230,31.883333333333333,117.46666666666667,26.0
Anhui,58326,583260,31.583333333333332,117.83333333333333,31.9
Anhui,58327,583270,31.266666666666666,117.28333333333333,46.4
Anhui,58329,583290,31.333333333333332,117.86666666666666,10.8
Anhui,58330,583300,31.75,118.08333333333333,27.0
Anhui,58331,583310,31.733333333333334,118.36666666666666,23.5
Anhui,58334,583340,31.383333333333333,118.36666666666666,10.7
Anhui,58335,583350,31.566666666666666,118.51666666666667,24.4
Anhui,58336,583360,31.7,118.56666666666666,81.2
Anhui,58337,583370,31.083333333333332,118.18333333333334,28.0
Anhui,58338,583380,31.15,118.58333333333333,18.3
Anhui,58417,584170,30.166666666666668,116.13333333333334,55.9
Anhui,58429,584290,30.983333333333334,117.85,12.2
Anhui,58431,584310,30.9,118.31666666666666,40.2
Anhui,58432,584320,30.683333333333334,118.4,58.4
Anhui,58433,584330,30.933333333333334,118.75,32.2
Anhui,58435,584350,30.3,118.53333333333333,221.3
Anhui,58436,584360,30.616666666666667,118.98333333333333,88.5
Anhui,58437,584370,30.133333333333333,118.15,1841.4
Anhui,58441,584410,30.866666666666667,119.41666666666667,44.3
Anhui,58442,584420,31.166666666666668,119.18333333333334,17.7
Anhui,58520,585200,29.85,117.71666666666667,143.1
Anhui,58523,585230,29.933333333333334,117.93333333333334,228.7
Anhui,58530,585300,29.866666666666667,118.43333333333334,170.1
Anhui,58531,585310,29.716666666666665,118.28333333333333,143.9
Anhui,58534,585340,29.783333333333335,118.18333333333334,171.4
Shandong,54709,547090,37.21666666666667,116.06666666666666,26.9
Shandong,54712,547120,37.2,116.81666666666666,19.7
Shandong,54714,547140,37.45,116.33333333333333,24.8
Shandong,54715,547150,37.31666666666667,116.56666666666666,22.8
Shandong,54716,547160,37.666666666666664,116.8,17.5
Shandong,54722,547220,37.75,117.63333333333334,8.0
Shandong,54723,547230,37.65,117.56666666666666,11.2
Shandong,54724,547240,37.31666666666667,117.13333333333334,15.9
Shandong,54725,547250,37.5,117.53333333333333,12.9
Shandong,54726,547260,37.7,117.18333333333334,12.7
Shandong,54727,547270,36.68333333333333,117.55,123.0
Shandong,54728,547280,37.766666666666666,117.38333333333334,9.6
Shandong,54729,547290,37.166666666666664,117.86666666666666,12.5
Shandong,54734,547340,37.35,118.0,13.4
Shandong,54736,547360,37.43333333333333,118.66666666666667,9.2
Shandong,54744,547440,37.583333333333336,118.55,9.8
Shandong,54749,547490,37.18333333333333,119.95,48.9
Shandong,54751,547510,37.93333333333333,120.73333333333333,43.0
Shandong,54752,547520,37.8,120.76666666666667,61.8
Shandong,54753,547530,37.63333333333333,120.33333333333333,5.7
Shandong,54755,547550,37.333333333333336,120.38333333333334,118.7
Shandong,54759,547590,37.31666666666667,120.85,190.1
Shandong,54764,547640,37.483333333333334,121.23333333333333,55.2
Shandong,54765,547650,37.483333333333334,121.43333333333334,83.0
Shandong,54776,547760,37.4,122.7,46.4
Shandong,54777,547770,37.2,122.06666666666666,119.2
Shandong,54802,548020,36.81666666666667,115.73333333333333,34.9
Shandong,54806,548060,36.416666666666664,115.96666666666667,34.3
Shandong,54807,548070,36.15,115.76666666666667,42.5
Shandong,54808,548080,36.233333333333334,115.63333333333334,39.1
Shandong,54812,548120,36.78333333333333,116.75,23.9
Shandong,54814,548140,36.53333333333333,116.25,30.9
Shandong,54815,548150,36.38333333333333,116.26666666666667,32.6
Shandong,54816,548160,36.516666666666666,116.8,100.1
Shandong,54818,548180,36.25,116.41666666666667,81.0
Shandong,54819,548190,36.18333333333333,116.8,114.9
Shandong,54821,548210,37.0,117.2,21.6
Shandong,54822,548220,36.86666666666667,117.73333333333333,48.6
Shandong,54823,548230,36.6,117.0,171.2
Shandong,54824,548240,36.63333333333333,117.95,95.3
Shandong,54825,548250,36.516666666666666,117.85,190.9
Shandong,54826,548260,36.25,117.1,1536.5
Shandong,54827,548270,36.166666666666664,117.15,129.8
Shandong,54828,548280,36.233333333333334,117.68333333333334,228.6
Shandong,54829,548290,36.766666666666666,117.86666666666666,86.7
Shandong,54830,548300,36.81666666666667,117.93333333333334,35.3
Shandong,54831,548310,36.65,118.5,103.7
Shandong,54832,548320,36.88333333333333,118.73333333333333,27.0
Shandong,54833,548330,36.96666666666667,118.08333333333333,16.3
Shandong,54834,548340,36.86666666666667,118.28333333333333,47.3
Shandong,54835,548350,36.5,118.55,110.6
Shandong,54836,548360,36.18333333333333,118.16666666666667,303.7
Shandong,54837,548370,36.68333333333333,118.83333333333333,80.0
Shandong,54841,548410,36.86666666666667,119.41666666666667,24.7
Shandong,54842,548420,36.78333333333333,120.0,63.3
Shandong,54843,548430,36.75,119.2,22.5
Shandong,54844,548440,36.416666666666664,119.18333333333334,67.5
Shandong,54846,548460,36.38333333333333,119.73333333333333,52.7
Shandong,54848,548480,35.983333333333334,119.41666666666667,81.8
Shandong,54849,548490,36.21666666666667,120.03333333333333,83.9
Shandong,54851,548510,36.9,120.56666666666666,77.8
Shandong,54852,548520,36.96666666666667,120.73333333333333,53.6
Shandong,54853,548530,36.166666666666664,120.41666666666667,43.7
Shandong,54855,548550,36.38333333333333,120.46666666666667,30.2
Shandong,54857,548570,36.06666666666667,120.33333333333333,75.3
Shandong,54861,548610,36.93333333333333,121.53333333333333,47.8
Shandong,54863,548630,36.78333333333333,121.18333333333334,42.0
Shandong,54871,548710,36.93333333333333,122.48333333333333,9.1
Shandong,54904,549040,35.583333333333336,115.51666666666667,51.5
Shandong,54905,549050,35.583333333333336,115.93333333333334,47.4
Shandong,54906,549060,35.25,115.41666666666667,51.1
Shandong,54907,549070,34.983333333333334,116.65,35.4
Shandong,54908,549080,35.266666666666666,115.1,58.2
Shandong,54909,549090,35.083333333333336,115.51666666666667,51.7
Shandong,54910,549100,35.81666666666667,116.05,42.0
Shandong,54911,549110,35.93333333333333,116.4,44.2
Shandong,54912,549120,35.766666666666666,116.5,42.9
Shandong,54913,549130,35.75,116.81666666666666,63.4
Shandong,54914,549140,35.416666666666664,116.08333333333333,41.8
Shandong,54915,549150,35.43333333333333,116.6,34.3
Shandong,54916,549160,35.56666666666667,116.85,60.1
Shandong,54917,549170,35.1,116.31666666666666,37.8
Shandong,54918,549180,35.6,116.96666666666667,63.4
Shandong,54919,549190,35.38333333333333,116.98333333333333,89.7
Shandong,54920,549200,35.65,117.28333333333333,111.5
Shandong,54921,549210,35.416666666666664,116.33333333333333,39.6
Shandong,54922,549220,35.88333333333333,117.78333333333333,225.2
Shandong,54923,549230,35.71666666666667,117.93333333333334,203.4
Shandong,54925,549250,35.516666666666666,117.63333333333334,168.4
Shandong,54927,549270,35.1,117.2,76.1
Shandong,54929,549290,35.266666666666666,117.96666666666667,120.6
Shandong,54932,549320,35.766666666666666,118.65,187.8
Shandong,54935,549350,35.53333333333333,118.43333333333334,120.6
Shandong,54936,549360,35.56666666666667,118.83333333333333,108.4
Shandong,54938,549380,35.05,118.4,66.4
Shandong,54939,549390,35.166666666666664,118.81666666666666,115.0
Shandong,54940,549400,35.75,119.2,146.4
Shandong,54943,549430,35.88333333333333,120.0,11.9
Shandong,54945,549450,35.43333333333333,119.53333333333333,37.1
Shandong,58002,580020,34.85,115.58333333333333,50.2
Shandong,58003,580030,34.95,115.88333333333334,46.6
Shandong,58011,580110,34.8,116.06666666666666,47.4
Shandong,58020,580200,34.8,117.13333333333334,36.2
Shandong,58021,580210,34.78333333333333,117.28333333333333,81.7
Shandong,58022,580220,34.75,117.56666666666666,49.5
Shandong,58024,580240,34.86666666666667,117.58333333333333,78.5
Shandong,58025,580250,34.56666666666667,117.73333333333333,28.8
Shandong,58030,580300,34.88333333333333,118.01666666666667,45.7
Shandong,58032,580320,34.93333333333333,118.65,71.3
Shanxi,53478,534780,40.0,112.45,1346.7
Shanxi,53486,534860,40.36666666666667,113.76666666666667,1051.2
Shanxi,53487,534870,40.083333333333336,113.41666666666667,1053.6
Shanxi,53488,534880,40.03333333333333,113.58333333333333,1035.4
Shanxi,53490,534900,40.43333333333333,114.05,1015.7
Shanxi,53564,535640,39.38333333333333,111.15,862.5
Shanxi,53565,535650,39.43333333333333,111.5,1050.8
Shanxi,53573,535730,40.0,112.7,1337.7
Shanxi,53574,535740,39.516666666666666,112.26666666666667,1408.6
Shanxi,53575,535750,39.1,112.2,1526.2
Shanxi,53576,535760,39.5,112.81666666666666,1045.9
Shanxi,53577,535770,39.0,112.3,1438.7
Shanxi,53578,535780,39.36666666666667,112.43333333333334,1115.7
Shanxi,53579,535790,39.016666666666666,112.9,860.6
Shanxi,53582,535820,39.71666666666667,113.66666666666667,1080.7
Shanxi,53584,535840,39.56666666666667,113.16666666666667,1001.9
Shanxi,53585,535850,39.166666666666664,113.26666666666667,935.2
Shanxi,53588,535880,38.95,113.51666666666667,2209.3
Shanxi,53590,535900,39.75,114.26666666666667,979.4
Shanxi,53594,535940,39.45,114.18333333333334,939.7
Shanxi,53659,536590,37.96666666666667,111.0,1164.1
Shanxi,53660,536600,39.016666666666666,111.08333333333333,893.5
Shanxi,53662,536620,38.71666666666667,111.58333333333333,1397.7
Shanxi,53663,536630,38.916666666666664,111.81666666666666,1402.0
Shanxi,53664,536640,38.46666666666667,111.13333333333334,1013.6
Shanxi,53665,536650,38.28333333333333,111.65,1186.0
Shanxi,53666,536660,38.35,111.93333333333334,1214.1
Shanxi,53669,536690,38.083333333333336,111.8,1151.5
Shanxi,53673,536730,38.733333333333334,112.71666666666667,829.6
Shanxi,53674,536740,38.4,112.7,870.7
Shanxi,53676,536760,38.5,112.98333333333333,760.9
Shanxi,53677,536770,37.93333333333333,112.48333333333333,807.4
Shanxi,53678,536780,38.06666666666667,112.65,902.1
Shanxi,53679,536790,37.75,112.55,777.2
Shanxi,53681,536810,38.833333333333336,113.36666666666666,1097.7
Shanxi,53685,536850,38.06666666666667,113.41666666666667,953.8
Shanxi,53687,536870,37.78333333333333,113.63333333333334,753.8
Shanxi,53753,537530,37.43333333333333,110.88333333333334,861.0
Shanxi,53759,537590,36.983333333333334,110.83333333333333,1110.7
Shanxi,53760,537600,37.88333333333333,111.23333333333333,1213.3
Shanxi,53763,537630,37.916666666666664,112.16666666666667,1008.0
Shanxi,53764,537640,37.5,111.1,951.7
Shanxi,53767,537670,37.333333333333336,111.16666666666667,1212.2
Shanxi,53768,537680,37.15,111.75,774.3
Shanxi,53769,537690,37.25,111.78333333333333,749.1
Shanxi,53770,537700,37.35,112.35,769.9
Shanxi,53771,537710,37.416666666666664,112.05,751.3
Shanxi,53772,537720,37.61666666666667,112.58333333333333,777.3
Shanxi,53774,537740,37.583333333333336,112.36666666666666,760.9
Shanxi,53775,537750,37.416666666666664,112.6,786.7
Shanxi,53776,537760,37.68333333333333,112.76666666666667,831.5
Shanxi,53777,537770,37.53333333333333,112.15,760.2
Shanxi,53778,537780,37.166666666666664,112.21666666666667,780.9
Shanxi,53780,537800,37.9,113.15,1067.6
Shanxi,53782,537820,37.93333333333333,113.61666666666666,768.9
Shanxi,53783,537830,37.6,113.7,880.3
Shanxi,53786,537860,37.083333333333336,113.33333333333333,1154.0
Shanxi,53787,537870,37.06666666666667,112.98333333333333,1042.3
Shanxi,53788,537880,37.333333333333336,113.56666666666666,1267.0
Shanxi,53852,538520,36.766666666666666,110.63333333333334,917.5
Shanxi,53853,538530,36.7,110.95,1053.6
Shanxi,53856,538560,36.46666666666667,110.75,766.8
Shanxi,53859,538590,36.1,110.66666666666667,852.3
Shanxi,53860,538600,36.983333333333334,111.16666666666667,1407.2
Shanxi,53861,538610,35.88333333333333,111.38333333333334,460.5
Shanxi,53862,538620,36.85,111.8,812.5
Shanxi,53863,538630,37.03333333333333,111.91666666666667,745.4
Shanxi,53864,538640,36.4,111.1,1031.1
Shanxi,53865,538650,36.65,111.55,1013.1
Shanxi,53866,538660,36.233333333333334,111.66666666666667,464.1
Shanxi,53868,538680,36.06666666666667,111.5,450.4
Shanxi,53869,538690,36.583333333333336,111.7,551.2
Shanxi,53871,538710,36.833333333333336,112.85,965.8
Shanxi,53872,538720,36.766666666666666,112.68333333333334,961.6
Shanxi,53873,538730,36.1,112.86666666666666,952.5
Shanxi,53874,538740,36.25,111.9,650.0
Shanxi,53875,538750,36.516666666666666,112.35,1001.0
Shanxi,53877,538770,36.166666666666664,112.25,861.0
Shanxi,53878,538780,36.516666666666666,113.38333333333334,769.1
Shanxi,53879,538790,36.31666666666667,112.88333333333334,953.2
Shanxi,53880,538800,36.333333333333336,113.23333333333333,948.9
Shanxi,53882,538820,36.06666666666667,113.03333333333333,1047.9
Shanxi,53884,538840,36.516666666666666,113.03333333333333,878.8
Shanxi,53885,538850,36.11666666666667,113.2,1123.2
Shanxi,53888,538880,36.2,113.43333333333334,1088.6
Shanxi,53953,539530,35.96666666666667,110.85,966.2
Shanxi,53954,539540,35.61666666666667,110.96666666666667,433.5
Shanxi,53956,539560,35.4,110.83333333333333,589.6
Shanxi,53957,539570,35.61666666666667,110.71666666666667,460.0
Shanxi,53958,539580,35.166666666666664,110.78333333333333,436.7
Shanxi,53959,539590,35.05,111.05,366.7
Shanxi,53961,539610,35.65,111.48333333333333,473.4
Shanxi,53962,539620,35.733333333333334,111.7,585.3
Shanxi,53963,539630,35.65,111.36666666666666,435.1
Shanxi,53964,539640,35.61666666666667,111.21666666666667,431.8
Shanxi,53965,539650,35.516666666666666,111.56666666666666,761.9
Shanxi,53966,539660,35.983333333333334,111.83333333333333,818.1
Shanxi,53967,539670,35.333333333333336,111.2,469.8
Shanxi,53968,539680,35.28333333333333,111.66666666666667,505.9
Shanxi,53970,539700,35.7,112.2,887.1
Shanxi,53973,539730,35.766666666666666,112.95,836.6
Shanxi,53975,539750,35.483333333333334,112.4,661.1
Shanxi,53976,539760,35.5,112.86666666666666,753.6
Shanxi,53981,539810,35.78333333333333,113.26666666666667,1313.2
Shanxi,57052,570520,34.88333333333333,110.45,355.1
Shanxi,57053,570530,34.7,110.71666666666667,507.1
Shanxi,57060,570600,35.166666666666664,111.23333333333333,404.2
Shanxi,57061,570610,34.833333333333336,111.2,412.6
Guangdong,57988,579880,25.15,113.35,103.5
Guangdong,57989,579890,25.066666666666666,113.76666666666667,113.6
Guangdong,57996,579960,25.083333333333332,114.25,150.5
Guangdong,59071,590710,24.733333333333334,112.28333333333333,175.1
Guangdong,59072,590720,24.8,112.36666666666666,132.2
Guangdong,59074,590740,24.566666666666666,112.15,301.4
Guangdong,59075,590750,24.483333333333334,112.63333333333334,71.3
Guangdong,59081,590810,24.783333333333335,113.28333333333333,131.9
Guangdong,59082,590820,24.666666666666668,113.6,122.3
Guangdong,59087,590870,23.883333333333333,113.51666666666667,98.2
Guangdong,59088,590880,24.183333333333334,113.41666666666667,75.3
Guangdong,59090,590900,24.95,114.06666666666666,104.1
Guangdong,59094,590940,24.35,114.11666666666666,184.6
Guangdong,59096,590960,24.366666666666667,114.48333333333333,215.7
Guangdong,59097,590970,24.05,114.2,199.3
Guangdong,59099,590990,24.45,114.93333333333334,174.6
Guangdong,59106,591060,24.583333333333332,115.9,153.5
Guangdong,59107,591070,24.116666666666667,115.28333333333333,180.4
Guangdong,59109,591090,24.15,115.73333333333333,124.5
Guangdong,59114,591140,24.65,116.16666666666667,136.4
Guangdong,59116,591160,24.333333333333332,116.7,81.9
Guangdong,59117,591170,24.283333333333335,116.06666666666666,116.9
Guangdong,59264,592640,23.4,111.5,84.3
Guangdong,59268,592680,23.25,111.53333333333333,30.1
Guangdong,59269,592690,23.166666666666668,111.78333333333333,47.8
Guangdong,59270,592700,23.916666666666668,112.18333333333334,85.6
Guangdong,59271,592710,23.633333333333333,112.43333333333334,58.2
Guangdong,59276,592760,23.35,112.65,41.0
Guangdong,59278,592780,23.033333333333335,112.45,41.9
Guangdong,59279,592790,23.183333333333334,112.86666666666666,25.0
Guangdong,59280,592800,23.716666666666665,113.08333333333333,79.9
Guangdong,59284,592840,23.416666666666668,113.23333333333333,39.8
Guangdong,59285,592850,23.566666666666666,113.6,39.2
Guangdong,59287,592870,23.216666666666665,113.48333333333333,71.5
Guangdong,59288,592880,23.15,113.01666666666667,30.3
Guangdong,59289,592890,22.966666666666665,113.73333333333333,56.8
Guangdong,59290,592900,23.783333333333335,114.25,86.0
Guangdong,59293,592930,23.8,114.73333333333333,71.6
Guangdong,59294,592940,23.333333333333332,113.83333333333333,31.5
Guangdong,59297,592970,23.183333333333334,114.28333333333333,17.9
Guangdong,59298,592980,23.066666666666666,114.36666666666666,109.3
Guangdong,59303,593030,23.916666666666668,115.75,136.8
Guangdong,59304,593040,23.633333333333333,115.18333333333334,177.6
Guangdong,59306,593060,23.45,115.85,81.5
Guangdong,59310,593100,23.766666666666666,116.18333333333334,46.2
Guangdong,59312,593120,23.666666666666668,116.7,61.5
Guangdong,59313,593130,23.683333333333334,116.98333333333333,45.5
Guangdong,59314,593140,23.3,116.13333333333334,29.8
Guangdong,59315,593150,23.583333333333332,116.4,44.0
Guangdong,59316,593160,23.4,116.68333333333334,3.9
Guangdong,59317,593170,23.033333333333335,116.3,15.3
Guangdong,59318,593180,23.266666666666666,116.58333333333333,6.7
Guangdong,59319,593190,23.433333333333334,116.83333333333333,4.6
Guangdong,59324,593240,23.433333333333334,117.03333333333333,8.0
Guangdong,59456,594560,22.35,110.93333333333334,142.2
Guangdong,59462,594620,22.7,111.6,60.9
Guangdong,59469,594690,22.166666666666668,111.78333333333333,38.6
Guangdong,59470,594700,22.7,112.2,58.2
Guangdong,59471,594710,22.933333333333334,112.05,102.6
Guangdong,59473,594730,22.766666666666666,112.96666666666667,20.6
Guangdong,59475,594750,22.4,112.65,28.5
Guangdong,59476,594760,22.533333333333335,113.03333333333333,37.1
Guangdong,59477,594770,22.266666666666666,112.23333333333333,68.5
Guangdong,59478,594780,22.25,112.78333333333333,33.7
Guangdong,59480,594800,22.85,113.25,22.4
Guangdong,59481,594810,22.933333333333334,113.31666666666666,13.2
Guangdong,59485,594850,22.5,113.4,34.5
Guangdong,59487,594870,22.233333333333334,113.3,24.3
Guangdong,59488,594880,22.283333333333335,113.56666666666666,52.3
Guangdong,59492,594920,22.966666666666665,114.73333333333333,48.2
Guangdong,59493,594930,22.533333333333335,114.0,63.9
Guangdong,59500,595000,22.966666666666665,115.31666666666666,7.3
Guangdong,59501,595010,22.8,115.36666666666666,17.7
Guangdong,59502,595020,22.95,115.65,6.4
Guangdong,59650,596500,21.4,110.25,32.3
Guangdong,59653,596530,21.933333333333334,110.85,32.0
Guangdong,59654,596540,21.633333333333333,110.3,30.0
Guangdong,59655,596550,21.65,110.61666666666666,33.0
Guangdong,59656,596560,21.4,110.81666666666666,28.0
Guangdong,59658,596580,21.15,110.3,54.1
Guangdong,59659,596590,21.75,110.91666666666667,34.1
Guangdong,59663,596630,21.833333333333332,111.96666666666667,90.8
Guangdong,59664,596640,21.533333333333335,110.98333333333333,32.4
Guangdong,59673,596730,21.733333333333334,112.76666666666667,22.3
Guangdong,59750,597500,20.966666666666665,110.06666666666666,34.1
Guangdong,59754,597540,20.333333333333332,110.18333333333334,56.7
Guangxi,57859,578590,26.033333333333335,110.63333333333334,409.6
Guangxi,57927,579270,24.966666666666665,107.18333333333334,288.5
Guangxi,57941,579410,25.783333333333335,109.6,198.4
Guangxi,57942,579420,25.8,110.0,269.2
Guangxi,57947,579470,25.216666666666665,109.4,122.5
Guangxi,57948,579480,25.083333333333332,109.25,123.9
Guangxi,57949,579490,24.983333333333334,110.0,158.0
Guangxi,57954,579540,25.233333333333334,110.18333333333334,158.8
Guangxi,57955,579550,25.616666666666667,110.66666666666667,225.2
Guangxi,57956,579560,25.416666666666668,110.31666666666666,169.1
Guangxi,57957,579570,25.316666666666666,110.3,165.6
Guangxi,57960,579600,25.933333333333334,111.06666666666666,196.8
Guangxi,57964,579640,25.5,111.15,264.3
Guangxi,59001,590010,24.783333333333335,105.33333333333333,673.4
Guangxi,59004,590040,24.5,105.1,727.1
Guangxi,59012,590120,24.783333333333335,106.55,973.4
Guangxi,59015,590150,24.35,106.56666666666666,439.1
Guangxi,59017,590170,24.266666666666666,106.26666666666667,279.4
Guangxi,59021,590210,24.55,107.03333333333333,510.6
Guangxi,59023,590230,24.7,108.03333333333333,261.2
Guangxi,59025,590250,24.533333333333335,107.38333333333334,250.0
Guangxi,59027,590270,24.133333333333333,107.25,256.1
Guangxi,59031,590310,24.816666666666666,108.26666666666667,343.5
Guangxi,59034,590340,24.483333333333334,108.66666666666667,151.9
Guangxi,59037,590370,23.933333333333334,108.1,172.0
Guangxi,59038,590380,24.066666666666666,108.65,139.7
Guangxi,59041,590410,24.65,109.25,109.4
Guangxi,59044,590440,24.466666666666665,109.38333333333334,98.7
Guangxi,59045,590450,24.483333333333334,109.75,95.9
Guangxi,59046,590460,24.35,109.4,97.8
Guangxi,59047,590470,24.25,109.33333333333333,102.1
Guangxi,59052,590520,24.833333333333332,110.81666666666666,170.8
Guangxi,59053,590530,24.616666666666667,110.66666666666667,107.0
Guangxi,59055,590550,24.5,110.4,166.9
Guangxi,59057,590570,24.133333333333333,110.18333333333334,832.1
Guangxi,59058,590580,24.2,110.51666666666667,183.1
Guangxi,59059,590590,24.183333333333334,110.8,107.0
Guangxi,59065,590650,24.416666666666668,111.5,149.9
Guangxi,59209,592090,23.416666666666668,105.83333333333333,795.1
Guangxi,59211,592110,23.9,106.6,175.9
Guangxi,59215,592150,23.333333333333332,106.63333333333334,681.2
Guangxi,59218,592180,23.133333333333333,106.41666666666667,741.1
Guangxi,59224,592240,23.6,107.11666666666666,112.4
Guangxi,59227,592270,23.116666666666667,107.13333333333334,455.4
Guangxi,59228,592280,23.316666666666666,107.58333333333333,110.0
Guangxi,59229,592290,23.166666666666668,107.7,126.9
Guangxi,59230,592300,23.716666666666665,108.16666666666667,169.2
Guangxi,59235,592350,23.433333333333334,108.61666666666666,116.8
Guangxi,59237,592370,23.166666666666668,108.28333333333333,112.8
Guangxi,59238,592380,23.216666666666665,108.8,123.7
Guangxi,59241,592410,23.966666666666665,109.68333333333334,91.7
Guangxi,59242,592420,23.75,109.23333333333333,86.1
Guangxi,59246,592460,23.6,109.66666666666667,71.2
Guangxi,59255,592550,23.55,110.38333333333334,33.7
Guangxi,59256,592560,23.366666666666667,110.91666666666667,55.9
Guangxi,59265,592650,23.483333333333334,111.3,116.0
Guangxi,59266,592660,23.416666666666668,111.23333333333333,43.7
Guangxi,59419,594190,22.1,106.75,243.4
Guangxi,59421,594210,22.833333333333332,107.2,256.3
Guangxi,59429,594290,22.183333333333334,108.01666666666667,217.2
Guangxi,59431,594310,22.633333333333333,108.21666666666667,122.6
Guangxi,59432,594320,22.8,108.4,195.6
Guangxi,59435,594350,22.766666666666666,108.48333333333333,75.9
Guangxi,59441,594410,22.7,109.25,79.7
Guangxi,59446,594460,22.416666666666668,109.3,67.8
Guangxi,59448,594480,22.266666666666666,109.55,70.8
Guangxi,59449,594490,22.3,109.98333333333333,87.1
Guangxi,59451,594510,22.7,110.35,99.4
Guangxi,59452,594520,22.833333333333332,110.53333333333333,132.7
Guangxi,59454,594540,22.95,111.0,203.2
Guangxi,59457,594570,22.316666666666666,110.26666666666667,122.8
Guangxi,59632,596320,21.95,108.61666666666666,5.8
Guangxi,59635,596350,21.616666666666667,108.35,32.5
Guangxi,59640,596400,21.666666666666668,109.18333333333334,6.6
Guangxi,59644,596440,21.45,109.13333333333334,14.0
Xinjiang,51053,510530,48.05,86.4,533.7
Xinjiang,51058,510580,47.1,87.96666666666667,564.3
Xinjiang,51060,510600,47.7,86.86666666666666,475.6
Xinjiang,51068,510680,47.11666666666667,87.46666666666667,502.7
Xinjiang,51076,510760,47.733333333333334,88.08333333333333,736.5
Xinjiang,51087,510870,46.983333333333334,89.51666666666667,809.7
Xinjiang,51133,511330,46.733333333333334,83.0,536.0
Xinjiang,51137,511370,46.2,82.93333333333334,715.7
Xinjiang,51145,511450,46.55,83.65,523.6
Xinjiang,51156,511560,46.78333333333333,85.71666666666667,1294.2
Xinjiang,51232,512320,45.18333333333333,82.56666666666666,337.1
Xinjiang,51238,512380,44.9,82.06666666666666,533.2
Xinjiang,51241,512410,45.93333333333333,83.6,1077.1
Xinjiang,51243,512430,45.61666666666667,84.85,450.7
Xinjiang,51334,513340,44.56666666666667,82.81666666666666,330.2
Xinjiang,51357,513570,44.333333333333336,85.61666666666666,524.3
Xinjiang,51359,513590,44.31666666666667,86.2,473.6
Xinjiang,51367,513670,44.166666666666664,86.85,576.2
Xinjiang,51368,513680,44.11666666666667,87.31666666666666,516.7
Xinjiang,51369,513690,43.96666666666667,87.65,601.2
Xinjiang,51377,513770,44.166666666666664,87.91666666666667,547.9
Xinjiang,51378,513780,44.016666666666666,89.16666666666667,735.9
Xinjiang,51468,514680,43.1,86.83333333333333,3543.8
Xinjiang,51469,514690,43.45,87.18333333333334,1928.5
Xinjiang,51470,514700,43.88333333333333,88.11666666666666,1943.3
Xinjiang,51477,514770,43.35,88.31666666666666,1104.4
Xinjiang,51482,514820,43.833333333333336,90.28333333333333,1272.5
Xinjiang,51526,515260,42.233333333333334,88.21666666666667,924.0
Xinjiang,51542,515420,43.03333333333333,84.15,2459.4
Xinjiang,51567,515670,42.083333333333336,86.56666666666666,1056.5
Xinjiang,51571,515710,42.8,88.63333333333334,2.0
Xinjiang,51572,515720,42.833333333333336,89.25,-47.4
Xinjiang,51573,515730,42.93333333333333,89.2,35.2
Xinjiang,51627,516270,41.21666666666667,79.23333333333333,1397.7
Xinjiang,51628,516280,41.166666666666664,80.23333333333333,1105.0
Xinjiang,51636,516360,41.55,82.65,1010.8
Xinjiang,51639,516390,41.233333333333334,82.78333333333333,982.5
Xinjiang,51656,516560,41.75,86.13333333333334,932.5
Xinjiang,51704,517040,39.71666666666667,76.16666666666667,1299.5
Xinjiang,51705,517050,39.71666666666667,75.25,2176.7
Xinjiang,51707,517070,39.5,76.73333333333333,1209.6
Xinjiang,51709,517090,39.483333333333334,75.75,1386.7
Xinjiang,51717,517170,39.25,76.78333333333333,1207.8
Xinjiang,51720,517200,40.5,79.05,1162.5
Xinjiang,51722,517220,40.65,80.4,1045.1
Xinjiang,51730,517300,40.55,81.26666666666667,1013.1
Xinjiang,51747,517470,39.0,83.66666666666667,1100.0
Xinjiang,51765,517650,40.63333333333333,87.7,847.7
Xinjiang,51802,518020,38.93333333333333,76.16666666666667,1299.1
Xinjiang,51810,518100,38.916666666666664,77.63333333333334,1179.2
Xinjiang,51811,518110,38.43333333333333,77.26666666666667,1232.2
Xinjiang,51814,518140,37.916666666666664,77.4,1360.4
Xinjiang,51815,518150,38.2,77.26666666666667,1275.7
Xinjiang,51818,518180,37.61666666666667,78.28333333333333,1376.4
Xinjiang,51826,518260,37.016666666666666,80.8,1337.0
Xinjiang,51827,518270,37.166666666666664,79.63333333333334,1350.1
Xinjiang,51828,518280,37.13333333333333,79.93333333333334,1376.0
Xinjiang,51829,518290,37.083333333333336,80.16666666666667,1349.0
Xinjiang,51839,518390,37.06666666666667,82.71666666666667,1410.5
Xinjiang,51855,518550,38.15,85.55,1248.4
Xinjiang,51931,519310,36.85,81.65,1423.3
Xinjiang,52101,521010,43.6,93.05,1680.4
Xinjiang,52112,521120,43.75,94.98333333333333,480.0
Xinjiang,52118,521180,43.266666666666666,94.7,1729.6
Xinjiang,52203,522030,42.81666666666667,93.51666666666667,738.3
Xinjiang,52313,523130,41.53333333333333,94.66666666666667,1574.8
Jiangsu,58012,580120,34.68333333333333,116.58333333333333,43.6
Jiangsu,58013,580130,34.75,116.9,36.8
Jiangsu,58026,580260,34.4,118.01666666666667,26.5
Jiangsu,58027,580270,34.28333333333333,117.15,42.0
Jiangsu,58035,580350,34.333333333333336,118.35,31.3
Jiangsu,58036,580360,34.55,118.71666666666667,34.1
Jiangsu,58038,580380,34.083333333333336,118.78333333333333,7.8
Jiangsu,58040,580400,34.85,119.13333333333334,10.8
Jiangsu,58041,580410,34.78333333333333,119.43333333333334,22.0
Jiangsu,58044,580440,34.53333333333333,119.23333333333333,4.7
Jiangsu,58045,580450,34.2,119.6,8.4
Jiangsu,58047,580470,34.25,119.23333333333333,5.3
Jiangsu,58048,580480,34.11666666666667,119.35,9.1
Jiangsu,58049,580490,34.016666666666666,119.8,4.4
Jiangsu,58130,581300,33.93333333333333,117.95,24.5
Jiangsu,58131,581310,33.96666666666667,118.21666666666667,26.0
Jiangsu,58132,581320,33.71666666666667,118.68333333333334,19.1
Jiangsu,58135,581350,33.483333333333334,118.21666666666667,19.5
Jiangsu,58138,581380,32.983333333333334,118.51666666666667,42.8
Jiangsu,58139,581390,33.3,118.91666666666667,12.0
Jiangsu,58140,581400,33.766666666666666,119.3,13.4
Jiangsu,58141,581410,33.63333333333333,118.93333333333334,13.7
Jiangsu,58143,581430,33.8,119.85,6.1
Jiangsu,58145,581450,33.5,119.15,8.4
Jiangsu,58146,581460,33.46666666666667,119.76666666666667,11.8
Jiangsu,58147,581470,32.983333333333334,118.96666666666667,28.6
Jiangsu,58148,581480,33.233333333333334,119.3,11.5
Jiangsu,58150,581500,33.75,120.3,3.0
Jiangsu,58154,581540,33.43333333333333,120.2,6.8
Jiangsu,58158,581580,33.2,120.48333333333333,7.1
Jiangsu,58235,582350,32.36666666666667,118.85,12.3
Jiangsu,58237,582370,32.06666666666667,118.58333333333333,44.8
Jiangsu,58238,582380,31.933333333333334,118.9,36.4
Jiangsu,58241,582410,32.8,119.45,9.6
Jiangsu,58242,582420,32.3,119.16666666666667,23.5
Jiangsu,58243,582430,32.95,119.81666666666666,4.5
Jiangsu,58244,582440,32.45,119.58333333333333,14.4
Jiangsu,58245,582450,32.416666666666664,119.41666666666667,14.7
Jiangsu,58246,582460,32.55,120.0,3.4
Jiangsu,58247,582470,32.266666666666666,119.8,6.3
Jiangsu,58249,582490,32.166666666666664,120.0,8.5
Jiangsu,58250,582500,32.516666666666666,120.15,10.5
Jiangsu,58251,582510,32.85,120.28333333333333,4.1
Jiangsu,58252,582520,32.18333333333333,119.46666666666667,32.3
Jiangsu,58254,582540,32.516666666666666,120.45,10.2
Jiangsu,58255,582550,32.36666666666667,120.56666666666666,7.1
Jiangsu,58257,582570,31.983333333333334,120.25,12.6
Jiangsu,58259,582590,32.083333333333336,120.98333333333333,4.6
Jiangsu,58264,582640,32.333333333333336,121.18333333333334,11.1
Jiangsu,58265,582650,32.06666666666667,121.6,6.5
Jiangsu,58268,582680,32.1,121.08333333333333,9.8
Jiangsu,58269,582690,31.783333333333335,121.65,12.5
Jiangsu,58339,583390,31.333333333333332,118.9,20.9
Jiangsu,58340,583400,31.65,119.03333333333333,27.0
Jiangsu,58341,583410,31.983333333333334,119.6,10.2
Jiangsu,58342,583420,31.716666666666665,119.55,7.7
Jiangsu,58344,583440,31.966666666666665,119.2,35.0
Jiangsu,58345,583450,31.433333333333334,119.48333333333333,8.1
Jiangsu,58346,583460,31.333333333333332,119.81666666666666,15.8
Jiangsu,58349,583490,31.416666666666668,120.56666666666666,8.9
Jiangsu,58351,583510,31.9,120.3,12.2
Jiangsu,58352,583520,31.65,120.76666666666667,13.5
Jiangsu,58353,583530,31.866666666666667,120.56666666666666,10.9
Jiangsu,58354,583540,31.616666666666667,120.35,4.1
Jiangsu,58356,583560,31.4,121.0,7.5
Jiangsu,58358,583580,31.066666666666666,120.43333333333334,21.0
Jiangsu,58359,583590,31.133333333333333,120.61666666666666,8.5
Jiangsu,58360,583600,31.916666666666668,121.2,6.5
Jiangsu,58377,583770,31.516666666666666,121.1,6.7
Jiangxi,57598,575980,29.033333333333335,114.58333333333333,144.4
Jiangxi,57694,576940,28.533333333333335,114.38333333333334,261.0
Jiangxi,57696,576960,28.4,114.78333333333333,92.9
Jiangxi,57698,576980,28.116666666666667,114.45,99.7
Jiangxi,57699,576990,28.233333333333334,114.91666666666667,67.8
Jiangxi,57783,577830,27.883333333333333,113.81666666666666,117.0
Jiangxi,57786,577860,27.633333333333333,113.85,118.7
Jiangxi,57789,577890,27.133333333333333,113.95,195.7
Jiangxi,57792,577920,27.816666666666666,114.68333333333334,94.9
Jiangxi,57793,577930,27.8,114.38333333333334,132.3
Jiangxi,57794,577940,27.633333333333333,114.01666666666667,173.2
Jiangxi,57796,577960,27.833333333333332,114.88333333333334,190.3
Jiangxi,57798,577980,27.4,114.6,87.1
Jiangxi,57799,577990,27.05,114.91666666666667,73.7
Jiangxi,57883,578830,26.75,114.28333333333333,257.1
Jiangxi,57891,578910,26.933333333333334,114.25,154.0
Jiangxi,57894,578940,26.583333333333332,114.16666666666667,848.4
Jiangxi,57895,578950,26.466666666666665,114.78333333333333,102.8
Jiangxi,57896,578960,26.333333333333332,114.5,127.3
Jiangxi,57899,578990,26.8,114.91666666666667,72.6
Jiangxi,57990,579900,25.7,114.3,248.1
Jiangxi,57991,579910,25.8,114.55,141.9
Jiangxi,57992,579920,25.666666666666668,114.75,128.2
Jiangxi,57993,579930,25.866666666666667,115.0,138.7
Jiangxi,57994,579940,25.4,114.35,216.8
Jiangxi,57995,579950,25.4,114.93333333333334,165.4
Jiangxi,58502,585020,29.733333333333334,116.0,37.1
Jiangxi,58503,585030,29.7,115.66666666666667,42.4
Jiangxi,58505,585050,29.616666666666667,115.9,57.0
Jiangxi,58506,585060,29.583333333333332,115.98333333333333,1165.4
Jiangxi,58507,585070,29.25,115.11666666666666,117.1
Jiangxi,58508,585080,29.333333333333332,115.76666666666667,42.5
Jiangxi,58509,585090,29.05,115.81666666666666,37.8
Jiangxi,58510,585100,29.733333333333334,116.23333333333333,41.3
Jiangxi,58512,585120,29.9,116.55,72.5
Jiangxi,58514,585140,29.45,116.05,38.3
Jiangxi,58517,585170,29.266666666666666,116.2,36.7
Jiangxi,58519,585190,29.0,116.68333333333334,45.3
Jiangxi,58524,585240,29.366666666666667,117.21666666666667,87.3
Jiangxi,58527,585270,29.3,117.2,62.9
Jiangxi,58529,585290,29.266666666666666,117.85,82.1
Jiangxi,58600,586000,28.866666666666667,115.36666666666666,80.1
Jiangxi,58601,586010,28.7,115.38333333333334,54.9
Jiangxi,58602,586020,28.85,115.55,39.8
Jiangxi,58605,586050,28.416666666666668,115.38333333333334,48.3
Jiangxi,58606,586060,28.6,115.91666666666667,47.9
Jiangxi,58607,586070,28.55,115.95,32.9
Jiangxi,58608,586080,28.066666666666666,115.55,35.4
Jiangxi,58609,586090,28.216666666666665,115.81666666666666,28.2
Jiangxi,58612,586120,28.7,116.68333333333334,22.3
Jiangxi,58614,586140,28.383333333333333,116.26666666666667,35.5
Jiangxi,58615,586150,28.683333333333334,117.08333333333333,57.2
Jiangxi,58616,586160,28.2,116.81666666666666,41.9
Jiangxi,58618,586180,28.266666666666666,116.6,83.6
Jiangxi,58619,586190,28.0,116.36666666666666,50.2
Jiangxi,58620,586200,29.016666666666666,117.1,52.4
Jiangxi,58622,586220,28.95,117.58333333333333,89.7
Jiangxi,58623,586230,28.466666666666665,117.91666666666667,91.6
Jiangxi,58624,586240,28.4,117.43333333333334,71.0
Jiangxi,58625,586250,28.416666666666668,117.6,80.2
Jiangxi,58626,586260,28.316666666666666,117.25,57.6
Jiangxi,58627,586270,28.25,117.03333333333333,57.0
Jiangxi,58629,586290,28.283333333333335,117.7,101.4
Jiangxi,58634,586340,28.683333333333334,118.25,117.5
Jiangxi,58635,586350,28.433333333333334,118.2,96.3
Jiangxi,58637,586370,28.45,117.98333333333333,119.2
Jiangxi,58693,586930,28.7,115.83333333333333,41.2
Jiangxi,58701,587010,27.766666666666666,115.4,47.7
Jiangxi,58704,587040,27.616666666666667,115.35,54.0
Jiangxi,58705,587050,27.333333333333332,115.41666666666667,86.9
Jiangxi,58706,587060,27.433333333333334,115.83333333333333,183.0
Jiangxi,58707,587070,27.216666666666665,115.13333333333334,67.4
Jiangxi,58710,587100,27.766666666666666,116.05,79.8
Jiangxi,58712,587120,27.916666666666668,116.78333333333333,131.0
Jiangxi,58713,587130,27.716666666666665,117.06666666666666,225.8
Jiangxi,58714,587140,27.55,116.23333333333333,121.6
Jiangxi,58715,587150,27.583333333333332,116.65,82.0
Jiangxi,58718,587180,27.216666666666665,116.53333333333333,112.5
Jiangxi,58719,587190,27.3,116.93333333333334,132.1
Jiangxi,58804,588040,26.35,115.35,152.2
Jiangxi,58806,588060,26.483333333333334,116.01666666666667,210.3
Jiangxi,58813,588130,26.85,116.33333333333333,141.5
Jiangxi,58814,588140,26.35,116.35,248.6
Jiangxi,58903,589030,25.9,116.03333333333333,209.2
Jiangxi,58905,589050,25.966666666666665,115.41666666666667,134.4
Jiangxi,58906,589060,25.6,115.8,168.4
Jiangxi,58907,589070,25.15,115.4,306.2
Jiangxi,59091,590910,24.75,114.51666666666667,278.2
Jiangxi,59092,590920,24.916666666666668,114.81666666666666,207.5
Jiangxi,59093,590930,24.783333333333335,115.03333333333333,254.2
Jiangxi,59102,591020,24.95,115.65,302.6
Hebei,53392,533920,41.85,114.6,1423.5
Hebei,53397,533970,41.1,113.98333333333333,1377.7
Hebei,53399,533990,41.15,114.7,1394.4
Hebei,53491,534910,40.666666666666664,114.38333333333334,838.8
Hebei,53492,534920,40.1,114.15,938.7
Hebei,53498,534980,40.56666666666667,115.03333333333333,630.5
Hebei,53499,534990,40.766666666666666,114.73333333333333,756.2
Hebei,53593,535930,39.833333333333336,114.56666666666666,910.5
Hebei,53596,535960,38.85,115.13333333333334,53.4
Hebei,53599,535990,39.36666666666667,114.68333333333334,885.6
Hebei,53680,536800,38.3,114.38333333333334,110.1
Hebei,53682,536820,38.63333333333333,114.68333333333334,105.3
Hebei,53688,536880,38.416666666666664,114.55,101.8
Hebei,53689,536890,38.016666666666666,115.06666666666666,43.5
Hebei,53690,536900,38.85,114.18333333333334,283.1
Hebei,53691,536910,38.15,114.56666666666666,72.1
Hebei,53692,536920,38.733333333333334,114.98333333333333,67.6
Hebei,53693,536930,38.03333333333333,114.13333333333334,256.6
Hebei,53694,536940,38.266666666666666,114.21666666666667,132.0
Hebei,53695,536950,38.35,114.68333333333334,72.0
Hebei,53696,536960,38.55,115.01666666666667,42.3
Hebei,53697,536970,38.03333333333333,114.83333333333333,54.6
Hebei,53699,536990,38.18333333333333,114.95,46.6
Hebei,53773,537730,36.333333333333336,114.61666666666666,65.8
Hebei,53781,537810,36.86666666666667,114.46666666666667,69.0
Hebei,53784,537840,37.75,114.78333333333333,39.6
Hebei,53785,537850,37.516666666666666,114.66666666666667,36.2
Hebei,53789,537890,37.88333333333333,114.63333333333334,54.0
Hebei,53790,537900,37.63333333333333,114.6,45.7
Hebei,53791,537910,37.766666666666666,114.51666666666667,67.5
Hebei,53792,537920,37.45,114.48333333333333,114.2
Hebei,53794,537940,37.35,114.75,34.3
Hebei,53795,537950,37.65,114.36666666666666,138.5
Hebei,53796,537960,37.61666666666667,114.88333333333334,31.8
Hebei,53797,537970,37.28333333333333,114.51666666666667,75.1
Hebei,53798,537980,37.06666666666667,114.5,78.5
Hebei,53799,537990,37.233333333333334,114.98333333333333,27.1
Hebei,53883,538830,37.13333333333333,114.7,37.7
Hebei,53886,538860,36.56666666666667,113.66666666666667,471.6
Hebei,53890,538900,36.666666666666664,114.1,281.3
Hebei,53891,538910,37.016666666666666,114.68333333333334,44.2
Hebei,53892,538920,36.61666666666667,114.46666666666667,67.7
Hebei,53893,538930,36.766666666666666,114.95,40.8
Hebei,53894,538940,36.4,114.2,150.5
Hebei,53895,538950,36.78333333333333,114.5,61.8
Hebei,53896,538960,36.35,114.95,51.3
Hebei,53897,538970,36.38333333333333,114.38333333333334,70.9
Hebei,53899,538990,36.483333333333334,114.96666666666667,49.7
Hebei,53980,539800,36.55,114.8,51.3
Hebei,53996,539960,36.45,114.65,59.0
Hebei,54301,543010,41.666666666666664,115.66666666666667,1413.1
Hebei,54304,543040,40.95,115.26666666666667,1241.1
Hebei,54308,543080,41.2,116.63333333333334,736.3
Hebei,54311,543110,41.96666666666667,117.76666666666667,893.8
Hebei,54318,543180,41.31666666666667,117.73333333333333,562.8
Hebei,54319,543190,41.0,118.66666666666667,503.3
Hebei,54401,544010,40.766666666666666,114.91666666666667,774.1
Hebei,54404,544040,40.88333333333333,115.83333333333333,868.7
Hebei,54405,544050,40.416666666666664,115.5,572.1
Hebei,54408,544080,40.38333333333333,115.21666666666667,530.7
Hebei,54420,544200,40.93333333333333,117.33333333333333,530.1
Hebei,54423,544230,40.96666666666667,117.91666666666667,423.5
Hebei,54425,544250,40.4,117.46666666666667,634.4
Hebei,54429,544290,40.2,117.95,56.1
Hebei,54430,544300,40.766666666666666,118.15,270.3
Hebei,54432,544320,40.6,118.48333333333333,305.8
Hebei,54434,544340,40.166666666666664,118.33333333333333,132.8
Hebei,54436,544360,40.416666666666664,118.95,255.4
Hebei,54437,544370,39.5,118.61666666666666,19.3
Hebei,54438,544380,39.88333333333333,118.88333333333334,66.1
Hebei,54439,544390,40.016666666666666,118.71666666666667,52.0
Hebei,54449,544490,39.85,119.51666666666667,3.5
Hebei,54502,545020,39.483333333333334,116.03333333333333,30.4
Hebei,54503,545030,39.06666666666667,115.81666666666666,14.0
Hebei,54506,545060,39.31666666666667,115.95,25.7
Hebei,54507,545070,39.333333333333336,115.51666666666667,50.8
Hebei,54510,545100,39.916666666666664,116.95,19.3
Hebei,54512,545120,39.416666666666664,116.28333333333333,22.6
Hebei,54515,545150,39.5,116.7,14.8
Hebei,54518,545180,39.166666666666664,116.4,10.4
Hebei,54519,545190,39.3,116.48333333333333,13.4
Hebei,54520,545200,39.96666666666667,117.08333333333333,19.3
Hebei,54521,545210,39.766666666666666,116.98333333333333,14.2
Hebei,54522,545220,39.88333333333333,117.73333333333333,15.6
Hebei,54531,545310,39.733333333333334,118.71666666666667,44.1
Hebei,54532,545320,39.8,118.08333333333333,32.8
Hebei,54533,545330,39.583333333333336,118.1,10.1
Hebei,54534,545340,39.65,118.1,24.5
Hebei,54535,545350,39.28333333333333,118.46666666666667,4.4
Hebei,54539,545390,39.43333333333333,118.88333333333334,9.7
Hebei,54540,545400,39.733333333333334,119.2,18.7
Hebei,54541,545410,39.9,119.23333333333333,25.4
Hebei,54601,546010,38.983333333333334,115.65,14.3
Hebei,54602,546020,38.733333333333334,115.48333333333333,17.9
Hebei,54603,546030,38.71666666666667,115.76666666666667,11.2
Hebei,54604,546040,38.416666666666664,115.33333333333333,30.8
Hebei,54605,546050,38.93333333333333,115.93333333333334,5.6
Hebei,54606,546060,38.233333333333334,115.73333333333333,20.2
Hebei,54607,546070,38.71666666666667,115.11666666666666,46.2
Hebei,54608,546080,38.0,115.55,27.3
Hebei,54609,546090,38.233333333333334,115.58333333333333,23.6
Hebei,54610,546100,38.733333333333334,116.1,9.2
Hebei,54611,546110,38.93333333333333,115.31666666666666,45.9
Hebei,54612,546120,38.85,116.45,5.4
Hebei,54613,546130,38.7,116.61666666666666,8.0
Hebei,54614,546140,38.416666666666664,116.05,12.4
Hebei,54615,546150,38.583333333333336,116.85,9.3
Hebei,54616,546160,38.35,116.85,9.1
Hebei,54617,546170,38.18333333333333,116.11666666666666,14.4
Hebei,54618,546180,38.083333333333336,116.55,14.3
Hebei,54620,546200,38.483333333333334,115.56666666666666,19.7
Hebei,54621,546210,38.18333333333333,115.18333333333334,39.3
Hebei,54624,546240,38.4,117.31666666666666,6.0
Hebei,54626,546260,38.416666666666664,115.81666666666666,15.1
Hebei,54627,546270,38.03333333333333,117.23333333333333,9.4
Hebei,54628,546280,38.15,117.48333333333333,7.6
Hebei,54631,546310,37.06666666666667,115.15,33.6
Hebei,54632,546320,37.06666666666667,115.03333333333333,35.2
Hebei,54633,546330,37.516666666666666,115.23333333333333,27.5
Hebei,54636,546360,39.016666666666666,116.1,12.2
Hebei,54640,546400,36.916666666666664,114.86666666666666,37.2
Hebei,54644,546440,38.05,117.11666666666666,11.7
Hebei,54700,547000,38.03333333333333,115.93333333333334,17.4
Hebei,54701,547010,37.93333333333333,115.2,36.9
Hebei,54702,547020,37.733333333333334,115.7,21.9
Hebei,54703,547030,37.8,115.88333333333334,22.5
Hebei,54704,547040,37.516666666666666,115.56666666666666,26.0
Hebei,54705,547050,37.36666666666667,115.38333333333334,28.6
Hebei,54706,547060,37.083333333333336,115.66666666666667,32.7
Hebei,54707,547070,37.35,115.98333333333333,28.6
Hebei,54708,547080,37.5,115.73333333333333,24.7
Hebei,54710,547100,37.86666666666667,116.16666666666667,19.8
Hebei,54711,547110,37.7,116.28333333333333,19.5
Hebei,54713,547130,37.88333333333333,116.53333333333333,15.6
Hebei,54717,547170,37.63333333333333,116.4,18.3
Hebei,54719,547190,38.03333333333333,116.68333333333334,12.3
Hebei,54800,548000,37.0,115.25,34.5
Hebei,54801,548010,36.85,115.48333333333333,36.5
Hebei,54804,548040,36.3,115.13333333333334,46.0
Hebei,54809,548090,36.55,115.28333333333333,42.5
Hebei,54820,548200,36.81666666666667,115.16666666666667,37.9
Henan,53889,538890,36.06666666666667,113.81666666666666,308.6
Henan,53898,538980,36.05,114.13333333333334,195.7
Henan,53972,539720,35.05,112.9,118.5
Henan,53974,539740,35.61666666666667,114.23333333333333,71.3
Henan,53978,539780,35.083333333333336,112.63333333333334,140.9
Henan,53979,539790,35.15,113.08333333333333,121.1
Henan,53982,539820,35.233333333333334,113.26666666666667,113.5
Henan,53983,539830,35.03333333333333,114.41666666666667,70.8
Henan,53984,539840,35.233333333333334,113.46666666666667,83.7
Henan,53985,539850,35.5,113.81666666666666,142.2
Henan,53986,539860,35.31666666666667,113.88333333333334,74.2
Henan,53987,539870,35.1,113.35,95.5
Henan,53988,539880,35.266666666666666,113.66666666666667,78.8
Henan,53989,539890,35.083333333333336,113.98333333333333,76.9
Henan,53991,539910,35.916666666666664,114.33333333333333,93.9
Henan,53992,539920,35.65,114.51666666666667,59.2
Henan,53993,539930,35.93333333333333,114.91666666666667,52.4
Henan,53994,539940,35.38333333333333,114.06666666666666,71.2
Henan,53995,539950,35.55,114.5,64.5
Henan,53997,539970,35.15,114.18333333333334,72.3
Henan,53998,539980,35.2,114.65,62.5
Henan,54817,548170,35.983333333333334,115.86666666666666,43.1
Henan,54900,549000,35.7,115.01666666666667,54.7
Henan,54901,549010,36.083333333333336,115.16666666666667,48.5
Henan,54902,549020,35.9,115.11666666666666,50.5
Henan,54903,549030,35.85,115.48333333333333,50.6
Henan,57051,570510,34.8,111.2,410.9
Henan,57056,570560,34.53333333333333,110.85,485.5
Henan,57063,570630,34.766666666666666,111.76666666666667,523.6
Henan,57066,570660,34.4,111.66666666666667,408.7
Henan,57070,570700,34.733333333333334,112.11666666666666,359.5
Henan,57071,570710,34.81666666666667,112.43333333333334,333.2
Henan,57072,570720,34.916666666666664,112.75,128.5
Henan,57074,570740,34.416666666666664,112.4,246.9
Henan,57075,570750,34.166666666666664,112.86666666666666,204.3
Henan,57076,570760,34.733333333333334,112.78333333333333,190.1
Henan,57078,570780,34.15,112.46666666666667,334.0
Henan,57079,570790,34.95,113.03333333333333,106.9
Henan,57080,570800,34.733333333333334,112.96666666666667,166.1
Henan,57081,570810,34.8,113.43333333333334,141.9
Henan,57082,570820,34.46666666666667,113.01666666666667,428.4
Henan,57083,570830,34.71666666666667,113.65,111.6
Henan,57084,570840,34.5,113.05,1179.0
Henan,57085,570850,34.53333333333333,113.33333333333333,264.8
Henan,57086,570860,34.38333333333333,113.71666666666667,116.8
Henan,57087,570870,34.266666666666666,113.73333333333333,105.0
Henan,57088,570880,34.15,113.5,117.7
Henan,57089,570890,34.06666666666667,113.93333333333334,68.2
Henan,57090,570900,34.71666666666667,113.96666666666667,80.2
Henan,57091,570910,34.78333333333333,114.3,74.8
Henan,57093,570930,34.85,114.81666666666666,74.0
Henan,57094,570940,34.4,114.21666666666667,68.5
Henan,57095,570950,34.11666666666667,114.15,62.2
Henan,57096,570960,34.53333333333333,114.78333333333333,60.7
Henan,57098,570980,34.083333333333336,114.4,59.3
Henan,57099,570990,34.06666666666667,114.85,53.6
Henan,57156,571560,33.3,111.5,251.3
Henan,57162,571620,34.13333333333333,112.06666666666666,439.7
Henan,57169,571690,33.05,111.86666666666666,160.0
Henan,57173,571730,33.75,112.88333333333334,146.8
Henan,57175,571750,33.05,112.23333333333333,192.2
Henan,57176,571760,33.483333333333334,112.41666666666667,230.4
Henan,57177,571770,33.333333333333336,113.53333333333333,91.3
Henan,57178,571780,33.1,112.48333333333333,181.6
Henan,57179,571790,33.28333333333333,113.0,161.6
Henan,57180,571800,33.983333333333334,113.2,118.6
Henan,57181,571810,33.88333333333333,113.05,137.4
Henan,57182,571820,33.85,113.51666666666667,81.4
Henan,57183,571830,33.8,113.91666666666667,65.2
Henan,57184,571840,33.63333333333333,113.3,98.5
Henan,57185,571850,33.45,113.58333333333333,92.1
Henan,57186,571860,33.6,114.05,59.8
Henan,57187,571870,33.06666666666667,112.93333333333334,119.3
Henan,57188,571880,33.36666666666667,114.03333333333333,56.8
Henan,57189,571890,33.13333333333333,113.95,65.5
Henan,57190,571900,33.75,114.4,51.6
Henan,57191,571910,34.483333333333334,114.48333333333333,64.2
Henan,57192,571920,33.733333333333334,114.85,46.6
Henan,57193,571930,33.78333333333333,114.51666666666667,53.6
Henan,57194,571940,33.28333333333333,114.26666666666667,60.9
Henan,57195,571950,33.61666666666667,114.61666666666666,47.6
Henan,57196,571960,33.46666666666667,114.86666666666666,42.8
Henan,57197,571970,32.96666666666667,114.35,51.1
Henan,57198,571980,33.5,114.56666666666666,45.6
Henan,57261,572610,33.11666666666667,111.51666666666667,234.5
Henan,57271,572710,32.516666666666666,112.38333333333334,88.7
Henan,57273,572730,32.68333333333333,112.85,110.5
Henan,57274,572740,32.7,112.11666666666666,108.8
Henan,57281,572810,32.7,113.3,143.1
Henan,57285,572850,32.38333333333333,113.41666666666667,154.0
Henan,57290,572900,32.93333333333333,113.91666666666667,107.2
Henan,57292,572920,32.96666666666667,114.63333333333334,45.3
Henan,57293,572930,32.733333333333334,114.98333333333333,39.1
Henan,57294,572940,32.833333333333336,114.01666666666667,84.6
Henan,57295,572950,32.61666666666667,114.35,80.2
Henan,57296,572960,32.35,114.73333333333333,50.1
Henan,57297,572970,32.13333333333333,114.05,115.4
Henan,57298,572980,32.21666666666667,114.55,56.2
Henan,57299,572990,32.016666666666666,114.9,50.6
Henan,57390,573900,31.8,114.06666666666666,734.7
Henan,57396,573960,31.633333333333333,114.85,129.7
Henan,58001,580010,34.43333333333333,115.1,56.9
Henan,58004,580040,34.65,115.15,61.6
Henan,58005,580050,34.45,115.66666666666667,51.1
Henan,58006,580060,34.38333333333333,115.88333333333334,50.6
Henan,58007,580070,34.06666666666667,115.3,53.2
Henan,58008,580080,34.46666666666667,115.33333333333333,59.2
Henan,58017,580170,34.25,116.13333333333334,42.0
Henan,58100,581000,33.65,115.16666666666667,42.4
Henan,58101,581010,33.86666666666667,115.48333333333333,42.8
Henan,58104,581040,33.4,115.06666666666666,42.5
Henan,58111,581110,33.96666666666667,116.45,33.5
Henan,58205,582050,32.46666666666667,115.43333333333334,36.0
Henan,58207,582070,32.166666666666664,115.05,44.0
Henan,58208,582080,32.166666666666664,115.61666666666666,43.9
Henan,58301,583010,31.816666666666666,115.38333333333334,92.9
Zhejiang,58443,584430,31.016666666666666,119.9,19.8
Zhejiang,58446,584460,30.633333333333333,119.7,66.8
Zhejiang,58448,584480,30.216666666666665,119.7,118.6
Zhejiang,58449,584490,30.05,119.95,47.9
Zhejiang,58450,584500,30.866666666666667,120.05,7.8
Zhejiang,58451,584510,30.833333333333332,120.93333333333334,3.4
Zhejiang,58452,584520,30.733333333333334,120.76666666666667,4.3
Zhejiang,58453,584530,30.066666666666666,120.5,10.7
Zhejiang,58454,584540,30.533333333333335,119.98333333333333,103.0
Zhejiang,58455,584550,30.516666666666666,120.65,8.1
Zhejiang,58456,584560,30.633333333333333,120.51666666666667,6.7
Zhejiang,58457,584570,30.233333333333334,120.16666666666667,42.6
Zhejiang,58458,584580,30.533333333333335,120.9,3.9
Zhejiang,58459,584590,30.183333333333334,120.28333333333333,42.4
Zhejiang,58464,584640,30.65,121.11666666666666,5.5
Zhejiang,58467,584670,30.2,121.26666666666667,5.7
Zhejiang,58468,584680,30.05,121.16666666666667,6.6
Zhejiang,58472,584720,30.733333333333334,122.45,73.9
Zhejiang,58477,584770,30.033333333333335,122.1,36.7
Zhejiang,58484,584840,30.25,122.2,9.4
Zhejiang,58537,585370,29.133333333333333,118.4,154.1
Zhejiang,58542,585420,29.816666666666666,119.68333333333334,47.3
Zhejiang,58543,585430,29.616666666666667,119.01666666666667,172.6
Zhejiang,58544,585440,29.483333333333334,119.26666666666667,90.1
Zhejiang,58546,585460,29.466666666666665,119.88333333333334,114.2
Zhejiang,58547,585470,29.033333333333335,119.18333333333334,65.1
Zhejiang,58548,585480,29.216666666666665,119.46666666666667,46.7
Zhejiang,58549,585490,29.116666666666667,119.65,61.4
Zhejiang,58550,585500,29.7,120.25,39.4
Zhejiang,58553,585530,30.05,120.81666666666666,6.4
Zhejiang,58555,585550,29.516666666666666,120.88333333333334,112.4
Zhejiang,58556,585560,29.6,120.81666666666666,103.8
Zhejiang,58557,585570,29.333333333333332,120.08333333333333,87.6
Zhejiang,58558,585580,29.266666666666666,120.21666666666667,89.0
Zhejiang,58559,585590,29.166666666666668,120.98333333333333,59.5
Zhejiang,58560,585600,29.05,120.43333333333334,301.3
Zhejiang,58561,585610,29.983333333333334,121.6,5.2
Zhejiang,58562,585620,29.783333333333335,121.55,6.2
Zhejiang,58563,585630,29.883333333333333,121.83333333333333,6.0
Zhejiang,58565,585650,29.7,121.38333333333334,42.7
Zhejiang,58566,585660,29.466666666666665,121.88333333333334,7.2
Zhejiang,58567,585670,29.316666666666666,121.43333333333334,40.4
Zhejiang,58568,585680,29.116666666666667,121.38333333333334,35.9
Zhejiang,58569,585690,29.2,121.95,129.2
Zhejiang,58570,585700,29.95,122.3,83.2
Zhejiang,58631,586310,28.9,118.5,132.1
Zhejiang,58632,586320,28.716666666666665,118.6,124.1
Zhejiang,58642,586420,28.883333333333333,119.8,102.6
Zhejiang,58643,586430,28.9,120.03333333333333,99.4
Zhejiang,58644,586440,28.6,119.28333333333333,237.2
Zhejiang,58646,586460,28.45,119.91666666666667,59.6
Zhejiang,58647,586470,28.083333333333332,119.13333333333334,217.3
Zhejiang,58648,586480,28.0,119.63333333333334,247.8
Zhejiang,58652,586520,28.866666666666667,120.71666666666667,79.1
Zhejiang,58654,586540,28.666666666666668,120.08333333333333,184.9
Zhejiang,58656,586560,28.066666666666666,120.96666666666667,58.2
Zhejiang,58657,586570,28.15,120.28333333333333,59.0
Zhejiang,58658,586580,28.15,120.68333333333334,36.4
Zhejiang,58659,586590,28.033333333333335,120.65,29.0
Zhejiang,58660,586600,28.866666666666667,121.2,6.8
Zhejiang,58664,586640,28.366666666666667,121.36666666666666,33.6
Zhejiang,58665,586650,28.616666666666667,121.41666666666667,5.3
Zhejiang,58666,586660,28.45,121.9,84.4
Zhejiang,58667,586670,28.083333333333332,121.26666666666667,99.4
Zhejiang,58742,587420,28.116666666666667,119.55,159.6
Zhejiang,58745,587450,27.616666666666667,119.08333333333333,391.7
Zhejiang,58746,587460,27.55,119.7,514.2
Zhejiang,58750,587500,27.783333333333335,120.08333333333333,106.4
Zhejiang,58751,587510,27.666666666666668,120.56666666666666,255.0
Zhejiang,58752,587520,27.783333333333335,120.65,37.9
Hainan,59757,597570,20.0,110.36666666666666,10.7
Hainan,59758,597580,20.0,110.25,64.7
Hainan,59838,598380,19.1,108.61666666666666,8.8
Hainan,59842,598420,19.9,109.68333333333334,32.5
Hainan,59843,598430,19.733333333333334,110.0,36.3
Hainan,59845,598450,19.516666666666666,109.58333333333333,170.2
Hainan,59847,598470,19.266666666666666,109.05,101.1
Hainan,59848,598480,19.233333333333334,109.43333333333334,219.3
Hainan,59849,598490,19.033333333333335,109.83333333333333,253.0
Hainan,59851,598510,19.666666666666668,110.33333333333333,54.5
Hainan,59854,598540,19.366666666666667,110.1,119.1
Hainan,59855,598550,19.233333333333334,110.46666666666667,25.2
Hainan,59856,598560,19.616666666666667,110.75,26.7
Hainan,59941,599410,18.766666666666666,109.51666666666667,327.2
Hainan,59945,599450,18.65,109.7,65.0
Hainan,59951,599510,18.8,110.33333333333333,41.1
Hubei,57249,572490,32.31666666666667,109.68333333333334,453.7
Hubei,57251,572510,33.0,110.41666666666667,249.9
Hubei,57253,572530,32.85,110.81666666666666,204.0
Hubei,57256,572560,32.65,110.78333333333333,283.5
Hubei,57257,572570,32.233333333333334,110.23333333333333,309.3
Hubei,57259,572590,32.05,110.75,426.4
Hubei,57260,572600,32.56666666666667,111.51666666666667,140.6
Hubei,57265,572650,32.43333333333333,111.73333333333333,128.8
Hubei,57268,572680,32.266666666666666,111.61666666666666,115.5
Hubei,57278,572780,32.0,112.08333333333333,158.9
Hubei,57279,572790,32.15,112.75,127.0
Hubei,57355,573550,31.033333333333335,110.36666666666666,335.0
Hubei,57359,573590,31.35,110.73333333333333,333.4
Hubei,57361,573610,31.883333333333333,111.26666666666667,331.0
Hubei,57362,573620,31.75,110.66666666666667,936.2
Hubei,57363,573630,31.8,111.83333333333333,146.0
Hubei,57370,573700,31.733333333333334,112.21666666666667,68.3
Hubei,57377,573770,31.0,112.21666666666667,184.8
Hubei,57378,573780,31.166666666666668,112.56666666666666,66.5
Hubei,57381,573810,31.616666666666667,113.33333333333333,113.5
Hubei,57386,573860,31.25,114.0,47.1
Hubei,57387,573870,31.0,113.13333333333334,80.3
Hubei,57388,573880,31.266666666666666,113.7,54.3
Hubei,57389,573890,31.033333333333335,113.75,33.5
Hubei,57395,573950,31.566666666666666,114.11666666666666,71.8
Hubei,57398,573980,31.283333333333335,114.61666666666666,75.3
Hubei,57399,573990,31.133333333333333,114.95,75.2
Hubei,57439,574390,30.283333333333335,108.93333333333334,1075.8
Hubei,57445,574450,30.6,109.71666666666667,605.4
Hubei,57447,574470,30.283333333333335,109.46666666666667,458.0
Hubei,57453,574530,30.766666666666666,111.31666666666666,116.4
Hubei,57458,574580,30.2,110.66666666666667,620.7
Hubei,57461,574610,30.733333333333334,111.36666666666666,257.5
Hubei,57464,574640,30.466666666666665,111.18333333333334,143.8
Hubei,57465,574650,30.383333333333333,111.45,76.3
Hubei,57469,574690,30.183333333333334,111.76666666666667,68.7
Hubei,57475,574750,30.4,112.9,39.2
Hubei,57476,574760,30.35,112.15,33.4
Hubei,57477,574770,30.066666666666666,112.21666666666667,46.8
Hubei,57481,574810,30.95,113.56666666666666,34.7
Hubei,57482,574820,30.9,113.95,26.3
Hubei,57483,574830,30.666666666666668,113.13333333333334,32.2
Hubei,57484,574840,30.733333333333334,112.55,58.3
Hubei,57485,574850,30.3,113.48333333333333,24.9
Hubei,57486,574860,30.65,113.85,26.0
Hubei,57489,574890,30.583333333333332,114.0,39.4
Hubei,57492,574920,30.833333333333332,114.83333333333333,41.6
Hubei,57494,574940,30.6,114.05,24.4
Hubei,57495,574950,30.666666666666668,114.88333333333334,28.8
Hubei,57496,574960,30.366666666666667,114.86666666666666,30.7
Hubei,57498,574980,30.433333333333334,114.9,22.1
Hubei,57499,574990,30.066666666666666,114.88333333333334,37.3
Hubei,57540,575400,29.683333333333334,109.15,771.8
Hubei,57541,575410,30.0,109.48333333333333,535.6
Hubei,57543,575430,29.9,110.03333333333333,538.7
Hubei,57545,575450,29.533333333333335,109.41666666666667,499.8
Hubei,57571,575710,29.7,112.4,40.7
Hubei,57573,575730,29.833333333333332,112.9,35.1
Hubei,57581,575810,29.816666666666666,113.45,34.9
Hubei,57582,575820,29.716666666666665,113.88333333333334,41.9
Hubei,57583,575830,29.916666666666668,113.96666666666667,52.7
Hubei,57586,575860,29.533333333333335,114.03333333333333,80.5
Hubei,57589,575890,29.266666666666666,113.88333333333334,147.2
Hubei,57590,575900,29.85,114.36666666666666,97.8
Hubei,57596,575960,29.633333333333333,114.2,752.3
Hubei,58401,584010,30.75,115.4,122.2
Hubei,58402,584020,30.733333333333334,115.66666666666667,128.6
Hubei,58404,584040,30.466666666666665,115.21666666666667,56.8
Hubei,58408,584080,30.233333333333334,115.43333333333334,36.3
Hubei,58409,584090,30.1,115.93333333333334,27.6
Hubei,58500,585000,29.85,115.2,47.0
Hubei,58501,585010,29.916666666666668,115.63333333333334,25.8
Hunan,57544,575440,29.466666666666665,109.45,487.1
Hunan,57554,575540,29.4,110.16666666666667,320.9
Hunan,57558,575580,29.133333333333333,110.46666666666667,184.5
Hunan,57562,575620,29.583333333333332,111.36666666666666,118.1
Hunan,57564,575640,29.433333333333334,111.13333333333334,104.0
Hunan,57565,575650,29.666666666666668,111.73333333333333,39.2
Hunan,57566,575660,29.45,111.65,52.5
Hunan,57574,575740,29.366666666666667,112.4,37.1
Hunan,57575,575750,29.516666666666666,112.56666666666666,32.1
Hunan,57577,575770,29.4,112.16666666666667,37.9
Hunan,57584,575840,29.383333333333333,113.08333333333333,49.7
Hunan,57585,575850,29.483333333333334,113.45,60.2
Hunan,57640,576400,28.583333333333332,109.45,344.3
Hunan,57642,576420,28.7,109.63333333333334,326.8
Hunan,57643,576430,29.0,109.83333333333333,272.6
Hunan,57646,576460,28.616666666666667,109.95,302.1
Hunan,57649,576490,28.233333333333334,109.68333333333334,255.6
Hunan,57655,576550,28.466666666666665,110.4,151.4
Hunan,57657,576570,28.216666666666665,110.2,182.9
Hunan,57658,576580,28.016666666666666,110.2,153.8
Hunan,57661,576610,28.916666666666668,111.48333333333333,49.8
Hunan,57662,576620,29.116666666666667,111.68333333333334,151.4
Hunan,57663,576630,28.916666666666668,111.95,31.5
Hunan,57666,576660,28.516666666666666,112.13333333333334,49.1
Hunan,57669,576690,28.383333333333333,111.21666666666667,129.4
Hunan,57671,576710,28.85,112.36666666666666,35.5
Hunan,57673,576730,28.683333333333334,112.88333333333334,54.6
Hunan,57674,576740,28.566666666666666,112.38333333333334,47.3
Hunan,57678,576780,28.25,112.55,71.6
Hunan,57679,576790,28.116666666666667,112.78333333333333,116.0
Hunan,57680,576800,28.8,113.06666666666666,47.9
Hunan,57682,576820,28.716666666666665,113.56666666666666,105.0
Hunan,57687,576870,28.216666666666665,112.91666666666667,69.2
Hunan,57688,576880,28.15,113.63333333333334,100.3
Hunan,57740,577400,27.95,109.6,349.7
Hunan,57743,577430,27.883333333333333,109.8,177.6
Hunan,57744,577440,27.366666666666667,109.16666666666667,356.1
Hunan,57745,577450,27.45,109.68333333333334,273.2
Hunan,57752,577520,27.916666666666668,110.6,203.9
Hunan,57754,577540,27.35,110.15,170.7
Hunan,57760,577600,27.7,111.43333333333334,250.4
Hunan,57761,577610,27.75,111.3,213.4
Hunan,57762,577620,27.683333333333334,111.7,166.2
Hunan,57763,577630,27.683333333333334,112.0,201.2
Hunan,57771,577710,27.933333333333334,112.53333333333333,90.0
Hunan,57772,577720,27.75,112.5,88.1
Hunan,57773,577730,27.866666666666667,112.81666666666666,65.0
Hunan,57774,577740,27.45,112.16666666666667,98.4
Hunan,57776,577760,27.3,112.7,1265.1
Hunan,57777,577770,27.233333333333334,112.86666666666666,65.5
Hunan,57778,577780,27.1,112.95,71.7
Hunan,57779,577790,27.0,113.35,100.6
Hunan,57780,577800,27.866666666666667,113.16666666666667,75.8
Hunan,57781,577810,27.65,113.5,75.6
Hunan,57845,578450,26.166666666666668,109.78333333333333,397.4
Hunan,57865,578650,26.466666666666665,111.58333333333333,167.1
Hunan,57866,578660,26.233333333333334,111.61666666666666,172.1
Hunan,57867,578670,26.4,111.28333333333333,169.8
Hunan,57868,578680,26.6,111.86666666666666,114.3
Hunan,57870,578700,26.8,112.1,151.6
Hunan,57871,578710,26.983333333333334,112.36666666666666,91.0
Hunan,57872,578720,26.9,112.6,104.8
Hunan,57874,578740,26.416666666666668,112.4,117.8
Hunan,57875,578750,26.75,112.68333333333334,131.0
Hunan,57876,578760,26.433333333333334,112.83333333333333,136.2
Hunan,57881,578810,26.716666666666665,113.25,103.0
Hunan,57882,578820,26.783333333333335,113.55,137.4
Hunan,57886,578860,26.483333333333334,113.8,265.8
Hunan,57887,578870,26.116666666666667,113.11666666666666,168.8
Hunan,57889,578890,26.083333333333332,113.95,837.1
Hunan,57962,579620,25.966666666666665,111.65,169.0
Hunan,57965,579650,25.533333333333335,111.6,191.0
Hunan,57966,579660,25.6,111.96666666666667,241.5
Hunan,57969,579690,25.266666666666666,111.33333333333333,230.6
Hunan,57971,579710,25.916666666666668,112.2,225.1
Hunan,57972,579720,25.8,113.03333333333333,187.1
Hunan,57973,579730,25.75,112.71666666666667,330.3
Hunan,57974,579740,25.583333333333332,112.36666666666666,212.6
Hunan,57975,579750,25.383333333333333,112.2,277.8
Hunan,57976,579760,25.416666666666668,112.95,226.4
Hunan,57978,579780,25.283333333333335,112.55,293.2
Hunan,57981,579810,25.983333333333334,113.21666666666667,140.5
Hunan,57985,579850,25.566666666666666,113.68333333333334,611.0
Hunan,59063,590630,25.183333333333334,111.45,262.8
Gansu,52323,523230,41.8,97.03333333333333,1771.6
Gansu,52515,525150,39.516666666666666,94.86666666666666,2138.6
Gansu,52533,525330,39.766666666666666,98.48333333333333,1478.4
Gansu,52546,525460,39.36666666666667,99.83333333333333,1333.4
Gansu,52557,525570,39.15,100.16666666666667,1454.9
Gansu,52643,526430,38.833333333333336,99.61666666666666,2313.0
Gansu,52652,526520,39.083333333333336,100.28333333333333,1462.3
Gansu,52656,526560,38.43333333333333,100.81666666666666,2282.6
Gansu,52674,526740,38.233333333333334,101.96666666666667,1978.1
Gansu,52679,526790,37.916666666666664,102.66666666666667,1532.7
Gansu,52681,526810,38.63333333333333,103.08333333333333,1368.7
Gansu,52784,527840,37.46666666666667,102.9,2073.6
Gansu,52787,527870,37.2,102.86666666666666,3046.3
Gansu,52797,527970,37.18333333333333,104.05,1632.1
Gansu,52881,528810,36.983333333333334,103.18333333333334,2486.0
Gansu,52884,528840,36.35,103.95,1669.7
Gansu,52885,528850,36.75,103.25,2120.0
Gansu,52895,528950,36.56666666666667,104.68333333333334,1399.4
Gansu,52896,528960,36.55,104.15,1739.9
Gansu,52978,529780,35.2,102.51666666666667,2930.6
Gansu,52980,529800,35.96666666666667,103.3,1649.2
Gansu,52981,529810,35.68333333333333,103.38333333333334,2422.2
Gansu,52982,529820,35.483333333333334,103.55,1954.4
Gansu,52983,529830,35.86666666666667,104.15,1875.6
Gansu,52984,529840,35.583333333333336,103.18333333333334,1918.4
Gansu,52985,529850,35.416666666666664,103.33333333333333,2164.0
Gansu,52986,529860,35.36666666666667,103.86666666666666,1895.0
Gansu,52988,529880,35.36666666666667,103.71666666666667,2017.0
Gansu,52993,529930,35.68333333333333,105.06666666666666,1740.6
Gansu,52995,529950,35.583333333333336,104.61666666666666,1898.4
Gansu,52996,529960,35.38333333333333,105.01666666666667,2451.8
Gansu,52998,529980,35.13333333333333,104.2,2112.2
Gansu,53821,538210,36.56666666666667,107.3,1256.8
Gansu,53829,538290,35.983333333333334,107.9,1094.9
Gansu,53906,539060,35.516666666666666,105.71666666666667,1657.6
Gansu,53908,539080,35.21666666666667,105.23333333333333,1769.4
Gansu,53915,539150,35.55,106.66666666666667,1347.8
Gansu,53917,539170,35.21666666666667,106.06666666666666,1632.2
Gansu,53923,539230,35.733333333333334,107.63333333333334,1422.2
Gansu,53924,539240,35.06666666666667,107.61666666666666,967.8
Gansu,53925,539250,35.68333333333333,107.18333333333334,1173.7
Gansu,53926,539260,35.35,107.35,1030.0
Gansu,53927,539270,35.2,106.61666666666666,1478.8
Gansu,53928,539280,35.3,107.01666666666667,1150.3
Gansu,53930,539300,36.45,107.98333333333333,1272.2
Gansu,53934,539340,35.78333333333333,107.98333333333333,1275.7
Gansu,53935,539350,35.483333333333334,108.4,1483.1
Gansu,53937,539370,35.516666666666666,107.91666666666667,980.6
Gansu,56071,560710,34.583333333333336,102.5,3106.9
Gansu,56074,560740,34.0,102.08333333333333,3472.6
Gansu,56080,560800,35.0,102.9,2911.2
Gansu,56081,560810,34.7,103.35,2811.4
Gansu,56082,560820,34.583333333333336,103.5,2541.5
Gansu,56084,560840,34.06666666666667,103.23333333333333,2375.4
Gansu,56091,560910,34.85,104.46666666666667,1884.5
Gansu,56092,560920,35.0,104.65,1729.4
Gansu,56093,560930,34.43333333333333,104.01666666666667,2316.2
Gansu,56094,560940,33.78333333333333,104.36666666666666,1401.2
Gansu,56095,560950,34.03333333333333,104.38333333333334,1754.4
Gansu,56096,560960,33.4,104.91666666666667,1080.3
Gansu,56192,561920,32.95,104.66666666666667,1015.5
Gansu,57001,570010,34.75,105.33333333333333,1273.1
Gansu,57002,570020,34.85,105.65,1217.3
Gansu,57004,570040,34.733333333333334,104.88333333333334,1496.6
Gansu,57006,570060,34.583333333333336,105.75,1142.8
Gansu,57007,570070,34.18333333333333,105.18333333333334,1405.8
Gansu,57008,570080,34.03333333333333,105.3,1580.2
Gansu,57011,570110,34.75,106.15,1379.4
Gansu,57012,570120,34.983333333333334,106.2,1665.7
Gansu,57014,570140,34.56666666666667,105.86666666666666,1086.4
Gansu,57102,571020,33.75,105.71666666666667,971.2
Gansu,57105,571050,33.333333333333336,105.6,1222.4
Gansu,57110,571100,33.78333333333333,106.08333333333333,932.0
Gansu,57111,571110,33.916666666666664,106.3,962.6
Fujian,58724,587240,27.533333333333335,117.31666666666666,269.2
Fujian,58725,587250,27.333333333333332,117.46666666666667,218.9
Fujian,58730,587300,27.766666666666666,118.03333333333333,223.1
Fujian,58731,587310,27.916666666666668,118.53333333333333,277.9
Fujian,58734,587340,27.333333333333332,118.11666666666666,198.1
Fujian,58735,587350,27.516666666666666,118.75,261.3
Fujian,58736,587360,27.383333333333333,118.81666666666666,263.6
Fujian,58737,587370,27.05,118.31666666666666,155.7
Fujian,58744,587440,27.45,119.41666666666667,816.9
Fujian,58747,587470,27.15,119.35,900.3
Fujian,58748,587480,27.1,119.65,51.5
Fujian,58749,587490,27.233333333333334,119.88333333333334,685.1
Fujian,58754,587540,27.333333333333332,120.2,37.0
Fujian,58818,588180,26.233333333333334,116.63333333333334,359.7
Fujian,58819,588190,26.183333333333334,116.81666666666666,338.0
Fujian,58820,588200,26.9,117.16666666666667,344.1
Fujian,58822,588220,26.833333333333332,116.85,343.5
Fujian,58823,588230,26.8,117.8,176.4
Fujian,58824,588240,26.4,117.15,358.4
Fujian,58826,588260,26.4,117.8,121.5
Fujian,58828,588280,26.266666666666666,117.61666666666666,209.2
Fujian,58836,588360,26.583333333333332,118.73333333333333,362.7
Fujian,58837,588370,26.15,118.15,205.9
Fujian,58839,588390,26.233333333333334,118.85,41.8
Fujian,58843,588430,26.883333333333333,120.01666666666667,57.8
Fujian,58844,588440,26.15,119.15,58.6
Fujian,58845,588450,26.5,119.53333333333333,61.5
Fujian,58846,588460,26.666666666666668,119.51666666666667,33.2
Fujian,58847,588470,26.083333333333332,119.28333333333333,84.8
Fujian,58848,588480,26.2,119.55,14.4
Fujian,58850,588500,26.916666666666668,120.23333333333333,93.2
Fujian,58911,589110,25.85,116.36666666666666,311.2
Fujian,58917,589170,25.083333333333332,116.1,308.2
Fujian,58918,589180,25.05,116.41666666666667,198.7
Fujian,58923,589230,25.7,117.83333333333333,400.9
Fujian,58926,589260,25.3,117.41666666666667,206.5
Fujian,58927,589270,25.05,117.01666666666667,377.0
Fujian,58928,589280,25.016666666666666,117.53333333333333,167.7
Fujian,58929,589290,25.066666666666666,118.15,69.0
Fujian,58931,589310,25.716666666666665,118.1,1654.6
Fujian,58932,589320,25.866666666666667,118.93333333333334,86.6
Fujian,58934,589340,25.333333333333332,118.26666666666667,171.3
Fujian,58935,589350,25.483333333333334,118.23333333333333,522.4
Fujian,58938,589380,25.233333333333334,118.98333333333333,24.3
Fujian,58941,589410,25.966666666666665,119.5,26.9
Fujian,58942,589420,25.716666666666665,119.38333333333334,40.3
Fujian,58944,589440,25.516666666666666,119.78333333333333,33.4
Fujian,58946,589460,25.45,119.0,81.9
Fujian,59113,591130,24.733333333333334,116.71666666666667,227.9
Fujian,59122,591220,24.616666666666667,117.75,44.0
Fujian,59124,591240,24.516666666666666,117.38333333333334,54.7
Fujian,59125,591250,24.383333333333333,117.3,109.5
Fujian,59127,591270,24.433333333333334,117.83333333333333,32.8
Fujian,59129,591290,24.133333333333333,117.6,53.8
Fujian,59130,591300,24.733333333333334,118.15,31.7
Fujian,59131,591310,24.966666666666665,118.36666666666666,46.6
Fujian,59133,591330,24.9,118.91666666666667,22.5
Fujian,59134,591340,24.483333333333334,118.06666666666666,140.6
Fujian,59320,593200,23.75,117.13333333333334,38.8
Fujian,59322,593220,23.983333333333334,117.36666666666666,23.8
Tibet,55228,552280,32.5,80.08333333333333,4279.8
Tibet,55248,552480,32.15,84.41666666666667,4416.1
Tibet,55299,552990,31.483333333333334,92.06666666666666,4508.2
Tibet,55437,554370,30.283333333333335,81.25,3901.2
Tibet,55493,554930,30.483333333333334,91.1,4201.2
Tibet,55569,555690,29.083333333333332,87.6,4001.2
Tibet,55572,555720,29.683333333333334,89.1,4001.3
Tibet,55593,555930,29.85,91.73333333333333,3805.1
Tibet,55597,555970,29.033333333333335,91.68333333333334,3741.2
Tibet,55598,555980,29.266666666666666,91.76666666666667,3561.5
Tibet,55655,556550,28.183333333333334,85.96666666666667,3811.2
Tibet,55664,556640,28.633333333333333,87.08333333333333,4301.2
Tibet,55680,556800,28.916666666666668,89.6,4041.2
Tibet,56116,561160,31.416666666666668,95.6,3874.3
Tibet,56128,561280,31.216666666666665,96.6,3811.2
Tibet,56137,561370,31.15,97.16666666666667,3316.2
Tibet,56223,562230,30.75,95.83333333333333,3641.2
Tibet,56227,562270,29.866666666666667,95.76666666666667,2737.2
Tibet,56228,562280,30.05,96.91666666666667,3261.0
Tibet,56312,563120,29.666666666666668,94.33333333333333,2993.0
Tibet,56317,563170,29.216666666666665,94.21666666666667,2951.2
Tibet,56331,563310,29.666666666666668,97.83333333333333,3781.2
Tibet,56434,564340,28.65,97.46666666666667,2328.8
Guizhou,56598,565980,27.133333333333333,104.73333333333333,1538.1
Guizhou,56691,566910,26.866666666666667,104.28333333333333,2238.6
Guizhou,56792,567920,25.783333333333335,104.96666666666667,1648.5
Guizhou,56793,567930,25.716666666666665,104.46666666666667,1796.0
Guizhou,57606,576060,28.133333333333333,106.83333333333333,972.7
Guizhou,57623,576230,28.883333333333333,107.6,684.6
Guizhou,57625,576250,28.55,107.45,678.2
Guizhou,57634,576340,28.516666666666666,107.88333333333334,658.0
Guizhou,57636,576360,28.566666666666666,108.5,335.4
Guizhou,57637,576370,28.25,108.1,630.5
Guizhou,57647,576470,28.15,109.18333333333334,406.9
Guizhou,57707,577070,27.3,105.28333333333333,1511.5
Guizhou,57708,577080,27.15,105.6,1701.2
Guizhou,57710,577100,27.8,106.4,891.0
Guizhou,57714,577140,27.466666666666665,106.23333333333333,943.0
Guizhou,57717,577170,27.533333333333335,106.83333333333333,975.0
Guizhou,57718,577180,27.1,106.71666666666667,1113.2
Guizhou,57719,577190,27.066666666666666,106.96666666666667,1280.7
Guizhou,57722,577220,27.766666666666666,107.46666666666667,792.9
Guizhou,57723,577230,27.983333333333334,107.71666666666667,709.1
Guizhou,57728,577280,27.066666666666666,107.46666666666667,1097.9
Guizhou,57729,577290,27.233333333333334,107.88333333333334,621.3
Guizhou,57731,577310,27.95,108.25,417.7
Guizhou,57732,577320,28.016666666666666,108.4,458.0
Guizhou,57734,577340,27.566666666666666,108.23333333333333,468.5
Guizhou,57735,577350,27.183333333333334,108.81666666666666,405.3
Guizhou,57736,577360,27.7,108.85,370.7
Guizhou,57737,577370,27.033333333333335,108.11666666666666,548.3
Guizhou,57738,577380,27.05,108.41666666666667,517.0
Guizhou,57739,577390,27.233333333333334,108.91666666666667,391.2
Guizhou,57741,577410,27.716666666666665,109.18333333333334,283.5
Guizhou,57742,577420,27.516666666666666,109.2,885.3
Guizhou,57800,578000,26.766666666666666,105.36666666666666,1458.6
Guizhou,57803,578030,27.033333333333335,106.01666666666667,1234.5
Guizhou,57805,578050,26.683333333333334,105.76666666666667,1320.8
Guizhou,57806,578060,26.25,105.9,1430.5
Guizhou,57807,578070,26.2,105.46666666666667,1363.2
Guizhou,57808,578080,26.316666666666666,105.75,1275.7
Guizhou,57809,578090,26.066666666666666,105.75,1252.0
Guizhou,57811,578110,26.833333333333332,106.6,1296.7
Guizhou,57814,578140,26.416666666666668,106.26666666666667,1299.2
Guizhou,57816,578160,26.583333333333332,106.73333333333333,1224.9
Guizhou,57821,578210,26.7,107.5,926.5
Guizhou,57822,578220,26.9,107.9,836.5
Guizhou,57824,578240,26.583333333333332,107.23333333333333,1005.7
Guizhou,57825,578250,26.6,107.98333333333333,721.2
Guizhou,57827,578270,26.316666666666666,107.53333333333333,970.2
Guizhou,57828,578280,26.5,107.58333333333333,983.9
Guizhou,57829,578290,26.2,107.8,964.2
Guizhou,57832,578320,26.966666666666665,108.66666666666667,627.8
Guizhou,57834,578340,26.683333333333334,108.3,643.1
Guizhou,57835,578350,26.716666666666665,108.43333333333334,528.4
Guizhou,57837,578370,26.4,108.06666666666666,840.0
Guizhou,57839,578390,26.233333333333334,109.15,569.4
Guizhou,57840,578400,26.9,109.2,402.4
Guizhou,57844,578440,26.683333333333334,109.18333333333334,344.0
Guizhou,57900,579000,25.833333333333332,105.21666666666667,1553.6
Guizhou,57902,579020,25.433333333333334,105.18333333333334,1379.3
Guizhou,57903,579030,25.933333333333334,105.6,1138.4
Guizhou,57905,579050,25.4,105.63333333333334,1063.8
Guizhou,57906,579060,25.183333333333334,106.08333333333333,567.0
Guizhou,57907,579070,25.083333333333332,104.9,1300.7
Guizhou,57908,579080,25.116666666666667,105.48333333333333,1393.5
Guizhou,57909,579090,24.983333333333334,105.81666666666666,584.8
Guizhou,57910,579100,25.766666666666666,106.08333333333333,1198.8
Guizhou,57911,579110,26.666666666666668,106.65,1324.2
Guizhou,57912,579120,26.133333333333333,106.63333333333334,992.1
Guizhou,57913,579130,26.45,106.98333333333333,1094.7
Guizhou,57914,579140,26.416666666666668,106.66666666666667,1149.8
Guizhou,57915,579150,26.633333333333333,106.76666666666667,1104.9
Guizhou,57916,579160,25.433333333333334,106.76666666666667,440.1
Guizhou,57921,579210,25.833333333333332,107.31666666666666,710.2
Guizhou,57922,579220,25.833333333333332,107.55,1015.5
Guizhou,57923,579230,25.983333333333334,107.86666666666666,418.5
Guizhou,57926,579260,25.416666666666668,107.88333333333334,432.9
Guizhou,57932,579320,25.966666666666665,108.53333333333333,288.8
Guizhou,57936,579360,25.75,108.91666666666667,259.1
Liaoning,54236,542360,42.38333333333333,122.55,85.0
Liaoning,54243,542430,42.78333333333333,124.11666666666666,165.8
Liaoning,54244,542440,42.75,123.33333333333333,120.1
Liaoning,54245,542450,42.5,123.4,99.3
Liaoning,54248,542480,42.03333333333333,123.53333333333333,67.8
Liaoning,54249,542490,42.3,123.86666666666666,79.4
Liaoning,54252,542520,42.733333333333334,124.75,198.7
Liaoning,54254,542540,42.53333333333333,124.05,102.9
Liaoning,54259,542590,42.06666666666667,124.86666666666666,230.0
Liaoning,54321,543210,41.86666666666667,119.63333333333334,661.6
Liaoning,54323,543230,41.81666666666667,120.78333333333333,253.5
Liaoning,54324,543240,41.55,120.43333333333334,175.3
Liaoning,54325,543250,41.18333333333333,120.35,183.1
Liaoning,54326,543260,41.416666666666664,119.61666666666666,470.1
Liaoning,54327,543270,41.233333333333334,119.35,421.5
Liaoning,54328,543280,41.083333333333336,119.71666666666667,300.6
Liaoning,54332,543320,41.516666666666666,122.71666666666667,13.9
Liaoning,54333,543330,41.96666666666667,122.85,32.1
Liaoning,54336,543360,41.416666666666664,122.41666666666667,13.1
Liaoning,54338,543380,41.28333333333333,121.95,4.1
Liaoning,54339,543390,41.083333333333336,123.0,78.5
Liaoning,54340,543400,41.666666666666664,123.31666666666666,47.6
Liaoning,54342,543420,41.733333333333334,123.51666666666667,49.5
Liaoning,54345,543450,41.2,123.06666666666666,29.6
Liaoning,54346,543460,41.31666666666667,123.78333333333333,186.1
Liaoning,54347,543470,41.233333333333334,123.16666666666667,25.7
Liaoning,54348,543480,41.416666666666664,123.33333333333333,36.5
Liaoning,54351,543510,41.916666666666664,124.08333333333333,116.5
Liaoning,54353,543530,41.733333333333334,125.05,331.7
Liaoning,54452,544520,40.8,119.81666666666666,367.8
Liaoning,54453,544530,40.78333333333333,120.88333333333334,43.0
Liaoning,54454,544540,40.333333333333336,120.3,29.0
Liaoning,54455,544550,40.61666666666667,120.65,21.5
Liaoning,54470,544700,41.016666666666666,122.06666666666666,6.1
Liaoning,54471,544710,40.65,122.16666666666667,4.6
Liaoning,54474,544740,40.416666666666664,122.35,27.6
Liaoning,54475,544750,40.61666666666667,122.48333333333333,15.3
Liaoning,54476,544760,40.166666666666664,122.15,37.9
Liaoning,54483,544830,40.88333333333333,123.9,239.8
Liaoning,54486,544860,40.28333333333333,123.28333333333333,81.3
Liaoning,54493,544930,40.71666666666667,124.78333333333333,261.1
Liaoning,54494,544940,40.46666666666667,124.06666666666666,74.4
Liaoning,54497,544970,40.05,124.33333333333333,13.1
Liaoning,54563,545630,39.63333333333333,122.01666666666667,119.0
Liaoning,54565,545650,39.6,121.46666666666667,72.0
Liaoning,54568,545680,39.06666666666667,121.75,94.2
Liaoning,54569,545690,39.416666666666664,121.95,12.7
Liaoning,54575,545750,39.416666666666664,122.36666666666666,43.1
Liaoning,54579,545790,39.266666666666666,122.58333333333333,33.6
Liaoning,54584,545840,39.71666666666667,122.95,35.9
Liaoning,54590,545900,39.88333333333333,124.16666666666667,5.3
Liaoning,54662,546620,38.9,121.63333333333334,92.5
Chongqing,57333,573330,31.95,108.66666666666667,800.0
Chongqing,57338,573380,31.183333333333334,108.41666666666667,213.2
Chongqing,57339,573390,30.95,108.68333333333334,296.4
Chongqing,57345,573450,31.4,109.61666666666666,339.8
Chongqing,57348,573480,31.016666666666666,109.53333333333333,300.3
Chongqing,57349,573490,31.066666666666666,109.86666666666666,275.9
Chongqing,57409,574090,30.183333333333334,105.8,295.8
Chongqing,57425,574250,30.333333333333332,107.33333333333333,430.5
Chongqing,57431,574310,30.833333333333332,108.35,256.8
Chongqing,57432,574320,30.766666666666666,108.4,188.8
Chongqing,57437,574370,30.3,108.03333333333333,326.3
Chongqing,57438,574380,29.983333333333334,108.11666666666666,630.3
Chongqing,57502,575020,29.7,105.7,395.3
Chongqing,57505,575050,29.416666666666668,105.58333333333333,324.0
Chongqing,57506,575060,29.366666666666667,105.9,351.8
Chongqing,57509,575090,28.95,106.93333333333334,325.7
Chongqing,57510,575100,29.85,106.06666666666666,327.5
Chongqing,57511,575110,29.85,106.45,242.9
Chongqing,57512,575120,29.966666666666665,106.28333333333333,231.2
Chongqing,57513,575130,29.733333333333334,106.61666666666666,465.5
Chongqing,57514,575140,29.583333333333332,106.21666666666667,325.0
Chongqing,57516,575160,29.583333333333332,106.46666666666667,259.6
Chongqing,57517,575170,29.283333333333335,106.25,256.3
Chongqing,57518,575180,29.333333333333332,106.5,506.9
Chongqing,57519,575190,29.166666666666668,107.11666666666666,699.8
Chongqing,57520,575200,29.833333333333332,107.06666666666666,382.8
Chongqing,57523,575230,29.85,107.73333333333333,290.4
Chongqing,57525,575250,29.316666666666666,107.75,273.3
Chongqing,57536,575360,29.533333333333335,108.78333333333333,608.8
Chongqing,57537,575370,29.3,108.16666666666667,321.3
Chongqing,57612,576120,29.0,106.65,475.9
Chongqing,57633,576330,28.816666666666666,108.76666666666667,827.7
Chongqing,57635,576350,28.45,108.98333333333333,364.0
Shaanxi,53567,535670,39.016666666666666,111.0,1025.1
Shaanxi,53646,536460,38.266666666666666,109.78333333333333,1157.8
Shaanxi,53651,536510,38.81666666666667,110.46666666666667,1099.1
Shaanxi,53658,536580,38.03333333333333,110.48333333333333,895.4
Shaanxi,53725,537250,37.583333333333336,107.58333333333333,1361.2
Shaanxi,53735,537350,37.61666666666667,108.8,1337.8
Shaanxi,53738,537380,36.916666666666664,108.16666666666667,1331.1
Shaanxi,53740,537400,37.93333333333333,109.23333333333333,1107.5
Shaanxi,53748,537480,37.18333333333333,109.7,1064.4
Shaanxi,53750,537500,37.766666666666666,110.18333333333334,931.6
Shaanxi,53751,537510,37.6,110.05,895.8
Shaanxi,53754,537540,37.5,110.21666666666667,930.7
Shaanxi,53756,537560,37.516666666666666,110.71666666666667,745.0
Shaanxi,53757,537570,37.11666666666667,110.11666666666666,938.8
Shaanxi,53832,538320,36.766666666666666,108.76666666666667,1220.0
Shaanxi,53841,538410,36.88333333333333,109.31666666666666,1069.1
Shaanxi,53848,538480,36.266666666666666,109.35,1005.4
Shaanxi,53850,538500,36.88333333333333,110.18333333333334,805.7
Shaanxi,53854,538540,36.583333333333336,110.06666666666666,805.5
Shaanxi,53857,538570,36.06666666666667,110.18333333333334,841.1
Shaanxi,53929,539290,35.2,107.8,1206.8
Shaanxi,53931,539310,36.0,109.36666666666666,984.8
Shaanxi,53938,539380,35.166666666666664,108.3,1277.9
Shaanxi,53941,539410,35.18333333333333,109.58333333333333,807.1
Shaanxi,53942,539420,35.766666666666666,109.41666666666667,1156.9
Shaanxi,53944,539440,35.56666666666667,109.25,857.3
Shaanxi,53945,539450,35.43333333333333,109.06666666666666,1394.4
Shaanxi,53946,539460,35.6,109.81666666666666,1091.0
Shaanxi,53947,539470,35.083333333333336,109.06666666666666,979.7
Shaanxi,53948,539480,34.95,109.58333333333333,499.9
Shaanxi,53949,539490,35.18333333333333,109.91666666666667,680.4
Shaanxi,53950,539500,35.233333333333334,110.15,709.9
Shaanxi,57003,570030,34.9,106.83333333333333,925.1
Shaanxi,57016,570160,34.35,107.13333333333334,613.7
Shaanxi,57020,570200,34.36666666666667,107.4,564.3
Shaanxi,57021,570210,34.65,107.13333333333334,751.5
Shaanxi,57022,570220,34.68333333333333,107.78333333333333,1026.4
Shaanxi,57023,570230,35.016666666666666,108.11666666666666,920.6
Shaanxi,57024,570240,34.45,107.65,671.1
Shaanxi,57025,570250,34.516666666666666,107.38333333333334,782.0
Shaanxi,57026,570260,34.36666666666667,107.88333333333334,586.9
Shaanxi,57027,570270,34.266666666666666,107.73333333333333,518.4
Shaanxi,57028,570280,34.03333333333333,107.31666666666666,1544.4
Shaanxi,57029,570290,34.5,108.48333333333333,544.4
Shaanxi,57030,570300,34.7,108.15,995.4
Shaanxi,57031,570310,34.81666666666667,108.55,1013.5
Shaanxi,57033,570330,34.55,108.81666666666666,429.0
Shaanxi,57034,570340,34.25,108.21666666666667,449.2
Shaanxi,57035,570350,34.55,108.23333333333333,636.7
Shaanxi,57037,570370,34.93333333333333,108.98333333333333,711.8
Shaanxi,57038,570380,34.28333333333333,108.45,411.5
Shaanxi,57041,570410,34.63333333333333,108.91666666666667,425.5
Shaanxi,57042,570420,34.78333333333333,109.18333333333334,472.3
Shaanxi,57043,570430,34.8,109.96666666666667,352.3
Shaanxi,57045,570450,34.516666666666666,109.48333333333333,354.3
Shaanxi,57046,570460,34.483333333333334,110.08333333333333,2057.9
Shaanxi,57048,570480,34.4,108.71666666666667,473.4
Shaanxi,57054,570540,34.55,110.23333333333333,557.1
Shaanxi,57055,570550,34.55,110.08333333333333,352.5
Shaanxi,57057,570570,34.1,110.15,964.2
Shaanxi,57106,571060,33.31666666666667,106.15,797.3
Shaanxi,57113,571130,33.9,106.53333333333333,986.7
Shaanxi,57119,571190,33.166666666666664,106.7,552.2
Shaanxi,57123,571230,34.28333333333333,108.06666666666666,506.8
Shaanxi,57124,571240,33.63333333333333,106.93333333333334,1033.3
Shaanxi,57127,571270,33.06666666666667,107.03333333333333,510.7
Shaanxi,57128,571280,33.166666666666664,107.33333333333333,487.0
Shaanxi,57131,571310,34.43333333333333,108.96666666666667,411.0
Shaanxi,57134,571340,33.516666666666666,107.98333333333333,827.9
Shaanxi,57137,571370,33.31666666666667,108.31666666666666,802.0
Shaanxi,57140,571400,33.666666666666664,109.11666666666666,819.4
Shaanxi,57143,571430,33.86666666666667,109.96666666666667,743.8
Shaanxi,57144,571440,33.43333333333333,109.15,696.2
Shaanxi,57153,571530,33.68333333333333,110.33333333333333,582.5
Shaanxi,57154,571540,33.53333333333333,110.9,523.8
Shaanxi,57155,571550,33.55,109.86666666666666,661.0
Shaanxi,57211,572110,32.833333333333336,106.25,837.1
Shaanxi,57213,572130,33.0,106.93333333333334,537.5
Shaanxi,57231,572310,32.53333333333333,108.53333333333333,505.0
Shaanxi,57232,572320,33.05,108.26666666666667,485.0
Shaanxi,57233,572330,32.9,108.5,414.3
Shaanxi,57238,572380,32.53333333333333,107.9,695.1
Shaanxi,57242,572420,32.85,109.36666666666666,286.5
Shaanxi,57245,572450,32.71666666666667,109.03333333333333,291.7
Shaanxi,57247,572470,32.31666666666667,108.9,439.5
Shaanxi,57248,572480,32.4,109.33333333333333,430.0
Shaanxi,57254,572540,32.81666666666667,110.11666666666666,323.7
Shaanxi,57343,573430,31.9,109.53333333333333,994.6
Qinghai,52602,526020,38.75,93.33333333333333,2770.8
Qinghai,52707,527070,36.8,93.68333333333334,2767.8
Qinghai,52818,528180,36.416666666666664,94.91666666666667,2808.4
Qinghai,52825,528250,36.43333333333333,96.43333333333334,2791.2
Qinghai,52836,528360,36.3,98.1,3189.8
Qinghai,52854,528540,36.583333333333336,100.48333333333333,3201.6
Qinghai,52856,528560,36.266666666666666,100.61666666666666,2835.8
Qinghai,52863,528630,36.81666666666667,101.95,2480.8
Qinghai,52866,528660,36.733333333333334,101.75,2296.0
Qinghai,52868,528680,36.016666666666666,101.36666666666666,2273.8
Qinghai,52869,528690,36.5,101.58333333333333,2668.3
Qinghai,52875,528750,36.5,102.1,2125.8
Qinghai,52876,528760,36.333333333333336,102.83333333333333,1814.7
Qinghai,52877,528770,36.1,102.25,2835.5
Qinghai,52908,529080,35.21666666666667,93.08333333333333,4613.0
Qinghai,52941,529410,36.266666666666666,100.26666666666667,2872.8
Qinghai,52943,529430,35.583333333333336,99.98333333333333,3324.0
Qinghai,52955,529550,35.583333333333336,100.73333333333333,3120.8
Qinghai,52957,529570,35.25,100.6,3149.0
Qinghai,52963,529630,35.93333333333333,102.01666666666667,2086.5
Qinghai,52968,529680,35.03333333333333,101.46666666666667,3663.6
Qinghai,52972,529720,35.85,102.45,1921.8
Qinghai,52974,529740,35.516666666666666,102.01666666666667,2492.2
Qinghai,56004,560040,34.21666666666667,92.43333333333334,4533.9
Qinghai,56016,560160,33.85,95.61666666666666,4179.9
Qinghai,56018,560180,32.88333333333333,95.28333333333333,4067.2
Qinghai,56021,560210,34.11666666666667,95.8,4175.8
Qinghai,56029,560290,33.0,96.96666666666667,3717.7
Qinghai,56033,560330,34.916666666666664,98.21666666666667,4273.1
Qinghai,56034,560340,33.8,97.13333333333334,4416.2
Qinghai,56043,560430,34.483333333333334,100.23333333333333,3719.8
Qinghai,56045,560450,33.96666666666667,99.9,4050.8
Qinghai,56046,560460,33.75,99.65,3968.3
Qinghai,56065,560650,34.733333333333334,101.6,3500.8
Qinghai,56067,560670,33.43333333333333,101.48333333333333,3629.3
Qinghai,56125,561250,32.2,96.46666666666667,3644.5
Qinghai,56151,561510,32.93333333333333,100.75,3530.8
Heilongjiang,50136,501360,52.96666666666667,122.51666666666667,439.7
Heilongjiang,50137,501370,53.46666666666667,122.36666666666666,297.3
Heilongjiang,50246,502460,52.35,124.71666666666667,363.0
Heilongjiang,50247,502470,52.03333333333333,123.56666666666666,514.9
Heilongjiang,50349,503490,51.666666666666664,124.4,502.2
Heilongjiang,50353,503530,51.733333333333334,126.63333333333334,175.6
Heilongjiang,50442,504420,50.4,124.11666666666666,373.4
Heilongjiang,50468,504680,50.25,127.45,167.4
Heilongjiang,50557,505570,49.166666666666664,125.23333333333333,243.0
Heilongjiang,50564,505640,49.43333333333333,127.35,236.0
Heilongjiang,50566,505660,49.55,128.46666666666667,120.0
Heilongjiang,50646,506460,48.483333333333334,124.85,204.4
Heilongjiang,50655,506550,48.5,126.18333333333334,267.7
Heilongjiang,50656,506560,48.25,126.5,276.9
Heilongjiang,50658,506580,48.05,125.88333333333334,239.8
Heilongjiang,50659,506590,48.03333333333333,126.25,293.1
Heilongjiang,50673,506730,48.88333333333333,130.4,92.3
Heilongjiang,50674,506740,48.56666666666667,129.43333333333334,404.9
Heilongjiang,50739,507390,47.333333333333336,123.18333333333334,191.6
Heilongjiang,50741,507410,47.93333333333333,123.5,186.3
Heilongjiang,50742,507420,47.8,124.48333333333333,163.8
Heilongjiang,50745,507450,47.38333333333333,123.91666666666667,148.5
Heilongjiang,50749,507490,47.18333333333333,124.83333333333333,159.9
Heilongjiang,50750,507500,47.9,125.3,228.8
Heilongjiang,50755,507550,47.6,126.1,232.4
Heilongjiang,50756,507560,47.45,126.96666666666667,240.4
Heilongjiang,50758,507580,47.18333333333333,125.9,248.3
Heilongjiang,50767,507670,47.233333333333334,127.1,204.0
Heilongjiang,50772,507720,48.1,129.23333333333332,299.1
Heilongjiang,50774,507740,47.7,128.83333333333334,259.1
Heilongjiang,50775,507750,47.333333333333336,130.2,183.3
Heilongjiang,50776,507760,47.56666666666667,130.83333333333334,84.8
Heilongjiang,50778,507780,47.666666666666664,132.53333333333333,59.1
Heilongjiang,50779,507790,48.36666666666667,134.28333333333333,41.2
Heilongjiang,50787,507870,47.31666666666667,131.83333333333334,63.7
Heilongjiang,50788,507880,47.233333333333334,131.98333333333332,68.4
Heilongjiang,50842,508420,46.833333333333336,124.41666666666667,148.9
Heilongjiang,50844,508440,46.4,123.45,139.7
Heilongjiang,50850,508500,46.56666666666667,125.13333333333334,148.4
Heilongjiang,50851,508510,46.68333333333333,126.08333333333333,209.2
Heilongjiang,50852,508520,46.833333333333336,126.45,170.4
Heilongjiang,50853,508530,46.61666666666667,126.96666666666667,181.2
Heilongjiang,50854,508540,46.38333333333333,125.31666666666666,150.4
Heilongjiang,50858,508580,46.06666666666667,125.93333333333334,136.0
Heilongjiang,50859,508590,46.28333333333333,126.28333333333333,169.9
Heilongjiang,50861,508610,46.88333333333333,127.48333333333333,183.2
Heilongjiang,50862,508620,46.983333333333334,127.98333333333333,207.0
Heilongjiang,50867,508670,46.083333333333336,127.35,134.8
Heilongjiang,50871,508710,46.733333333333334,129.88333333333333,96.4
Heilongjiang,50873,508730,46.78333333333333,130.3,83.1
Heilongjiang,50877,508770,46.3,129.58333333333334,101.6
Heilongjiang,50878,508780,47.0,130.71666666666667,80.2
Heilongjiang,50879,508790,46.21666666666667,130.55,190.7
Heilongjiang,50880,508800,46.733333333333334,131.11666666666667,104.7
Heilongjiang,50884,508840,46.63333333333333,131.15,178.0
Heilongjiang,50888,508880,46.31666666666667,132.18333333333334,83.5
Heilongjiang,50892,508920,46.8,134.0,57.2
Heilongjiang,50950,509500,45.7,125.25,150.2
Heilongjiang,50953,509530,45.93333333333333,126.56666666666666,117.7
Heilongjiang,50954,509540,45.5,125.08333333333333,129.2
Heilongjiang,50956,509560,46.083333333333336,126.76666666666667,135.3
Heilongjiang,50958,509580,45.53333333333333,126.93333333333334,166.6
Heilongjiang,50960,509600,45.733333333333334,127.38333333333334,184.1
Heilongjiang,50962,509620,45.95,128.03333333333333,113.5
Heilongjiang,50963,509630,45.96666666666667,128.73333333333332,110.0
Heilongjiang,50964,509640,45.833333333333336,128.8,123.2
Heilongjiang,50965,509650,45.43333333333333,128.26666666666668,167.8
Heilongjiang,50968,509680,45.21666666666667,127.96666666666667,191.0
Heilongjiang,50971,509710,45.766666666666666,131.01666666666668,226.7
Heilongjiang,50973,509730,45.75,130.6,242.8
Heilongjiang,50978,509780,45.3,130.91666666666666,273.5
Heilongjiang,50979,509790,45.266666666666666,130.23333333333332,276.9
Heilongjiang,50983,509830,45.766666666666666,132.96666666666667,104.8
Heilongjiang,50985,509850,45.55,131.86666666666667,155.5
Heilongjiang,50987,509870,45.266666666666666,131.1,224.6
Heilongjiang,54080,540800,44.9,127.15,196.5
Heilongjiang,54092,540920,44.6,129.4,294.8
Heilongjiang,54093,540930,44.93333333333333,130.55,271.7
Heilongjiang,54094,540940,44.5,129.66666666666666,306.5
Heilongjiang,54096,540960,44.38333333333333,131.16666666666666,569.8
Heilongjiang,54098,540980,44.333333333333336,129.46666666666667,272.4
Heilongjiang,54099,540990,44.083333333333336,131.13333333333333,151.3
