area,season_year,season,CACI,component_count,T90,T10,P,D,W
China,1981,Spring,1.2995715169881423,4,-0.11322800363519231,-0.6410215446762715,2.678026917127986,,1.9924656097835043
China,1981,Summer,0.9888053735232551,4,-0.03497597383845824,-0.27441565802023077,1.2135243744726394,,2.502257435438609
China,1981,Autumn,0.16824981457333332,4,-1.2752946395110103,2.807513646405745,1.5996110855267287,,3.1561964586833597
China,1982,Winter,-0.32754314492372666,4,-0.6876604930416061,-0.007590934822079654,,-2.366293157240755,1.7361901357653748
China,1982,Spring,-0.3803388905938328,5,-0.6087732372188032,0.4955912841947158,-0.6765663255711876,-2.1481356221505608,2.0273720161661033
China,1982,Summer,-0.5642459795073589,5,-0.9140973682103986,1.3716361933906511,-0.5600183425051384,-2.0186643589360886,2.043186365505482
China,1982,Autumn,-0.3107632051301203,5,-0.7436785415460424,0.1592170585152912,-0.24477826675006098,-1.5968134029729764,1.1906712441337697
China,1983,Winter,-0.26608731490159965,5,-1.4163226142541245,1.6988794116467347,0.3567454248755888,-0.6884768238406067,2.116496850357879
China,1983,Spring,-0.04697473498920379,5,-0.9295968218601977,0.7813963939730146,-0.48376932508133547,-0.32001278583362414,2.279901651802153
China,1983,Summer,-0.12207386888198082,5,-0.711544770437331,1.2276061742165425,-0.8361973399933157,0.08391723759595143,2.0810617026413336
China,1983,Autumn,0.3427267185322533,5,-0.421613514208252,-0.9004137355365855,-0.2594518031627088,0.538122482709784,0.9561626917858578
China,1984,Winter,-0.5905012309459184,5,-1.7006708257041183,2.315825046529844,-1.0345658410888678,0.8015520702900724,1.297003488303165
China,1984,Spring,-0.17292665352740375,5,-1.5252542075533775,0.34751195312210426,-0.6950930933890358,0.8599728312048258,0.8432531552226727
China,1984,Summer,-0.03534431310432007,5,-1.2051263452482708,1.2146410875930365,-0.7189146798216473,0.9365735092854774,2.0253870378558765
China,1984,Autumn,0.034699003470087385,5,-0.9474713047985174,0.20920561272608557,-0.5542994648597838,0.8983678977516749,0.9861035019831489
China,1985,Winter,-0.32641364879739176,5,-0.8954099430673835,2.3442090286972275,-0.4333191909489995,0.572248595575708,1.4686213231509442
China,1985,Spring,-0.2756714283675171,5,-0.8729019684957406,1.3706027043703655,-0.7254801562696329,0.5032295619762037,1.0873981253219493
China,1985,Summer,-0.3172191058773036,5,-1.515917471260364,0.01411935907511975,-0.7851785708028062,0.3283526006504126,0.4007672711013591
China,1985,Autumn,-0.2783975977765744,5,-1.0708651265632152,0.9404921750276761,-0.31988139983764796,0.08245691206664267,0.8567938004790243
China,1986,Winter,-0.5214789343446814,5,-1.6001625177244376,1.0017288082177895,-0.994138649007145,0.12711663012584015,0.8615186731001252
China,1986,Spring,-0.2781786749049104,5,-0.9582260936131182,0.6785997902430935,-0.7119673746619066,0.23790682094062088,0.7199930630529456
China,1986,Summer,-0.36269408322116237,5,-1.1197734023430426,0.7283310081286242,-0.9076696572993846,0.31013033220617925,0.6321733194590597
China,1986,Autumn,-0.4944139447279069,5,-1.7526558857400087,1.4323784421947656,-0.5311860537444484,0.35148471274842386,0.8926659452912643
China,1987,Winter,0.3783727597232353,5,0.2962688277450563,-0.6274147849459168,-0.7411944199248794,0.39793751176408815,1.3114370940859947
China,1987,Spring,-0.15244632969955857,5,-0.4608142840333437,1.269150106644421,-0.6676532574847761,0.22290718436676077,1.4124788152979872
China,1987,Summer,-0.4597506818601359,5,-0.7539193036998307,1.3897507678504162,-0.9467191169302799,-0.02249913687611706,0.8141349160559642
China,1987,Autumn,0.11822931404208843,5,0.6681439946168395,1.35227255675524,-0.33604683525496415,-0.302296995538594,1.913618963142401
China,1988,Winter,0.12883498087814407,5,0.23551653219732321,0.6517240367636479,-0.6241350793936281,-0.24435318645213003,1.928870674802803
China,1988,Spring,-0.6419785513653687,5,-1.0136132980734844,2.219388185674703,-0.7243890052546181,-0.05231234294444877,0.7998100751204102
China,1988,Summer,-0.12259406672692637,5,-0.07063962080354991,-0.11083606418246943,-0.899914595191753,0.12193526350856412,0.1248125546696376
China,1988,Autumn,0.03604198351528777,5,-0.780206926557984,-0.8760959058299941,-0.5017685482855846,0.30629162233982843,0.2797978642501849
China,1989,Winter,0.16515247072945266,5,-0.18112869505100734,-0.3947755656258298,-0.27049875693814324,0.5486829866078602,0.3339312534027239
China,1989,Spring,-0.11667215762870756,5,-1.178707812308595,-0.1857288485681724,-0.641075482819692,0.5561259974410167,0.49456766097556015
China,1989,Summer,-0.5156492325545767,5,-1.06884343591644,1.648354577206469,-0.768984679643167,0.4164473954389584,0.4914891345542341
China,1989,Autumn,-0.14341560092866468,5,-0.7332967693770336,0.08138672378434626,-0.4705280968140402,0.1992209230822864,0.3689126622498103
China,1990,Winter,0.24539806626631178,5,0.359258941623209,-0.341973754268959,0.39525074919763337,0.19487162066316333,-0.06436473442140583
China,1990,Spring,-0.31148974135616103,5,-0.7819461434812381,0.5375878403977781,-0.2622235185111235,0.12116284965711902,-0.09685405404778444
China,1990,Summer,-0.04550244213718193,5,-0.7232388248503118,-0.30316997751615865,-0.45102151200080126,-0.022378489964871528,0.6659566386139163
China,1990,Autumn,0.2748417749124211,5,0.51526937770137,-0.7399378632185285,0.0037737938349647984,-0.1847908803319338,0.3000187201391757
China,1991,Winter,0.11989121228017488,5,-0.28785205390137886,-0.9491852059301915,-0.06867953485123454,-0.11222392948601496,0.11902637370931128
China,1991,Spring,-0.27147688027077826,5,-0.1981228640866691,0.9288852547385757,-0.5272971470494893,-0.03694089796433803,0.3338617624851807
China,1991,Summer,-0.11378013826903108,5,-0.2125354999337582,0.050255709231321964,-0.07732681913497276,-0.028327996759385653,-0.20045466628571693
China,1991,Autumn,-0.34105452897755484,5,-1.3192831600681885,-0.5948142067234125,-0.4749113826145638,-0.014575567638014491,-0.49131674129041986
China,1992,Winter,-0.11937692608000075,5,-0.21998793995349705,-0.00621512581427416,0.5133852262270148,0.17967080407196143,-1.076167846559757
China,1992,Spring,-0.3884643988213172,5,-1.3506385979251152,-0.18060560588429592,-0.4708162466603493,0.2221546314294074,-0.523627386834825
China,1992,Summer,-0.7925365938591525,5,-1.1998967932541873,2.181626113788948,-0.7353913047040835,0.23434093453882127,-0.08010969208736564
China,1992,Autumn,-0.3985197351230786,5,-1.0056554365772645,1.2358076494038637,-0.45942966088158427,0.21673683227759433,0.4915572389697253
China,1993,Winter,0.08665274886366407,5,0.12301367596574578,-0.19119738916839008,0.03449529255914317,0.2923784292670441,-0.20782104264200277
China,1993,Spring,-0.25636890798331224,5,-0.6095822636681665,0.5380122341939405,-0.5085503548710057,0.21939680399703126,0.1549035088195201
China,1993,Summer,-0.6934280221455691,5,-1.4431835326665927,1.178040239137777,-0.4356739707722944,0.102528415693483,-0.5127707838446646
China,1993,Autumn,-0.42973226252089675,5,-0.9785892196110622,0.89086800585931,-0.25491717926769536,-0.046012178359722426,0.021725270493305807
China,1994,Winter,0.11938103102194504,5,-0.5955545564518404,-0.6038586642493853,-0.2603774686545289,0.20940585495391448,0.6395726610127948
China,1994,Spring,-0.00731716356612872,5,0.14270459356118212,-0.250929740002994,-0.5552628364175415,0.2770851670918815,-0.15204248206915974
China,1994,Summer,0.2532961579156642,5,0.4201352430646168,-1.0449447235460279,-0.16236775221506167,0.3356767356314553,-0.37190816044871744
China,1994,Autumn,-0.03847114041281591,5,0.10007465066750394,-0.07466191198961643,-0.43299802247681984,0.35786979516216316,-0.2919640374065432
China,1995,Winter,-0.042253957371032234,5,-0.4754371175430967,-0.5369825414400248,0.13037442496331947,0.4435241428953207,-0.8467137786107295
China,1995,Spring,-0.2350096822698252,5,-0.5050254810826434,0.2980400761758847,-0.836605853767519,0.47715673699609146,-0.012533737319170322
China,1995,Summer,-0.199515024575902,5,-0.647659614636495,-0.050593192955593363,-0.4458187793007696,0.4916225199818456,-0.4463124418796845
China,1995,Autumn,0.052896278827877605,5,-0.015019514058472506,-0.33004464156748864,-0.37426888159812277,0.4418982033380264,-0.11817305510953169
China,1996,Winter,-0.22249497803066606,5,-1.1411885150234413,-0.07552658394504803,-0.5471291023991058,0.492164250648203,0.008151892675965826
China,1996,Spring,-0.4958780884906866,5,-0.8935057136480925,1.5257721090621668,-0.5978310689677678,0.5418049661658024,-0.004086516941208473
China,1996,Summer,-0.2941869257755902,5,-0.7678046150021302,0.5802916818669247,-0.4028324574040332,0.5835736565714135,-0.3035795311762765
China,1996,Autumn,0.012617700878866722,5,-0.23744398631591282,-0.22118826193239843,-0.42710939008021476,0.5528980427666618,-0.04644442390859898
China,1997,Winter,-0.007615104867060985,5,-0.2599406468571111,-0.5924260841952441,-0.3424550430878976,0.4415318374850332,-0.46963775607057356
China,1997,Spring,0.0898242347247848,5,0.3886519639982754,-1.380868186715903,-0.6881514228478335,0.4371045124747484,-1.0693520667171692
China,1997,Summer,0.08381617668968791,5,0.8627213895959114,0.31981478820102227,-0.714864110202483,0.3971716237942962,0.1938667684617372
China,1997,Autumn,-0.4711805591582272,5,-0.3332458237669787,1.4827766938570008,-0.6313420306327164,0.2975077123374511,-0.20604595987189134
China,1998,Winter,0.14242689968330308,5,0.6303915169398756,-0.26179240307791324,-0.07273697407206194,0.378931561556568,-0.48624400908577947
China,1998,Spring,0.4218313496729218,5,2.2426015944882276,-0.31470233092265576,-0.42186353343710237,0.28266073625713145,-0.3089443798663033
China,1998,Summer,0.23926428445072098,5,0.603398709571653,-1.5181496278034,-0.28995757672009614,0.11366538837983527,-0.7489347267811872
China,1998,Autumn,0.3887196316533471,5,2.3437271037473715,-1.0083142414270916,-0.4518815384643105,-0.0964568525596611,-0.8601047958837561
China,1999,Winter,1.222824252257191,3,2.3668151896793503,-1.4853841130604797,,,-0.18372654596825752
China,1999,Spring,0.09091442201602846,3,0.8569945252582175,-0.014851874862448232,,,-0.5991031340725803
China,1999,Summer,0.04576236119295226,3,0.43019471054961433,-0.358706277902891,,,-0.6516139048736486
China,1999,Autumn,0.23356541533115868,3,0.5292159453968719,-0.6253962465967148,,,-0.45391594600011054
China,2000,Winter,0.023788664895121173,4,-1.0962984924910648,0.4590856415690459,2.0759759487821015,,-0.4254371551415061
China,2000,Spring,0.28787021382195677,4,-0.6230514564739564,-1.4470331429580254,1.3178088198081277,,-0.99030965100437
China,2000,Summer,0.33944656962690234,4,1.0316305698825161,-0.8459712773158145,0.3033033530019045,,-0.8231189216926259
China,2000,Autumn,-0.1829010255484553,3,-0.1472337103420225,0.5674602108303535,,,0.16599084452701005
China,2001,Winter,-0.12574557558202965,3,0.04566482697039631,-0.10609916624024246,,,-0.5290007199567277
China,2001,Spring,0.3588848162139957,4,0.2745514232709073,-0.7554906123090982,1.2499355525771296,,-0.8444383233011522
China,2001,Summer,0.5143114158049531,4,0.6242340832586872,-1.139511913576199,1.3478841432546855,,-1.0543844768697592
China,2001,Autumn,0.061429127157454376,3,0.36694070593447553,-1.1390811916561991,,,-1.3217345161183116
China,2002,Winter,0.9102939387258693,4,1.6906875117916376,-1.0940539743816067,1.792023248893245,,-0.9355889801630123
China,2002,Spring,1.0936171805056134,4,1.5577213895542612,-0.9921440693518977,2.5370719962501163,,-0.7124687331338219
China,2002,Summer,0.91856541600859,4,1.1001906646030113,-0.1608264896534382,3.311018013411271,,-0.8977735036333602
China,2002,Autumn,-0.567663795733836,4,-0.4081360488556504,0.7837956912991589,-0.3244657142142098,,-0.7542577285663249
China,2003,Winter,-0.08420471309632654,4,0.5761193546233068,0.04185474338432235,-0.0704937536055886,,-0.8005897100187019
China,2003,Spring,-0.05707184760488895,4,0.20197227122589123,-0.8614762479464242,-0.6505357694849484,,-0.6412001401069229
China,2003,Summer,-0.2997154493969116,4,0.1232952797838663,0.040034542922368986,-0.5147472373683328,,-0.7673752970808109
China,2003,Autumn,0.14408414310006787,4,0.8163757112962908,-0.41166428710934466,-0.25488841990290534,,-0.39681500610245857
China,2004,Winter,-0.31580621700651673,5,0.0021114850973706595,-0.9899294571461759,-0.5832363431168823,-0.5744037497156097,-1.4134319344436381
China,2004,Spring,0.157123415311685,5,1.2543049420753989,-0.982760168735804,-0.5544531393786044,-0.4820670754242011,-0.4149278194499724
China,2004,Summer,-0.38466172825868405,5,-0.10746152767680556,0.2067802531259349,-0.7489618695659067,-0.44092714004660255,-0.41917785087817067
China,2004,Autumn,-0.3012134035641163,5,-0.11076673650089391,-0.6767616457370341,-0.6612644294843298,-0.33396264332336895,-1.076834854249023
China,2005,Winter,-0.7050935775999457,5,-0.11759590014263052,0.5566386472947445,-0.15022785408783274,-1.9887221832439372,-0.7122833032305838
China,2005,Spring,-0.607184969140565,5,0.4339524155139982,-0.8922298065968792,-0.4581756905624191,-2.854853528421978,-1.0490778488293049
China,2005,Summer,-0.2908527873107326,5,1.0723348881827663,-1.0244750060082808,-0.02105634223310358,-2.8017878960602287,-0.7282295924513781
China,2005,Autumn,-0.4104701403859329,5,0.8612052185981678,-1.378665667010298,-0.8444712134718702,-2.3622308394421743,-1.0855195346240856
China,2006,Winter,0.12131885647819549,4,0.25232034385844365,0.2577608148586466,0.7530840673039093,,-0.2623681703909244
China,2006,Spring,0.24501326592406805,4,0.6359104831235998,0.01847207660041401,1.0447290644715526,,-0.6821144072984661
China,2006,Summer,0.9153575332893353,4,1.803047449929874,-1.41079790843935,1.2116444663042074,,-0.7640596915160901
China,2006,Autumn,0.634226422349536,4,2.205785830316072,-0.9844086807056794,0.7909642683631822,,-1.4442530899867896
China,2007,Winter,-0.18722421555609192,5,1.5268799784243854,-1.700361868914259,-1.0386750764673116,-1.5282897602759988,-1.5963980883757936
China,2007,Spring,0.19337924861066555,5,1.8077810400416747,-1.1545232805958534,0.4912933547407025,-1.5008735211421496,-0.9858279111827531
China,2007,Summer,0.3417910709419837,5,1.3341331214563252,-1.2030331879046847,1.434014471739141,-1.573870515516105,-0.6883549108741271
China,2007,Autumn,-0.2784870690647761,5,0.28011786157603313,-0.7147292094404748,0.005971411831803575,-1.4454409234351226,-0.9478129047370693
China,2008,Winter,-0.6437556627320513,5,-0.4327703005185935,1.471429019914336,0.3685734448932158,-0.6074671973906596,-1.075685240729883
China,2008,Spring,0.31210221318761344,5,1.4398078068191935,-1.5071616249327857,-0.006486797578802486,0.3608489888676141,-1.7408205571027235
China,2008,Summer,0.4493874615623824,5,-0.06657367336438381,-0.39168199140716614,1.4145597123090436,1.539431819406791,-1.0321625419467046
China,2008,Autumn,1.2828830394838775,5,1.300024338978125,-1.2731608081785106,2.160320801291228,2.6898667828094505,-1.0089575338379269
China,2009,Winter,0.672185730132866,5,1.9292682707444222,-1.0325030779440032,-2.0108024182546247,2.7090547452048432,-0.29909502497431395
China,2009,Spring,1.0630042615448212,5,1.3575565928562565,-1.1079270058919928,1.5426111980792827,2.2564209990593733,-0.9494944881627984
China,2009,Summer,0.6153190934361923,5,0.711547611886266,-0.7977867037571247,0.1418275202830158,1.7618105576155683,-0.33637692636101313
China,2009,Autumn,0.33923325620892547,5,1.159477643167615,0.652701209602139,0.42455704067322936,0.9538177929237568,-0.18898498611783487
China,2010,Winter,0.7166357809854527,5,1.0736641560648101,0.19813549629369392,2.822757678203556,0.32115894653608174,-0.43626637958349174
China,2010,Spring,-0.235744239965944,5,0.028477205370640548,1.6604440815603274,1.0027704970117923,-0.1807430140443168,-0.36878180660750876
China,2010,Summer,0.6022866452683037,5,2.446328051377249,-1.516382495746336,1.0458406590335088,-0.8487224561396541,-1.1483955236759211
China,2010,Autumn,0.6428571086502572,5,1.1340979624017695,-0.6465371716015987,3.8246899302774455,-1.5039594287121685,-0.88708009231736
China,2011,Winter,0.20381977971363688,5,-0.4322689975759561,1.7661642028670965,4.398895093139438,-1.356610977365173,0.17524798323697208
China,2011,Spring,-0.4320575494527388,5,0.07715285199159004,0.9524221255325647,0.997188582436324,-1.365475520414167,-0.9167315357448762
China,2011,Summer,0.2875567444098554,5,1.6472253491743867,-1.0209670764502206,1.162944107186183,-1.4771841075992453,-0.9161687031622676
China,2011,Autumn,0.1252823196027356,5,1.3020418558316176,-0.45241068134498996,1.239316772508074,-1.4064285865837594,-0.9609291250872445
China,2012,Winter,-0.5060392443656605,5,-1.4802275191731407,0.5743336456601775,1.737412879300179,-0.9898426684193171,-1.223205267875846
China,2012,Spring,0.12109019410303064,5,0.6220992733964334,-0.9047105255723522,1.6163024640516745,-1.2977765200501752,-1.2398847724551316
China,2012,Summer,0.21043788794336304,5,0.6089627968296285,-1.2480019328526277,1.819654033636698,-1.7769119721415112,-0.8475173514606279
China,2012,Autumn,-0.45712890759561586,5,-0.48457813369266045,-0.2338800988565779,0.7271281669649351,-2.0891444814826268,-0.6729301886243051
China,2013,Winter,-0.3464851849807208,5,0.5374927917053112,0.9361047988501017,0.4031440477287118,-1.4814682740275917,-0.25548969145993344
China,2013,Spring,0.8363783776312967,5,2.230297802388138,-0.6094445806120976,3.0190786168797525,-0.9931310184122139,-0.6837980933112904
China,2013,Summer,0.9556589333983776,5,2.476169340319907,-1.0235940663997616,1.0858511794263128,-0.47164546526389967,0.6643255461098067
China,2013,Autumn,0.4560906547108539,5,0.5582279113278222,-0.31382289441918443,0.5979620786141784,0.19307722432216087,0.6173631648709239
China,2014,Winter,0.6417293374184726,5,0.7828726470452887,0.022100327216614944,1.5142746875094906,0.5318556346539137,0.4017440451002848
China,2014,Spring,1.3352425861181636,5,2.194567106338587,-1.600017950187769,3.338765069091796,0.12390248759364457,-0.5810396826209783
China,2014,Summer,0.39798554693309984,5,1.0890645178024083,-0.501582417371962,0.7653719730306604,-0.4136336205137836,0.04754244697425185
China,2014,Autumn,0.3936157486097028,5,1.3966037563908258,-0.962977951001663,-0.06273702765331564,-0.9772928812187559,0.6485269445280963
China,2015,Winter,0.7790162434618099,5,1.006495820696564,-0.8889222238846163,1.7129436697335214,-0.8727889527982994,1.1595084557926467
China,2015,Spring,,1,,,,-0.7900340173202396,
China,2015,Summer,0.5157121872305682,5,1.3536557944423604,0.2863075073994054,1.250088124655201,-0.7617046890144801,1.0228292134691652
China,2015,Autumn,0.9703777832140622,5,2.213258155977286,-0.5221142973934472,1.8120896136222036,-0.6261818495564809,0.9306086986338548
China,2016,Winter,2.5577318039320813,5,0.4046524442385294,0.02250750837382132,11.137619163865311,-0.3889669282314262,1.6578618481618128
China,2016,Spring,0.8179293742479897,5,1.8415552390683265,-1.123464535131737,1.8948135783177702,-0.8238835175022355,0.053697036224350465
China,2016,Summer,1.0509530619524485,5,3.428592494399947,-1.4057917440670054,0.8388582702758225,-1.4385095444325011,1.0200323454519686
China,2016,Autumn,1.0579026294502607,5,2.7583225095059514,-0.24570711497933928,3.016301364559049,-1.9526013025028544,1.221783460709819
China,2017,Winter,0.6201465165914012,5,2.942274948571664,-1.9390889401669142,-1.4828059423820317,-1.5673076654830052,1.2694823020834651
China,2017,Spring,0.48765629522983217,5,1.0758622407140206,-1.4210879708954904,1.5325228542683504,-1.365475520414167,-0.22571606931453414
China,2017,Summer,1.2081482650839717,5,2.7748487417416383,-0.7743514081385621,2.956779799704792,-1.216130806223723,0.7508921820585884
China,2017,Autumn,0.813512387662396,5,1.8522231933083653,-0.6315580334875989,1.4804174829617471,-0.8797620390903468,0.9831252676446153
China,2018,Winter,0.20375326191792043,4,0.28367957083187545,0.5023309828517055,,-0.5762528732250546,1.6099173329165664
China,2018,Spring,0.7771123011945316,5,4.153596418450424,-1.3133384087105815,-0.7239666132624925,-1.3316260202321712,0.4742193123063154
China,2018,Summer,1.0181008492528814,5,2.6294125392597056,-1.9182512844107427,1.9085012957534868,-2.366699060434358,1.0010381872748297
China,2018,Autumn,-0.26171046246426527,5,0.2565738477863125,-0.061802588625748306,0.45636831926508004,-3.240008418597862,1.156711350599395
China,2019,Winter,1.0846380203791017,5,1.377704688316596,0.09430799159395287,5.037252680561129,-2.667612592320572,1.7701533169323085
China,2019,Spring,0.8612333121645621,5,2.351315754892324,-1.4819832364130403,2.5428841631398758,-2.177863524782064,0.10784693115963409
China,2019,Summer,0.7101143739650885,5,2.07274386810759,-1.0821235558029254,0.7605668509478027,-1.7092314865997098,1.3443690815668348
China,2019,Autumn,0.8590364708799655,5,2.4565714633384346,-0.9253974347952852,0.05870655776458436,-0.9382805443673926,1.7927874428689161
China,2020,Winter,1.2562043939130716,5,1.7624185573141506,-1.212473413502336,3.285129318528883,-0.22509172636200134,0.24609240658199047
China,2020,Spring,0.6558347113891213,5,1.9122021812963739,-0.798646953437761,1.0354061375443626,-0.417689515318287,-0.04939220001460429
China,2020,Summer,1.384974259993729,5,2.259978095593239,-1.1384950633110853,3.0239057935033435,-0.7133614850560502,1.2158538326170274
China,2020,Autumn,0.9689004143310939,5,1.896906021336635,-0.8141073629757317,1.8780092263393853,-0.9577867127930743,1.213266173796792
China,2021,Winter,0.8506010441910836,5,2.0894314314914553,0.08077768629353697,1.2266642504247445,-1.9677899879803316,2.985477213313087
China,2021,Spring,0.6388691459619229,5,2.602658554024554,-1.4753430217957548,1.0505051404252956,-2.877491804519246,0.9433308180832554
China,2021,Summer,1.0553644281097474,5,2.408402126868454,-1.33583270483438,3.3623412294107027,-3.4474646683214525,1.6177107477566526
China,2021,Autumn,1.3269410574675375,5,2.5221827929904306,-0.18440940258797292,6.027113580634674,-3.6387715934490816,1.5397711045736928
China,2022,Winter,1.4627759858664382,5,0.15331926052454622,-0.5243437257829032,9.120729131327916,-2.809656250825771,0.3251440625225958
China,2022,Spring,0.6930185995341631,5,3.9646375599406745,-0.7763419115528066,1.3437691135043213,-2.955904673916832,0.33624908658984526
China,2022,Summer,1.3533524482560346,5,4.960571442644792,-1.4639341081467265,2.0252016026968342,-3.3111327280896674,1.6281878158814875
China,2022,Autumn,0.7515844387528461,5,3.2520478863885085,-0.3321060634430386,1.1761901067166995,-3.273353679660375,2.2709318168763586
China,2023,Winter,0.8070831054280003,5,0.8359941919164092,-0.1627518534392298,1.7139849312966293,-1.366976879518337,2.6896614300060704
China,2023,Spring,0.86065671720089,5,3.0419120822398,-0.8528221269542519,0.5931521412488563,-1.4492214859709918,1.2646187215325335
China,2023,Summer,1.616503854525027,5,4.055734907113544,-1.8596933236771154,2.013015099435308,-1.6004985056344503,1.754574448033618
China,2023,Autumn,1.314830598859944,5,4.044824752676045,-1.2929799100707042,1.3097743604242864,-1.5586922005054358,1.48526617163412
China,2024,Winter,1.1381648395945898,5,2.346919760731838,0.6495831641871114,1.7623377584985631,-0.941776262669661,3.17292610559932
China,2024,Spring,1.1400388300431807,5,3.7080050114452714,-2.2316309435660884,0.6254832533199809,-1.343783078028189,0.478858019912751
China,2024,Summer,1.877846000588151,5,5.131583335095503,-2.471336956085462,2.48620298788627,-1.8200761191614285,1.1201828430349476
China,2024,Autumn,1.8316314177934614,5,5.315744145073318,-1.5869699753545428,1.6573443200013989,-2.123203115699539,2.7213017642375874
China,2025,Winter,1.0635776137777286,4,0.699250777989885,-1.10132770723199,0.06989541157638106,,2.3838365583126584
China,2025,Spring,1.4872900230534394,4,3.505132482296911,-0.7347777580500048,0.5432896868534738,,1.165960165013368
China,2025,Summer,2.7785266489594216,4,4.909615476674071,-2.099077878605656,2.4348114440705912,,1.6706017964873683
East,1981,Spring,0.6681517684931091,4,-0.41051498663286495,-0.37274739580678906,1.7517316173534463,,0.958643047445066
East,1981,Summer,1.0027993249744265,4,0.662453240286694,-0.6736291318047466,0.5970721023342935,,2.078042825471972
East,1981,Autumn,0.25200718996208227,4,-1.799220428097002,2.9254510807031457,2.2984485720978456,,3.434251696550631
East,1982,Winter,-0.14801007203302186,4,-0.7848667273093732,0.4553379058667816,,-1.1684425985940747,1.8166069436381425
East,1982,Spring,-0.3544919598675781,5,-0.4183916561759352,0.3937829596360727,-1.7800887475301261,-1.5460427512271127,2.365846315231356
East,1982,Summer,-0.6575335182880704,5,-1.7204857425475941,1.2252061982806806,0.1188560655226212,-1.6876491300844452,1.2268174139497465
East,1982,Autumn,-0.2829527609343171,5,-0.8719325881804794,-0.3238828316838871,0.06011006558793741,-1.4648932209204222,0.5380691071574915
East,1983,Winter,-0.21103593159524023,5,-1.1825999811009373,0.5328364839015777,0.051419828113870865,-0.9667901677400823,1.5756271466525253
East,1983,Spring,0.2747067763026035,5,-0.43976118429271277,-0.07732200281667541,-0.07608952289444815,-0.470616250581312,2.282678836464815
East,1983,Summer,0.09467528645830589,5,-1.0222183159137959,0.7953733662087944,0.37122451531316697,0.3411219451542807,1.578621653946672
East,1983,Autumn,0.6723913569821663,5,-0.6571867233116686,-1.0962602754404176,1.3762063071314967,1.0009332495650072,0.5457436760855784
East,1984,Winter,-0.6708414836144578,5,-1.5017004707717982,2.1976132821639798,-1.5062349998600195,1.3217963980466776,0.5295449366768307
East,1984,Spring,-0.049986022079660145,5,-1.2131661980470356,0.7138914962617966,-0.9044817906623951,1.1096699971797988,1.471939377393128
East,1984,Summer,0.19305023457589138,5,-1.0123417332598108,-0.1961420560306896,-0.9960249770026187,0.6374836009294236,2.139992226181773
East,1984,Autumn,0.2836980778712726,5,-0.43421085826069716,0.07529227805091158,1.4363802950299693,0.08021061746714904,0.41140261317085336
East,1985,Winter,-0.29353174477153665,5,-0.5235194622716625,2.0099987691921064,-0.13385410951541835,-0.3702718328150661,1.5699854499365702
East,1985,Spring,-0.4161619909494558,5,-0.802821057522929,0.4388850128880947,-0.859715918018572,-0.9146165856011351,0.935228619283452
East,1985,Summer,-0.4433342837903912,5,-1.2264432400939604,-0.8455950733057978,-1.450000857207662,-1.409895222708107,1.0240728277519753
East,1985,Autumn,-0.37684387068088826,5,-0.21164068878563388,0.49182542908574506,0.5550955060779147,-1.563096379806493,-0.1727523618044842
East,1986,Winter,-1.0157542918362172,5,-1.5676451400724472,1.1060112938992983,-1.7073904290591215,-1.4556781691600325,0.7579535730098131
East,1986,Spring,-0.33055532718346364,5,-0.02088795209749627,0.012834231960346153,-0.46654261629446125,-1.4717783455654039,0.3192665100003893
East,1986,Summer,-0.6857031018287802,5,-0.7857776274075507,0.17293491977643877,-0.925959768766942,-1.1917976396160916,-0.35204555357687817
East,1986,Autumn,-0.6355302407603635,5,-1.4990474512569094,1.480457634699079,0.006592152458266536,-0.6924909414570948,0.48775267115299975
East,1987,Winter,0.4909689716425942,5,0.7056100260428028,-0.47270126911300475,-0.5499181784860876,-0.2852463069539584,2.1116980484972094
East,1987,Spring,-0.25758134594079013,5,-0.41441704103528937,2.077748868773818,-0.05827290870714112,-0.29790829895519505,1.5604403877674926
East,1987,Summer,-0.6884767783697702,5,-0.9365283483819138,1.3247609096697057,-0.7095849049461059,-0.20313054012784712,-0.26837918872327793
East,1987,Autumn,0.4447055179727551,5,1.0620084918786028,1.1145451435975324,0.9364103765832708,-0.07567456751466138,1.4153284325140958
East,1988,Winter,-0.01539105522109845,5,-0.04922736460805992,0.8383966866797382,-0.39057706892918903,0.2986126475051697,0.9026331966063252
East,1988,Spring,-0.2815948573774091,5,-0.6163579534474282,1.627058261624893,-0.6235014099980446,0.916053505615242,0.5428898325680781
East,1988,Summer,0.26197680442940463,5,1.092341284649667,-0.08941840616627417,-1.3603578891547348,1.5913243869310199,-0.10284216644520297
East,1988,Autumn,-0.08310375469368791,5,-1.159282450944752,-0.5707457474244061,-1.4104658855255716,1.8688773286142866,-0.2853935130368088
East,1989,Winter,0.5091127865097621,5,-0.49030193380574677,-0.3609470310034457,0.6717270311163471,2.0074572404590816,-0.004265436224316928
East,1989,Spring,-0.023875316523143387,5,-1.4023468787301243,-0.13809962570684928,0.22609793775598683,1.7426451769770552,-0.8238724443254839
East,1989,Summer,-0.4973383286148735,5,-0.8248929719398482,2.355591799844457,0.13073119285702908,0.8881326560187062,-0.32507072016579747
East,1989,Autumn,-0.1865987442027484,5,-0.8998688480751479,0.4764267095926278,0.46675702065457686,-0.0652624844563976,0.041807300455854506
East,1990,Winter,0.14365428923563248,5,-0.7482438721609821,-0.43810749571074514,0.8342012251976554,-0.27943769572441624,0.4736442931551602
East,1990,Spring,-0.26330759583439817,5,-0.7553743052743408,0.04953834495913214,-0.3540907891881948,-0.5208009427407935,0.3632664029904702
East,1990,Summer,0.22201014795217403,5,0.34473996683481284,-1.2878339343163538,-0.6658893542406915,-0.8341972305840635,0.9775634234344583
East,1990,Autumn,0.28343862049355095,5,-0.023842831960214094,-0.685821458279022,0.45834664672548225,-0.9431609680876091,1.240028797511074
East,1991,Winter,0.07898002922082673,5,-0.5059097440926944,-0.9441235677341875,1.100513639728246,-0.5398782226290931,-0.6039490946365125
East,1991,Spring,-0.25645373983323577,5,-0.6878721099760134,2.061464958349608,1.830382945831034,-0.2503611178267959,-0.11295345884479552
East,1991,Summer,0.29871676681136944,5,-0.13926900066575146,0.20482204162765566,2.42830032177406,-0.00535722007544071,-0.5852682253483651
East,1991,Autumn,-0.45568764608785167,5,-1.2922788779165473,-0.5399046711471848,-0.9374044005270916,0.21626819168671277,-0.8049278148295174
East,1992,Winter,0.28311307199027624,5,0.5569293141000503,-0.17877779528157514,0.6010426928901299,0.4695970859047141,-0.39078152822508827
East,1992,Spring,0.09741471707515553,5,-1.131456469471773,0.7334526394244681,1.3818221161166464,0.539167177450623,0.4309934007047495
East,1992,Summer,-0.3678285118906762,5,-0.33779032903568534,1.6121752842206218,-0.8285976842651872,0.5614331604968347,0.3779875775712791
East,1992,Autumn,-0.23390683223275274,5,-0.9297728088259553,1.0878986532120563,-0.7450648289457382,0.4649693195893168,1.128232810230669
East,1993,Winter,0.3103028049984799,5,0.0016465917509756252,0.026530723369232616,0.7096140725703188,0.5018413567757791,0.36494272726455873
East,1993,Spring,0.08945738468325629,5,-0.7285195665322739,0.7212196883889115,0.8094747126132913,0.33813372793246377,0.7494177377917117
East,1993,Summer,-0.538975424021024,5,-1.0872543102447219,2.116530179865751,0.9810697287640312,0.0907788404983746,-0.5629411992570531
East,1993,Autumn,-0.43477431832736374,5,-0.7338319053042944,0.8239939495749339,-0.40851818446615734,-0.15068857679455333,-0.05683897549687958
East,1994,Winter,-0.10843278425938345,5,-0.8064153429542086,-0.5758659986980112,-0.7744171134397633,-0.11498833184326769,0.5777908682423111
East,1994,Spring,-0.02416861440178162,5,0.5051820091769204,-0.502821917428031,-0.7789918979844405,-0.20293993448028994,-0.1469151661491291
East,1994,Summer,0.6074834240740719,5,1.1534616841551995,-1.315836749310878,-0.6073818325634255,-0.24254221408557347,1.4180427335532808
East,1994,Autumn,-0.024670892987192883,5,0.38563437819506724,0.19963867597960921,-0.3592700830224024,-0.2278554815211819,0.27777539739216184
East,1995,Winter,0.11585586139136557,5,-0.6012811803792408,-1.2555304209614613,0.10817389483546135,0.1423940883512657,-0.32553791681211974
East,1995,Spring,0.15821549404245522,5,-0.8203815371126932,-0.35320076949898804,0.6556903287298155,0.9178377150179441,-0.3152698059217783
East,1995,Summer,0.36077774152366826,5,-0.49715772127644714,-0.7581199861498106,0.12225490949398467,1.8036302146973948,-0.3829586814464015
East,1995,Autumn,0.12325097559451086,5,0.002526433839855665,-0.46191354573846777,-1.7919428110340792,2.2266053705065345,-0.2828476610782244
East,1996,Winter,-0.08594122186352939,5,-0.7366224303920462,0.5207122660977436,-1.5045450841165549,2.3221335336229334,0.01004013766576413
East,1996,Spring,-0.4733372261832203,5,-1.4355684588063762,1.4084417650604824,-0.9817672503426851,2.0216992111053624,-0.5626078678119206
East,1996,Summer,0.4832854723397972,5,-0.49481119511392074,0.14909295284227167,0.741217946281189,1.242267217774708,1.0768463455992814
East,1996,Autumn,0.12317568323633946,5,-0.6947515159578852,-0.4876100484935518,0.5213618882586752,0.2829604888799989,0.018697506507356517
East,1997,Winter,-0.3911092380742699,5,0.161522724744297,-0.7611134978785226,-1.4277650845913434,-0.5503164066743136,-0.9001009217285121
East,1997,Spring,-0.345173885196217,5,0.7930428352639035,-1.3919709079035552,-1.674232657040319,-0.9841214631362486,-1.252529048971976
East,1997,Summer,-0.4687312070777093,5,-0.502531148171572,-0.5914709317955836,-0.639415580392199,-1.3174264074065523,-0.4757538312138066
East,1997,Autumn,-0.6484951662315557,5,0.0845174573058672,1.1377877473571274,-0.7045762480397881,-1.344032881836995,-0.1405964112297345
East,1998,Winter,0.2212464254494098,5,0.11181034253636545,-0.4074667803054164,1.0682060536092324,-0.8036278022713363,0.3223767530673712
East,1998,Spring,0.37968587579711477,5,1.5616060051583434,0.25722578683234965,0.9010247685431908,-0.6660539602345704,0.35907835235095936
East,1998,Summer,0.3593903592905031,5,0.5631215085987966,-1.0056343714366183,1.3528496892346105,-0.4588485534168425,-0.6658052194006672
East,1998,Autumn,0.10776208610617322,5,1.338405467344483,-1.7008082827101836,-1.234812231566874,-0.17713843688190506,-1.0884526510750214
East,1999,Winter,1.0244744735708957,3,2.882838714825068,-1.3773190489191196,,,-1.1867343430315003
East,1999,Spring,-0.06223503903587019,3,-0.3006747773532578,-0.5738389542168842,,,-0.459869293971237
East,1999,Summer,-1.000614028465859,3,-1.1654401465325483,1.071741618237081,,,-0.7646603206279476
East,1999,Autumn,0.6706479313686686,3,1.5066558034897743,-0.356839428867453,,,0.14844856174877843
East,2000,Winter,-0.4161032221899088,3,-0.6490318914849651,0.4607240811594709,,,-0.13855369392529043
East,2000,Spring,0.4222624281054426,3,0.22459547725911105,-1.716381856032938,,,-0.6741900489757211
East,2000,Summer,0.04470148825815518,3,-0.6171569748558141,-0.9931202237390238,,,-0.2418587841087441
East,2000,Autumn,0.10562398837026492,3,0.07324353137659768,0.5573295275630715,,,0.8009579612972686
East,2001,Winter,0.535593491973972,3,0.34280949696080965,-1.225554196668946,,,0.038416782292160334
East,2001,Spring,0.09862852604770252,3,0.5258297622281375,-0.8591465842425221,,,-1.0890907683275521
East,2001,Summer,-0.12052349973347387,3,0.26088282289003545,-0.44779801931536245,,,-1.0702513414058195
East,2001,Autumn,-0.06640952363749868,3,-0.7946913245552748,-1.3627433933103539,,,-0.7672806396675751
East,2002,Winter,0.6411092041458732,3,1.7461361550776466,-1.068103233065086,,,-0.8909117757051132
East,2002,Spring,0.26776842140308194,3,1.7977049328138635,0.08557283900523474,,,-0.9088268295993828
East,2002,Summer,-0.027179452898478156,3,1.173776238966722,0.5840904396725088,,,-0.6712241579896475
East,2002,Autumn,-0.07426624654923467,4,0.012093900324491511,0.3567409984176873,0.11765796365300134,,-0.07007585175674427
East,2003,Winter,0.3617481449394538,4,0.2643555615612397,0.23463804354127957,1.285263175296214,,0.13201188644164105
East,2003,Spring,0.17818770892467561,4,-0.29227649088553215,-0.28168734047754246,0.8868951569105877,,-0.16355517080389553
East,2003,Summer,0.3551050625715021,4,1.3378026144829482,0.646252028379818,1.414691467030701,,-0.6858218028478228
East,2003,Autumn,0.31046913758485944,4,1.2931114742514809,0.4088445290857047,0.27121859802485865,,0.08639100714880299
East,2004,Winter,-0.03088117762305851,5,0.9207109033590807,-1.1866786799076907,0.011862042468107419,-0.5291548162599848,-1.7445026975901865
East,2004,Spring,0.33856638833335084,5,1.0194181527744743,-1.0556390513613725,0.26917052021850574,-0.25996686092962007,-0.39142892175797833
East,2004,Summer,-0.13566633597862404,5,-0.06970320335570705,-0.17070706975271036,-0.07505509006611583,0.19467213560422394,-0.8989525918282316
East,2004,Autumn,-0.2264492769929162,5,-0.29143760771886523,-0.8039486672391686,-0.912530719155597,0.563469372968314,-1.2956960982976011
East,2005,Winter,-0.14912062593058367,4,-0.42816922242808114,0.8905501542831299,1.5526784121719113,,-0.8304415391830349
East,2005,Spring,0.23120886689327969,4,0.8718769886950372,-0.76613600966103,-0.15451459541166515,,-0.5586629353712833
East,2005,Summer,0.9120057118663331,3,1.5997949852673259,-0.21201563154704037,,,0.9242065187846327
East,2005,Autumn,0.9047154993435119,3,1.6091883203832464,-1.0809737731937084,,,0.023984404453580663
East,2006,Winter,-0.3190351319446588,3,-0.5220092564007964,0.9288295408366369,,,0.493733401403457
East,2006,Spring,0.36697346741873565,3,1.159418214114386,-0.37392500367812187,,,-0.43242281553630096
East,2006,Summer,0.9036170560296829,3,1.5674620260011638,-1.5058844942120582,,,-0.3624953521241728
East,2006,Autumn,0.35895737704861963,3,2.11927001417607,-0.5935978988241509,,,-1.635995781854362
East,2007,Winter,0.24295191547876738,3,0.9545905950956713,-1.595422009133268,,,-1.8211568577926374
East,2007,Spring,1.048186039640485,3,2.6956680793338004,-1.2540825357667091,,,-0.8051924961790546
East,2007,Summer,0.040566294977743445,3,0.49946753115878184,-0.6300733478978711,,,-1.0078419941234225
East,2007,Autumn,0.02479088948195866,3,0.1723487065586669,-0.709703206986001,,,-0.8076792450987919
East,2008,Winter,-1.009313288684745,3,-0.36030902430878275,1.6475490931536694,,,-1.0200817485917828
East,2008,Spring,0.2937425254895188,3,0.7984159317451048,-1.611844005044436,,,-1.5290323603209846
East,2008,Summer,-0.3330794190609807,3,-0.881964384572496,-0.6574740020368606,,,-0.7747478746473067
East,2008,Autumn,0.3339593042770817,3,1.2167107567271185,-1.2121889585304757,,,-1.4270218024263488
East,2009,Winter,0.4878240277745394,3,1.7793346220630264,-0.3075051568074667,,,-0.6233676955468745
East,2009,Spring,0.01172930122474991,3,0.7215487757092721,-0.6128959650111022,,,-1.2992568370461246
East,2009,Summer,0.3489039952489607,3,1.7652378817138032,-0.12436342545238495,,,-0.8428893214193061
East,2009,Autumn,-0.28782725941018567,3,0.8600360519348424,1.2932805889972256,,,-0.4302372411681738
East,2010,Winter,-0.15751691872512633,3,1.0295579964247774,0.30548785704329146,,,-1.196620895556865
East,2010,Spring,-0.9860513874812246,3,-0.7835185408782706,1.3606230714883392,,,-0.8140125500770639
East,2010,Summer,0.09143142439123612,3,1.3012246083631875,-0.7534548843557242,,,-1.7803852195452032
East,2010,Autumn,-0.11108633838124633,3,0.557246121365158,-0.44257075804802903,,,-1.333075894556926
East,2011,Winter,-0.6316392080681389,3,0.2420100629397585,1.6768212600465886,,,-0.4601064270975866
East,2011,Spring,-0.17960611980011745,3,0.840817809745535,0.26117153696468737,,,-1.1184646321812
East,2011,Summer,-0.2655190187049504,3,0.5787964566888751,-0.11941036420374655,,,-1.494763877007473
East,2011,Autumn,-0.022874804973519087,3,1.0784538066165859,0.09796997508682351,,,-1.0491082464503196
East,2012,Winter,-1.114896495441382,3,-1.6471661731754679,-0.07393845399375393,,,-1.7714617671424324
East,2012,Spring,-0.11400332611920912,3,0.3651041255384782,-0.9466112977850725,,,-1.653725401681178
East,2012,Summer,0.6416683618231419,3,0.853969827181052,-1.246690473839976,,,-0.17565521555160254
East,2012,Autumn,-0.8264494789962405,3,-1.1877897465638099,-0.2484619001617687,,,-1.5400205905866802
East,2013,Winter,-0.5298158097182895,3,-0.05493844155570436,0.44660944744584447,,,-1.0878995401533196
East,2013,Spring,0.6181019480385569,3,1.7123591251293717,-0.20056643297019325,,,-0.058619713983894414
East,2013,Summer,2.5702977271046685,3,4.587357278813431,-1.529095917152098,,,1.5944399853484765
East,2013,Autumn,0.34351384105702976,3,0.8803255918109143,-0.26147566302900815,,,-0.11125973166883334
East,2014,Winter,0.17426164956212567,3,1.2432872351930921,0.15106304317435737,,,-0.5694392433323577
East,2014,Spring,0.6832903682835463,3,1.3525199721779932,-1.5893727696441042,,,-0.8920216369714582
East,2014,Summer,-1.0282667702079007,3,-0.7591192032817727,1.2439314337028684,,,-1.081749673639061
East,2014,Autumn,0.4906491566409101,3,0.8042807520687377,-0.8818661231394741,,,-0.21419940528548165
East,2015,Winter,0.6034494298153623,3,0.9178007539040899,-1.0865523013678253,,,-0.19400476582582812
East,2015,Summer,-0.28334425475488345,3,-0.7013418912450947,1.1673590567521277,,,1.0186681837325722
East,2015,Autumn,0.262682096186366,3,0.43580335600962555,-0.050502560568131516,,,0.30174037198134085
East,2016,Winter,0.342650088598472,3,0.4860804931654675,-0.45086039360302277,,,0.09100937902692567
East,2016,Spring,0.4027798262255986,3,1.0871417772065557,-0.3886794395072052,,,-0.26748173803696523
East,2016,Summer,1.0518746955910236,3,2.3893707062071794,-0.4103402422695363,,,0.3559131382963555
East,2016,Autumn,1.3911546570362194,3,2.2590962130215555,-0.09524699099070612,,,1.8191207670963963
East,2017,Winter,1.3578004536399833,3,2.346335536670313,-1.6827424090681562,,,0.04432341518148029
East,2017,Spring,0.6040531527048535,3,1.1054509968319945,-1.622863009185039,,,-0.9161545479024729
East,2017,Summer,1.1475427463537133,3,2.2388951775827586,-0.7597078237847085,,,0.44402523769367275
East,2017,Autumn,0.4033486070782472,3,0.2495097263283844,-0.4203116581160184,,,0.5402244367903389
East,2018,Winter,-0.43131385436961106,3,-0.2550438021970977,0.7468291041147567,,,-0.2920686567969789
East,2018,Spring,1.992604223532674,3,4.367291793204233,-1.1787538095450922,,,0.4317670678486964
East,2018,Summer,1.674069461238293,3,2.049200328229916,-1.8736022534357069,,,1.0994058020492554
East,2018,Autumn,0.25495930286870266,3,0.6534472665165444,-0.5694658750579384,,,-0.45803523296837506
East,2019,Winter,-0.14384246678191712,3,0.4070402240287174,0.5210923059589637,,,-0.317475318415505
East,2019,Spring,0.5866425616454686,3,1.2659396627424648,-0.9363479441760694,,,-0.44235992198212837
East,2019,Summer,0.6230105004192449,3,1.2455665752287242,-0.6294244049517196,,,-0.005959478922709234
East,2019,Autumn,1.1300849305516052,3,2.1816871751151665,-0.8486875010584808,,,0.359880115481168
East,2020,Winter,2.7107505738157918,4,2.7661563365388715,-1.7559503044797777,7.170549552744279,,-0.8496538984997618
East,2020,Spring,1.9249973628852233,4,1.886214317696618,-0.8189224559365063,6.0054808581986565,,-1.0106281802908874
East,2020,Summer,3.0673173532146345,4,1.7214094870852776,0.19367091791660962,11.102953543490504,,-0.36142269980063507
East,2020,Autumn,1.4392290452421403,4,0.3892363298698841,-0.3721933645201528,5.963559199175003,,-0.9680727125964785
East,2021,Winter,1.5227121289334224,4,3.075290961949026,-0.33889474286940685,2.092541054813596,,0.5841217561016605
East,2021,Spring,2.7990832369616383,4,1.0159971517078086,-1.3980980464135824,9.466915421335935,,-0.6846776716107735
East,2021,Summer,3.1202843223210923,4,1.089241091568527,-0.6557952433195223,9.961697457928164,,0.7744034964681562
East,2021,Autumn,1.7963795557259106,3,3.764725006233544,-0.4050954286305624,,,1.2193182323136253
East,2022,Winter,0.22680473746378627,3,0.489616580150053,-0.924977074590154,,,-0.7341794423488481
East,2022,Spring,2.889009331953274,4,3.0383773920190893,-0.45792973964523265,8.306576780913442,,-0.24684658476466848
East,2022,Summer,3.202047765868193,4,6.535587879074431,-1.4056882616594435,3.7009389400372057,,1.1659759827016922
East,2022,Autumn,2.1725319186561842,4,3.018939360286011,0.15697893187464482,4.2273305542369055,,1.6008366919764645
East,2023,Winter,1.2495187723971948,5,0.6301901590616846,-0.3479854957581041,5.1008622039178455,0.286216776706597,-0.11766077345825794
East,2023,Spring,2.0581241628257834,5,3.4564573303411112,-0.4032184317839271,6.385318994332521,-0.15476451531388247,0.2003905729852408
East,2023,Summer,1.4799262388893313,5,1.9798379860106914,-1.0820173916430484,4.8773498608804235,-0.6698591807379946,0.13028513665048827
East,2023,Autumn,1.294229471084487,5,3.786574993272861,-1.2069903563028967,2.8111119018037085,-0.9944619962926954,-0.33906789966433626
East,2024,Winter,1.3597638956361147,5,1.8372173857115626,1.791908659806062,6.873466761446928,-0.9444596511201299,0.824503641948274
East,2024,Spring,1.067370871224073,5,1.968402858283995,-1.593074872640798,3.8756502629362117,-1.0201703072305384,-1.080103330510101
East,2024,Summer,2.2097410187390665,5,5.377482660488902,-1.6257343089067708,3.9596145806745184,-0.8682015289684244,0.9540750725935637
East,2024,Autumn,2.2211932159181744,5,4.937041485876056,-1.5557112203376147,3.3249521837184717,-0.5512610003809848,1.8395221900397152
East,2025,Winter,0.27536020116153936,4,0.9711536503386229,-0.8786645433698738,0.2650010719444873,,-1.0133784610068264
East,2025,Spring,2.369831644625334,4,4.043774517587111,-1.2483284268361938,3.771679302754862,,0.41554433132316826
East,2025,Summer,3.4028982650009256,4,5.2977568749599335,-1.7485322994165686,5.237261078883242,,1.3280428067439587
North,1981,Spring,1.942313671245517,4,0.3717664629226554,-0.7249311114510422,3.810599716950238,,2.861957393658132
North,1981,Summer,1.2095278385731296,4,-0.06388568490808264,-0.14040194841514356,2.6949321251633545,,2.0666629656221036
North,1981,Autumn,0.14416955755829863,4,-1.4376647745983653,2.6589413144671377,2.4095398107655766,,2.263744508533121
North,1982,Winter,-0.8065942962137463,4,-0.8854424758567457,-0.2859741578029891,,-2.5154113688483433,-0.11149749795288566
North,1982,Spring,-0.08336997862063518,5,0.22343443204941682,-0.5789542188655427,-0.6873323684240067,-2.601100530177931,2.0691943545838023
North,1982,Summer,-0.6272834272917309,5,-0.9833929951711117,0.6617149422867606,-0.26288163969406936,-2.544361460788495,1.3159339014817817
North,1982,Autumn,-0.37053985978959814,5,-0.4493608191966139,-0.34040123440338843,-0.20892021574834152,-2.1352459313245573,0.6004264329181336
North,1983,Winter,-0.19252491399856372,5,-1.068120630497301,0.7488446357384506,-0.7799593732997271,-0.9090227937203884,2.5433228632630485
North,1983,Spring,0.17928152381404355,5,-0.6846976425434472,-0.14482837021768832,0.0659675648566331,-0.650553167472194,2.0208624940115376
North,1983,Summer,-0.09287327113792428,5,-0.5646309407822234,0.9730025776449228,-1.1917065020473705,-0.2190989387467754,2.4840726035316707
North,1983,Autumn,0.25746514728731473,5,-0.6289716396689505,-1.1075900360749917,0.16272302791765328,0.3328621743438055,0.3131221377690735
North,1984,Winter,-0.6905863351727907,5,-1.0589746083078364,1.2095520373809117,-2.055070005549808,0.6741420907435769,0.19652288463102657
North,1984,Spring,-0.36121470038711473,5,-1.1871961692954092,1.1428691259514994,-0.6871707263409542,0.7400165313788432,0.471145988273446
North,1984,Summer,0.026293558824129138,5,-1.01997361469982,1.306749933106684,-0.2596812556006779,0.8385064171506453,1.8793661803771824
North,1984,Autumn,0.007176795374873202,5,-0.8148955845911018,-0.5398853014733864,-0.7738219735496357,0.8456389498156193,0.23907728372609766
North,1985,Winter,-0.5176677499848998,5,-0.7995853411138113,2.560401631983127,-0.1126840850169486,0.20188172510970007,0.6824505830796878
North,1985,Spring,-0.5519048110059797,5,-1.1982460601066873,1.2771611135347898,-0.17405342343941965,0.17734243912016023,-0.28740589706916186
North,1985,Summer,-0.3843035299874161,5,-1.0514618100716504,-0.29966745648553583,-0.04536907542821165,0.00970943756585064,-1.1340636584886052
North,1985,Autumn,-0.22061843678020873,5,-1.1153224695254706,0.9213588016439548,0.8253040946606667,-0.1946548587725186,0.3029398513802335
North,1986,Winter,-0.4785328878354228,5,-1.3186639737127586,1.9234355216729984,-0.37853322028271164,0.155019933158726,1.0729483433326281
North,1986,Spring,-0.19020164037824946,5,-0.5662656155003495,-0.3163014958932499,-0.9591568621513741,0.03866498667996229,0.21944779318726398
North,1986,Summer,-0.5649084335275762,5,-1.0092665274142745,0.7304933400425996,-0.9962349854199624,-0.23462710579879117,0.14607979103774651
North,1986,Autumn,-0.8464819005380508,5,-1.5478940211816787,1.5718358981447351,-1.143274336963958,-0.5342962791304684,0.5648910327305858
North,1987,Winter,0.19684258633100238,5,0.10096658397692847,0.18909183455982181,-0.20612741289540162,-0.23602919933705796,1.5144947944703648
North,1987,Spring,-0.5293666332685049,5,-0.8238746339869294,1.4103456937836611,-0.45842660222015874,-0.24776565048449276,0.2935794141327181
North,1987,Summer,-0.5061454650857653,5,-0.7491096733864537,1.0664492549070739,-1.1127032490840456,-0.22497921684615588,0.6225140687949023
North,1987,Autumn,0.4532350387084195,5,1.0989094264200114,0.900728432709545,0.25793890340121844,-0.16727882009587372,1.9773341165262863
North,1988,Winter,-0.12218756346888948,5,0.025726770149325437,0.1419085276823181,-1.4288540952616233,0.07286754837114667,0.8612304870790218
North,1988,Spring,-0.6466958074933229,5,-1.3478252015954033,2.1798545643147973,-0.6857916036177453,0.5034134784334386,0.47657885362789304
North,1988,Summer,-0.07080936246825527,5,-0.5157264000980001,0.15778736635209303,-0.4039237034452864,1.0874452773852208,-0.36405461983111764
North,1988,Autumn,0.22086240978197685,5,-0.5189383059327525,-1.3190586657051433,-1.3938355012036308,1.649445153250715,0.04858203709040912
North,1989,Winter,0.325439606163118,5,-0.18015068295630973,-1.0530596730828283,0.12659041207358057,1.5752021627791342,-0.9475035341636433
North,1989,Spring,0.26351691834202196,5,-0.5119850373075234,-1.2748929895645047,-0.5202556687616801,1.4485325339770734,-0.37360022576226476
North,1989,Summer,-0.2642669511795419,5,-0.8628932039791467,1.470299709153065,-0.8300622575287951,0.9147295672661792,0.9271908474971178
North,1989,Autumn,-0.2415202205062071,5,-0.8758105387855621,0.21770975234977372,-0.32824971510001666,0.1457252257657596,0.06844367793855761
North,1990,Winter,0.12377412649595312,5,0.19008167378444488,-0.06918367265592226,1.438811062706153,-0.14160641843596872,-0.9375993582307859
North,1990,Spring,0.016569372528809034,5,-0.32116542579355184,0.39383263457126777,0.8709244299390972,-0.4507018597508104,0.37762235282057793
North,1990,Summer,-0.09027418657138309,5,-0.7015135411306672,0.001628257438986628,0.4019139993259899,-0.8101143778220752,0.6599712442088236
North,1990,Autumn,0.13815700821559732,5,1.1603365039270757,-0.691844483138477,0.08774620547387482,-1.1371186964871778,-0.11202345497426311
North,1991,Winter,0.10636748529694018,5,-0.10338346172619776,-0.7460207361600577,0.2518700493870315,-0.7328167574180565,0.3701468600818659
North,1991,Spring,-0.4960571495508355,5,-0.7175799009279922,1.7103232499808005,0.7874491375743097,-0.7972054413936565,-0.042626293026038
North,1991,Summer,-0.24430114226182814,5,0.14756316345076523,-0.26861197333035947,-0.2988390881488802,-0.8649847585691129,-0.4738570013722722
North,1991,Autumn,-0.25473953860187076,5,-1.1313565439746582,-0.6785144739083032,-0.5525430602529571,-0.8313732082647871,0.5630606455747456
North,1992,Winter,0.02326790801338121,5,0.11130485993489656,-0.7544572317597202,-0.018434509546029588,-0.2554338855667211,-0.47555415651496014
North,1992,Spring,-0.18190087783983605,5,-0.754269826225617,-0.40601566831953895,0.07130728132032797,-0.17401927256812252,-0.45853824004530774
North,1992,Summer,-0.43130732386259857,5,-0.7991481043018693,1.0015209784992032,-0.7054819210269402,-0.021306102003166034,0.3709204865181856
North,1992,Autumn,0.12643738431691862,5,-1.224497988987126,0.6617926343464242,0.9521939710554758,0.16653617484755798,1.3997473990151095
North,1993,Winter,0.5842469657221777,5,-0.3388968856800188,-0.13640128331181306,1.879179644097004,0.40183840383082386,0.842712383051266
North,1993,Spring,0.012384495996393107,5,-0.6123957052726712,0.1121821671337722,-0.3187141370970591,0.3325785921686375,0.7726358973168306
North,1993,Summer,-0.5580583627444426,5,-1.2834239147922597,1.4626940493098926,-0.0794563864621456,0.2649393126874721,-0.2296567758453868
North,1993,Autumn,0.11537006773340663,5,-0.34057588279621165,0.907864805652597,0.5464193261263467,0.1475597375175645,1.1313119634719306
North,1994,Winter,0.2481406780323762,5,-0.6466966390125309,-0.6485005895973395,-0.6882291433945806,0.23110456657704725,1.6960240163946056
North,1994,Spring,0.11008927670749868,5,0.48881969697952593,-0.07859788581058684,-0.2693800928086329,0.07496118980369489,0.17744770375231866
North,1994,Summer,0.6573259059187769,5,0.40102705764359137,-1.8127261994497308,1.1779365932791694,-0.09971130848470866,-0.005349012293898454
North,1994,Autumn,0.06884315198967339,5,0.10252306318160895,-0.2976589527643448,0.1645491809659348,-0.2979647698887069,0.07744933292518544
North,1995,Winter,0.13737917733619268,5,-0.3921976197782847,-1.0961731891646584,0.9447678596609319,0.04689072721448068,-1.0087382695808231
North,1995,Spring,-0.20067708767689735,5,-1.0758980055803886,0.563765709912067,-0.7225496153479674,0.5179937699432761,0.8408341225126605
North,1995,Summer,0.21403818387917672,5,-0.7808669964725521,0.027088647969575348,0.46134358550797105,1.1945807499643013,0.22222222836573857
North,1995,Autumn,0.5654045440332945,5,0.19505140132675325,0.29574289044145646,0.1838220895351431,1.854366537546348,0.8895255821996848
North,1996,Winter,0.14307574494500858,5,-0.8051403619654814,-0.7221022843345799,-0.6143865984956942,1.7266435173849584,-0.3138401165333199
North,1996,Spring,-0.08948631448351987,5,-1.0895626534747909,0.625782551648716,-0.23556282058180078,1.7721922134460815,-0.2687157601583733
North,1996,Summer,0.11476590172966945,5,-0.8857078620331315,1.4134934739212501,1.4597020814048924,1.766930308805191,-0.3536015456073546
North,1996,Autumn,0.20134834728546744,5,-0.6008564864706167,0.008576245930162681,-0.3616388178587419,1.5241770153060918,0.4536362713807667
North,1997,Winter,0.5401441068867279,5,0.3031963703917434,-0.7618312176292124,0.3916326671156735,1.0645056906331123,0.17955458866389803
North,1997,Spring,0.15096927335630922,5,0.37587392994857705,-1.1152910099955904,-0.2610050181647318,0.9131728761281404,-1.3884864311260294
North,1997,Summer,0.913153200330942,5,2.4203546979717023,-0.9464700365260239,-0.9017664898666555,0.7013617201759571,1.3993460368476829
North,1997,Autumn,-0.1663091294037668,5,-0.13623002555086816,1.0065511522443504,-0.6720327385645662,0.3509524413277242,0.6323158280132269
North,1998,Winter,0.9021999098318307,5,1.118626109778001,-0.37677128140003935,2.0117345012370795,0.2964521336721511,0.7074155230718827
North,1998,Spring,0.5684262140039996,5,2.261993500330273,-0.13564244255682864,1.0417734624370232,0.011590869028542816,-0.60886920433267
North,1998,Summer,0.22137072219526535,5,-0.5588944533342417,-0.46173724421965784,1.5955778116377277,-0.34239798048513387,-0.04916901106168327
North,1998,Autumn,0.32856994860197203,5,2.7708229883027085,-1.0844497081401745,-1.3332657484262438,-0.7254031379508576,-0.15375406705592193
North,1999,Winter,1.3538160045384284,3,2.354628465797745,-1.1236201237707235,,,0.5831994240468167
North,1999,Spring,-0.02285024006964805,3,0.17462055614357325,-0.7197002120305923,,,-0.9628714883831098
North,1999,Summer,0.6213458696217707,3,1.3029963974286083,-0.9378092277551934,,,-0.3767680163184893
North,1999,Autumn,0.33495980793659813,3,0.9978143918579901,-0.06600002906605136,,,-0.058934997114247094
North,2000,Winter,-1.0683011861616807,3,-1.0217530757182012,1.1325922988630441,,,-1.0505581839037967
North,2000,Spring,0.3557293528782537,3,-0.40227130516352017,-1.175555032600664,,,0.2939043311976172
North,2000,Summer,0.7689589884201258,3,1.4064719873935525,-1.5105621307583672,,,-0.6101571528915422
North,2000,Autumn,-0.5301064754779669,3,-0.2015929858299015,0.41034560547593424,,,-0.978380835128065
North,2001,Winter,-0.34109107219562146,3,-0.2890624786431174,0.08807943503620427,,,-0.6461313029075426
North,2001,Spring,0.7505870022254424,3,1.4251302662651495,-0.5051168584977507,,,0.3215138819134269
North,2001,Summer,0.6448641726417197,3,0.9885973571966814,-1.6687085824494445,,,-0.7227134217209669
North,2001,Autumn,0.04024415077227846,3,0.3404823383896588,-1.1566541752089825,,,-1.3764040612818058
North,2002,Winter,1.217854456450645,3,2.8145487575897277,-1.2555173871526577,,,-0.41650277539045055
North,2002,Spring,0.8674791509197809,3,1.6608437760188215,-0.8644993006560864,,,0.07709437608443506
North,2002,Summer,0.4657571286849295,3,1.5889801827267624,-0.32705485032945125,,,-0.5187636470014252
North,2002,Autumn,-0.7199682174224649,4,-0.5523021859497542,1.5263127748984278,-0.8191257357846468,,0.017867826942969164
North,2003,Winter,-0.5044359219127464,4,-0.001959526158757271,0.8447419498594325,-0.0012796080775538986,,-1.169762603555242
North,2003,Spring,-0.1576211648124005,4,-0.31296706771057153,-0.8217011272134384,0.0994646303915859,,-1.2386833491440548
North,2003,Summer,-0.9362461630621629,4,-0.8440904986761067,1.6292891703194554,-0.3098188831592625,,-0.9617861000938269
North,2003,Autumn,0.5038700872499087,4,0.1601798614361603,0.0669914980221108,2.3797001799753748,,-0.45740819438978964
North,2004,Winter,-0.12285503435017384,5,0.6060810567624553,-1.035597504867336,-0.46176724508847145,-1.6562280761483208,-0.13795841214386845
North,2004,Spring,-0.15624693806014395,5,1.3563529331430302,-0.43042208320201497,-0.5168423502651538,-1.6091135582606417,-0.44205379811996937
North,2004,Summer,-0.7429515892289678,5,-0.2802517359538212,0.7206721570050728,-0.3934807594068045,-1.4166215414564036,-0.9037317523227362
North,2004,Autumn,-0.4065387492803955,5,0.086711678304206,-0.8682044442668754,-0.383228946424526,-0.9939277078062353,-1.6104532147422979
North,2005,Winter,-0.659739301558403,4,-0.25678259988558366,0.7274606016508778,-0.2992608993689057,,-1.355453105328245
North,2005,Spring,-0.22676159611265484,4,0.2665199975251434,-0.1077427541250284,-0.25124493424852573,,-1.0300642018522654
North,2005,Summer,0.4346253748027668,3,1.3698841222369744,-1.0937665649691082,,,-1.1597745627977822
North,2005,Autumn,0.13674181943961927,3,0.5618358723531425,-1.2460085145356257,,,-1.3976189285699103
North,2006,Winter,-0.5893017673991159,3,-0.44299069082508347,0.9233379134712293,,,-0.4015766979010349
North,2006,Spring,0.10020697716184192,3,0.7625761703327711,0.11030907012655417,,,-0.35164616872069127
North,2006,Summer,0.19905811391998438,3,0.6372211767015962,-0.8302178652141922,,,-0.8702647001558352
North,2006,Autumn,0.6108471836597139,3,2.308195286753712,-0.8269984642496171,,,-1.3026522000241874
North,2007,Winter,0.34723768107145614,3,1.1626405022903508,-1.549593316284754,,,-1.6705207753607365
North,2007,Spring,0.2785747419312599,3,0.809391773282997,-1.0303764794320072,,,-1.0040440269212245
North,2007,Summer,0.31731077564923393,3,1.132105750570674,-0.9147081642285126,,,-1.094881587851485
North,2007,Autumn,-0.33539062336404085,3,0.021648942005273876,-0.792745639199816,,,-1.8205664512972124
North,2008,Winter,-0.866811487221612,3,-0.8635732976306456,0.350275485260024,,,-1.3865856787741662
North,2008,Spring,0.23132309705875,3,1.1151255629873746,-0.7736812655850583,,,-1.194837537396183
North,2008,Summer,-0.5339530327264844,3,-0.11232735024879648,0.19315314192893102,,,-1.2963786060017257
North,2008,Autumn,0.15196053451434932,3,0.7599581770346371,-1.0554421716649889,,,-1.359518745156578
North,2009,Winter,0.92072872449863,3,1.8560684321611511,-0.4303210996678663,,,0.47579664166687247
North,2009,Spring,0.3517612431989791,3,1.6562632505471448,-0.8380961022603939,,,-1.4390756232106017
North,2009,Summer,0.24146896361488493,3,0.3328272003122851,-0.6283167726410702,,,-0.23673708210870048
North,2009,Autumn,-0.4738025758484294,3,0.17679765664402308,1.410631304681953,,,-0.18757407950735813
North,2010,Winter,-0.35731167774121747,3,-0.17049523314810688,1.2054028754840658,,,0.30396307540852024
North,2010,Spring,-1.3469110990386646,3,-1.3425120579915988,2.5159205273196776,,,-0.1823007118047168
North,2010,Summer,0.5270806988055668,3,1.3385362138210177,-0.9752779831137782,,,-0.7325721005180955
North,2010,Autumn,0.20024759447219667,3,0.8350026651026667,-0.4939268172083963,,,-0.7281866988944731
North,2011,Winter,-0.40974725729923317,3,-0.40933785375223547,1.5249739420450283,,,0.7050700238995643
North,2011,Spring,-0.29374977871209645,3,-0.49793118754426585,-0.010945914087520213,,,-0.39426406267954384
North,2011,Summer,0.1655593899041213,3,0.7046609059262217,-0.7312090258742123,,,-0.9391917620880701
North,2011,Autumn,-0.41532722711427567,3,0.4055432089473975,0.00039278626243752636,,,-1.651132104027787
North,2012,Winter,-1.2704595624170867,3,-1.690418408042295,0.7963642860949541,,,-1.3245959931140103
North,2012,Spring,-0.04909589443973561,3,0.47800619683792517,-0.296613224521704,,,-0.921907104678836
North,2012,Summer,-0.030506192571371604,3,-0.1767781295849386,-0.3538681306762224,,,-0.2686085788053986
North,2012,Autumn,-0.5765700663731114,3,-1.0378196285380785,0.030985972136024338,,,-0.6609045984452313
North,2013,Winter,-0.8850780831125977,3,-0.2958111704567857,1.6502157080231465,,,-0.709207370857861
North,2013,Spring,0.34683790643946333,3,1.6021737461615941,0.5085337580216569,,,-0.05312626882154735
North,2013,Summer,0.8260954697180839,3,0.986898663690211,-0.7724438513821765,,,0.718943894081864
North,2013,Autumn,0.3731439188801706,3,0.2307618107954805,-0.7905631423240672,,,0.09810680352096421
North,2014,Winter,0.5027635991690711,3,1.756372544545612,-0.9722007057514223,,,-1.2202824527898208
North,2014,Spring,1.3786793556778338,3,3.58144496299143,-1.3606815907159846,,,-0.8060884866739128
North,2014,Summer,0.005884361694566641,3,0.01366208260745987,-0.20342452416357076,,,-0.19943352168733072
North,2014,Autumn,0.2850056412075612,3,0.8712982045709394,-0.7509728120253465,,,-0.7672540929736023
North,2015,Winter,0.9730250291931183,3,1.2332501234295012,-1.1976723049655598,,,0.48815265918429396
North,2015,Summer,0.6303119840349772,3,-0.16598557046327658,-0.4185250923417526,,,1.6383964302264555
North,2015,Autumn,0.529979521097824,3,0.9705439306330265,0.188238512733959,,,0.8076331453944043
North,2016,Winter,0.7219201195577812,3,-0.02556320283074067,0.14623018348693947,,,2.3375537449910238
North,2016,Spring,1.2039960042130269,3,1.9141489538918541,-0.6680996504686509,,,1.0297394082785756
North,2016,Summer,1.4870838202969192,3,1.627076915498765,-0.8274146603503479,,,2.006759885041645
North,2016,Autumn,0.6228329202809811,3,1.5147880907507036,-0.07399862581004485,,,0.2797120442821949
North,2017,Winter,1.3841919965436553,3,2.1889488718491688,-1.4570295669007154,,,0.5065975508810819
North,2017,Spring,1.1646247248173256,3,1.672696417227407,-1.5162611119066738,,,0.3049166453178961
North,2017,Summer,1.3401530176620107,3,1.994125480000134,-0.504991365202505,,,1.521342207783393
North,2017,Autumn,0.6350944073483005,3,0.4495313173709957,-0.39463121488812003,,,1.0611206897857857
North,2018,Winter,0.45665218491714904,3,-0.2854158163072774,0.28106950537735664,,,1.9364418764360813
North,2018,Spring,2.0502005077295595,3,4.460925238033466,-0.9003164903521388,,,0.7893597948030744
North,2018,Summer,2.0568251750470137,3,2.3270897850372743,-2.0516886323373895,,,1.7916971077663777
North,2018,Autumn,0.37924341648833143,3,-0.44781318391288444,-0.14985798589346486,,,1.435685447484414
North,2019,Winter,0.1727002541159172,3,0.8998358345634296,0.5510241455894529,,,0.16928907337377486
North,2019,Spring,1.1302527345672513,3,2.2186781692327604,-1.0334967251149996,,,0.13858330935399382
North,2019,Summer,0.9040350397840727,3,0.47024446412593707,-0.6925340163195038,,,1.549326638906777
North,2019,Autumn,1.0872244984144563,3,2.0849136698682122,-0.7416904036021206,,,0.43506942177303654
North,2020,Winter,2.1435392397101483,4,1.912042411467974,-1.093372566523113,6.443409192763099,,-0.8746672119135939
North,2020,Spring,1.0949399691036301,4,1.496138541303433,-0.6754514538223135,1.8777921637565658,,0.3303777175322082
North,2020,Summer,1.9755910532009926,4,0.3163921957759835,-0.39250194521570536,6.221534144683999,,0.9719359271282821
North,2020,Autumn,1.3039516780608364,4,0.5587004686902869,-0.46681116130081735,4.34454424938347,,-0.1542491671312293
North,2021,Winter,1.9313208117081366,4,1.7930795844477494,0.5329786484795076,4.48809840947102,,1.9770839013932844
North,2021,Spring,1.4114337198947118,4,2.216075463898085,-0.6037193473236387,1.8655268361877038,,0.9604132321694195
North,2021,Summer,2.4242302873491854,4,0.4796952203903103,-0.5788703596370922,7.496831481172496,,1.141524088196844
North,2021,Autumn,0.6328517316540587,3,1.4798728590493033,-0.2621160949031659,,,0.1565662410097071
North,2022,Winter,0.15407813990917155,3,0.8401061115848337,-0.5452637637647824,,,-0.9231354556221015
North,2022,Spring,0.9788693251764868,4,2.9019836061283426,-0.5516080851968042,0.48644050551789264,,-0.024554896137091983
North,2022,Summer,2.793463507393761,4,2.044499125418514,-0.32463301556585494,7.280341133065181,,1.5243807555254931
North,2022,Autumn,1.92726067321269,4,2.3065109597046063,0.25153463259737685,4.90310543093401,,0.7509609348095208
North,2023,Winter,0.5386619522825151,5,0.6458606687684709,-0.1833403382814463,2.246515943407742,-1.6179554142562118,1.2355482252111287
North,2023,Spring,0.7160723031165668,5,3.1232528413880534,-0.7104254686224274,1.1885318129121072,-1.8053975410261043,0.3635489336863501
North,2023,Summer,1.7517339784852628,5,2.6352049495951455,-1.4135997902652382,5.34522850601147,-1.9222013818866799,1.2868380284411398
North,2023,Autumn,0.8790475937945207,5,3.4237373293913245,-0.6984932358836898,1.660688409009572,-1.8065426140971383,0.41886160878515566
North,2024,Winter,0.9238880893323064,5,1.2916413742251576,1.2943913306610308,5.298687308603366,-1.1640226145657473,0.4875257090597869
North,2024,Spring,0.8199663661743429,5,3.5033625079706407,-1.7532001151606431,0.9382243244081899,-2.0671682764521777,-0.027786840215581768
North,2024,Summer,2.0575954750386485,5,2.784472468978945,-1.841129454034946,7.971418497641864,-2.997261004794744,0.6882179593322325
North,2024,Autumn,1.5857771445417328,5,4.067617827826913,-0.9873989924849238,4.7916110361546576,-3.7229739227692518,1.8052317890114216
North,2025,Winter,0.5700053010056598,4,0.9589938046739277,-0.7239909186104649,-0.11590254600216497,,0.7129390267404115
North,2025,Spring,1.7558148228008372,4,3.092988475438039,-0.584934685909855,2.1562183013355467,,1.1891178285199078
North,2025,Summer,2.841828546089978,4,3.061769716207784,-1.6518892195088646,5.934714723039315,,0.7189405256039471
Northeast,1981,Spring,1.4565517530679077,4,0.2209308760150531,-0.1821190496049253,3.506458742605069,,1.916698344046583
Northeast,1981,Summer,0.2944851215698343,4,-0.20414256725539157,1.0828938445973093,0.15517093911210722,,2.309805959019931
Northeast,1981,Autumn,-0.1848708357015903,4,-1.4672671583396155,2.7124262809287973,1.8142597472513462,,1.625950349210706
Northeast,1982,Winter,-0.14699202239512416,4,-0.020271007144124272,-0.4618606036191402,,-2.5846045339970205,1.5550468479415078
Northeast,1982,Spring,-0.13795746279365698,5,-0.09114863816236161,-0.27012828970531017,0.4005332455044277,-2.8232458849667226,1.5539456739510615
Northeast,1982,Summer,-0.23590864040819284,5,0.871031988946618,0.17760738593490968,-1.2664564582795685,-2.7062563203033587,2.099744973530255
Northeast,1982,Autumn,-0.4455653189961085,5,-0.38478130846164926,0.7603554143822684,-0.851214954639336,-2.1892029134833177,1.957727995986029
Northeast,1983,Winter,-0.29489504594866045,5,0.1556357258342139,0.5830992204493347,-0.20092857971880085,-1.355234892927404,0.5091517375180238
Northeast,1983,Spring,0.7048189171230393,5,0.24944945514693279,-0.47788386221960855,1.0348796853353668,-0.9164242970393611,2.67830587995265
Northeast,1983,Summer,-0.7581073496255192,5,-0.8795975804902093,2.228699333616196,-1.1402309640734367,-0.18347626579390738,0.6414673958461539
Northeast,1983,Autumn,0.41708678911678143,5,-0.23644010955060715,-0.6927917352437761,0.23450286584733868,0.5724828747434335,0.822096579299966
Northeast,1984,Winter,-0.6005809845855496,5,-1.243690548717571,0.9658022303333331,-1.668029171531852,1.0649498754715472,-0.19033284781653922
Northeast,1984,Spring,-0.42570935660756015,5,-1.1923789108227232,1.118649455055513,-0.4740772458091163,0.8909801125239634,-0.2344212838744114
Northeast,1984,Summer,0.3735872817167718,5,-0.6041771388448888,0.28251452122538506,0.32751150527757333,0.589829183760014,1.8372873796165456
Northeast,1984,Autumn,-0.057831324962769194,5,-0.5971548569537294,0.5417943717820339,-0.9840781987125885,0.2030476603232156,1.6308231423112902
Northeast,1985,Winter,-0.7517279941362185,5,-1.103856807422541,1.5161762729063402,-0.47433322943170025,-0.5100427704534559,-0.15423089046705463
Northeast,1985,Spring,-0.27919171900971074,5,-0.3576568183777789,0.4377349784467064,-0.7452177860396237,-0.8493781368981216,0.9940291247136765
Northeast,1985,Summer,-0.24548258011967636,5,-1.0113867191970778,-0.6793173648512527,0.1914104962789425,-1.2953351849394905,0.20858114240799122
Northeast,1985,Autumn,-0.5621215635877601,5,-1.1372693315760427,-0.2512204566776625,-0.78742739250074,-1.5469568928749033,0.40982534233522305
Northeast,1986,Winter,-0.5427221442632111,5,-1.2578876767880793,1.0693136364420608,0.6524709071507099,-1.1158941506959206,0.07701383545929548
Northeast,1986,Spring,-0.40969191687872974,5,-0.6851446859758255,0.21587625852219683,-0.9605060762492288,-0.6601859270785503,0.4732533634321526
Northeast,1986,Summer,-0.34869591112812187,5,-1.1370127074075305,0.37608607760195534,-0.3773544588301181,-0.11505614402662512,0.26202983222561954
Northeast,1986,Autumn,-0.30026613303849903,5,-1.6895107594432814,0.7469755666487359,0.2389838928085323,0.44401871953951555,0.2521530485514746
Northeast,1987,Winter,-0.049510319963325736,5,0.12158986889142495,1.081262551979131,-1.1193564740520086,0.6633183340385491,1.168159223284537
Northeast,1987,Spring,-0.32478802388999495,5,-0.691039716918606,2.4872731311175547,-0.18790197676450648,0.30735104235940364,1.4349236629912887
Northeast,1987,Summer,-0.6565871675344179,5,-0.8318402286901871,1.2552535527756445,-1.4757434923105088,-0.1496414869336528,0.42954292303790403
Northeast,1987,Autumn,-0.12626479358313175,5,-0.7238235567684735,1.1540423476864343,-0.20823606456718496,-0.5818840302137481,2.0366620313201818
Northeast,1988,Winter,0.30023256030942674,5,0.13354840346573052,-0.044768167423358714,-0.8233294045053651,-0.5303940974048559,2.6765697325682654
Northeast,1988,Spring,-0.45919801504347413,5,-0.9886607485130684,1.2195760561547226,-0.48338661415675394,-0.31342468043553223,0.709058024042706
Northeast,1988,Summer,0.09424378836263904,5,0.5094825878144399,-0.47042619469711594,-1.0334124398526618,0.05208487904544248,0.4726377201088588
Northeast,1988,Autumn,0.4996538824617753,5,-0.6478004891499566,-1.4226664877837227,-0.09792298864643233,0.4078089524347755,1.4135174498867669
Northeast,1989,Winter,0.16313990005511145,5,0.9163075238588798,-1.1991514112081632,-1.748438887505167,0.43114853991390106,0.01753091279978059
Northeast,1989,Spring,0.1160449076708169,5,-0.030422519967282517,-1.0547179149464132,-1.2500664874966703,0.6869284454161778,0.11906718545544621
Northeast,1989,Summer,-0.28361276741639885,5,-0.5438368150215751,1.6420025554979787,-0.49050507500718965,0.6008421085067327,0.6574384999380165
Northeast,1989,Autumn,-0.11434422682975594,5,-0.828769833591219,-0.1399621071799512,-0.6430741225793842,0.42627467036254735,0.33388604447932513
Northeast,1990,Winter,0.137405001436518,5,0.19666337082889856,0.6479781057531618,0.6359188509110003,0.27639428488393103,0.22602660631192192
Northeast,1990,Spring,0.48533937512760694,5,1.3187341341544652,-0.7743517917797553,0.06021074250181753,-0.12669260745611954,0.40009281465811664
Northeast,1990,Summer,0.10593740501086986,5,-0.851127699208893,-0.37591391759055875,-0.16994717249478541,-0.5858282726175107,1.7606762517849797
Northeast,1990,Autumn,0.426181049032987,5,2.102618194122504,-0.6352520905254015,-0.42854182114046346,-0.9556136860653176,0.7771904677228104
Northeast,1991,Winter,0.3935495466176734,5,0.2450510265993467,-0.5686324726297745,0.3960775517787029,-1.045091540028585,1.803078222109128
Northeast,1991,Spring,-0.26978025856383747,5,-0.6520013765184284,0.08772903960368933,-0.2346589495954299,-0.6918917408723896,0.3173798137707497
Northeast,1991,Summer,0.1554408588217257,5,-0.5808267618803505,0.09000820718612454,1.7092711954676971,-0.136856335909227,-0.12437559638336673
Northeast,1991,Autumn,0.13039923149967864,5,-0.6192615527739905,-0.5083980362741569,0.21888935579184854,0.43529601924587896,0.10867429896049943
Northeast,1992,Winter,0.41043109549113765,5,0.09301090023991865,-0.7719752733414584,0.3187496512544321,0.7664088520275948,0.10201080059228455
Northeast,1992,Spring,-0.14062476993539233,5,-0.5382203348983545,-0.5395301432240616,-0.8990634098629909,0.8043182520505695,-0.6096885001902472
Northeast,1992,Summer,-0.4782910797360347,5,-0.7781276830785592,2.302981071885762,-0.18263968145868625,0.7880423430534945,0.08425069468933975
Northeast,1992,Autumn,0.036392318556944116,5,-0.5678516119354446,0.20426319396610823,0.9235431859762304,0.655169823160275,-0.624636610450232
Northeast,1993,Winter,0.1738129535124089,5,-0.2738255311172161,-1.0461044880970283,-0.16517573498265312,0.5437029394130664,-0.28174139384818087
Northeast,1993,Spring,0.13009547113028969,5,-0.21923126196373768,-0.14723743898910926,0.5583621368699768,0.34973113246521614,-0.18562209070911606
Northeast,1993,Summer,-0.25058475970111704,5,-1.3838687041287365,0.3319437054362988,1.005876717229141,0.09587503143184227,-0.6388631376015331
Northeast,1993,Autumn,0.21976712800321882,5,-0.6241225842656387,-0.23971214392118873,1.723610165138348,-0.17073792405837385,-0.06962616071943009
Northeast,1994,Winter,0.1765388005729411,5,-0.8026483903956918,-0.10045273481951857,1.8567068065598031,-0.14564224722637023,-0.12617490089255398
Northeast,1994,Spring,0.07701219262473809,5,-0.4946786656377106,-0.25701528758441666,0.2338498915328586,-0.08287086998687819,0.47174531963100397
Northeast,1994,Summer,0.8545026632718471,5,1.4517787072850308,-1.5248759455770544,2.13626400936389,0.05270196851305034,-0.893107314379789
Northeast,1994,Autumn,0.8224704471501176,5,0.37337026430136727,-1.3257694018344144,2.2300111934897284,0.17970206944495687,0.003499306680121019
Northeast,1995,Winter,-0.061684091350236246,5,0.23647306698651877,-0.8200020150842893,-0.9102086704452671,0.392625628893551,-0.8473124972702731
Northeast,1995,Spring,-0.41388369491954624,5,-0.5488636970279456,1.2614759781612837,-0.35536946962346816,0.6460360562652064,-0.54974538605024
Northeast,1995,Summer,-0.12029656598955987,5,-0.7059761151397761,0.20634899568173287,0.4510408332377437,0.9277070642863738,-1.067905616650408
Northeast,1995,Autumn,0.5601207394737695,5,0.6496776919056212,-0.4496394634929805,0.20121495530561972,1.0704108324991424,0.4296607541654839
Northeast,1996,Winter,0.5933081317276877,5,-0.2733838046643757,-0.9255435455231237,0.6520468786581604,1.158721732865993,0.5036123062555373
Northeast,1996,Spring,0.0594888248329946,5,-0.08467555216463453,0.016780245483914803,-0.35743600050455004,1.3008484995761325,-0.5445125772580601
Northeast,1996,Summer,0.21406429791277062,5,-0.9082071408527435,0.3045609831422725,1.1585974835948325,1.316394290198148,-0.19190216023411164
Northeast,1996,Autumn,-0.5506341397966519,5,-0.9977690678841162,1.1271066079475967,-1.4005097942150635,1.1369275734605855,-0.3647128023970686
Northeast,1997,Winter,0.4622892471179652,5,-0.42183892274325935,-0.3588502596467921,1.4699899195476467,0.9453065834575561,-0.04086160431890956
Northeast,1997,Spring,0.3107037532506684,5,0.2097130939670666,-0.3297189999208969,-0.07285263131280535,1.1615444901341032,-0.07460518645591929
Northeast,1997,Summer,1.0590257188614187,5,1.5406763821633354,-0.8939509292260683,0.6417260536089927,1.326950250946116,0.8918249783625812
Northeast,1997,Autumn,-0.1978946450538887,5,-0.28896047760041843,1.0200105225139475,-1.06192440965433,1.2949304811906628,0.08649170330858988
Northeast,1998,Winter,0.6410767213098367,5,1.4798485912159443,-0.3094433664252643,0.9627080811746024,1.2033228118552795,-0.7499392441219066
Northeast,1998,Spring,1.1789355902474434,5,3.296309029646225,-0.8260583221706947,0.3339425523142756,1.1053074092122022,0.3330606378938197
Northeast,1998,Summer,0.27747008143725826,5,-0.8865125915387075,-0.8440166334420048,0.4999110473652407,0.8731435762080592,0.056791741709694206
Northeast,1998,Autumn,0.005877886143297917,5,0.8646452628621363,0.3820246305234838,-0.24738124282326188,0.5130062591899136,-0.7188562179888146
Northeast,1999,Winter,1.3006233444710924,3,1.6607674429865797,-0.31293835899779365,,,1.928164231428904
Northeast,1999,Spring,-0.8807283692397099,3,-0.6327556758708841,1.6775874823663104,,,-0.33184194948193524
Northeast,1999,Summer,0.2800904384066283,3,0.8774787069193208,-0.09412276578804203,,,-0.13133015748747806
Northeast,1999,Autumn,0.10438140226799558,3,0.5302112050448315,0.7110864169898578,,,0.49401941874901295
Northeast,2000,Winter,-0.8090621614963251,3,-1.1892583834499302,0.20788235812445663,,,-1.0300457429145886
Northeast,2000,Spring,-0.043198211236178174,3,-0.7042587250860777,-1.1084730076829867,,,-0.5338089163054436
Northeast,2000,Summer,1.088989670986832,3,2.517290052788242,-1.3445476152205496,,,-0.5948686550482949
Northeast,2000,Autumn,-0.20633606649750522,3,-0.1847867488542988,0.1618018482823919,,,-0.27241960235582485
Northeast,2001,Winter,-1.8891048674533257,3,-1.4159969724869839,3.302126200065568,,,-0.9491914298074248
Northeast,2001,Spring,0.34404474911796795,3,0.3192421463537719,-0.528803035449856,,,0.18408906555027596
Northeast,2001,Summer,0.41933336874188737,3,0.9895152434148767,-1.0339589545049555,,,-0.7654740916941704
Northeast,2001,Autumn,0.47639622027673983,3,1.4428267408233926,-0.7623216506920555,,,-0.7759597306852284
Northeast,2002,Winter,1.1966249040167656,3,1.879844989993239,-1.103049642416923,,,0.6069800796401347
Northeast,2002,Spring,0.9931912791298588,3,1.8299707571742498,-1.4658505911510216,,,-0.3162475109356946
Northeast,2002,Summer,-0.36873902511657075,3,-0.05431166281725827,0.6355281545665731,,,-0.4163772579658809
Northeast,2002,Autumn,-1.3829573664619619,4,-0.8971483719938226,2.0872621657072203,-1.5253342912800218,,-1.022084636866783
Northeast,2003,Winter,-0.5105746821542967,4,-0.04604493279534966,-0.20837666138581137,-1.0877732756389618,,-1.116857181568687
Northeast,2003,Spring,-0.21916094736713798,4,0.5420479885641832,-1.018346167602683,-1.1898466630436089,,-1.2471912825918092
Northeast,2003,Summer,-0.5990823421262337,4,-0.7466469166853192,0.4707838795512172,-0.7226740955712849,,-0.4562244766971132
Northeast,2003,Autumn,-0.021982796148526024,4,-0.3614549606679686,-0.8288038948852162,0.1528802242321885,,-0.7081603430435403
Northeast,2004,Winter,0.27806235790520584,5,0.7350812731772678,-0.7627411005562957,0.8406421659341784,-0.158995350087358,-0.7891574000543545
Northeast,2004,Spring,-0.1693660943579814,5,-0.25626440037845943,0.1552145206531738,0.13275353298264977,-0.788931295269288,0.22082621152836424
Northeast,2004,Summer,-0.6287253480544998,5,0.5552247034987567,0.5154794132386903,-1.4178164426579252,-1.4511206854255037,-0.3144349024491361
Northeast,2004,Autumn,0.32915318860725507,5,2.408190136726516,-1.3928547638474396,0.49774969491762594,-1.8946804888992523,-0.7583481635560547
Northeast,2005,Winter,-0.36654401772128253,4,-0.7555561039899966,0.43862027558906613,0.4122626148425427,,-0.6842623061486102
Northeast,2005,Spring,-0.1200461702097588,4,-0.8447794318997915,-0.44189745837597627,0.9493927808123044,,-1.0266954881275243
Northeast,2005,Summer,-0.05475860117603267,3,0.2242414950416252,-1.0165004423839792,,,-1.4050177409537024
Northeast,2005,Autumn,0.4293403435476424,3,1.1497734124060985,-1.256906725771139,,,-1.1186591075343102
Northeast,2006,Winter,-0.6321474959602292,3,-0.9297395645257454,0.2769404455738206,,,-0.6897624777811217
Northeast,2006,Spring,-0.5295507392145661,3,-0.4417480937137301,0.10626325912968507,,,-1.040640864800283
Northeast,2006,Summer,-0.24773030355706138,3,-0.03877935240220789,-0.4505395096698086,,,-1.1549510679387849
Northeast,2006,Autumn,-0.10270383368398266,3,0.9110347335894863,-0.2681900060137371,,,-1.4873362406551713
Northeast,2007,Winter,0.8461022410563066,3,2.7891189066460713,-1.1628377279565487,,,-1.4136499114337004
Northeast,2007,Spring,-0.340449601583012,3,-0.6290241223132241,-0.8648453953184925,,,-1.2571700777543042
Northeast,2007,Summer,0.6201316617022418,3,1.271639358585173,-0.8805719771308315,,,-0.29181635060927913
Northeast,2007,Autumn,0.033479767241036074,3,0.5306288140818687,-0.968927869512624,,,-1.3991173818713845
Northeast,2008,Winter,-0.20286000372892413,3,-0.43739494108651156,-1.0734324746545896,,,-1.2446175447548504
Northeast,2008,Spring,0.2989098388607672,3,2.0694313294448103,-0.6792447122962699,,,-1.8519465251587788
Northeast,2008,Summer,0.05032724453486622,3,0.5024313110053883,-1.0891737438964761,,,-1.4406233212972657
Northeast,2008,Autumn,0.3763013202829984,3,0.7002950552551634,-1.0381969573734515,,,-0.6095880517796197
Northeast,2009,Winter,0.011000675808721605,3,0.33852967403689493,-0.12014044466736386,,,-0.42566809127809396
Northeast,2009,Spring,0.1457332956795422,3,1.049668158133183,-0.4405806463593085,,,-1.0530489174538649
Northeast,2009,Summer,-0.47086165286570614,3,-0.8272184488057449,0.23925271941573892,,,-0.3461137903756347
Northeast,2009,Autumn,-0.7995282309562501,3,-0.5331801947657983,0.5928326451873652,,,-1.2725718529155872
Northeast,2010,Winter,-0.8369052333676631,3,-0.8100771774335632,1.2610994512369575,,,-0.4395390714324681
Northeast,2010,Spring,-1.531491288848871,3,-1.022543592389322,2.622641709687033,,,-0.9492885644702579
Northeast,2010,Summer,0.5427136162818328,3,1.662806295982343,-1.4440284073750818,,,-1.4786938545119266
Northeast,2010,Autumn,-0.011883781724672785,3,1.1240814634570786,-0.020368221517328516,,,-1.1801010301484254
Northeast,2011,Winter,-0.45254319005239013,3,-0.2543658537591811,0.9634161589926511,,,-0.13984755740533816
Northeast,2011,Spring,-0.37459228417808327,3,-0.6030399136597718,-0.5003594493335057,,,-1.0210963882079835
Northeast,2011,Summer,0.30775685009764464,3,0.8562848106213412,-1.4659348431776793,,,-1.3989491035060868
Northeast,2011,Autumn,0.1500379453360184,3,0.9905751555672029,-0.10487481230758973,,,-0.6453361318667374
Northeast,2012,Winter,-1.1599897203750051,3,-1.7212266814473571,0.46541965027647986,,,-1.2933228294011787
Northeast,2012,Spring,-0.5467085322223785,3,-0.14668227212986823,0.45698122439790184,,,-1.0364621001393655
Northeast,2012,Summer,-0.19180946996505419,3,0.1253248155164443,-0.228951022144371,,,-0.9297042475559778
Northeast,2012,Autumn,-0.051597981735449196,3,0.15406419822084305,-0.9203788884122179,,,-1.2292370318394086
Northeast,2013,Winter,-1.3881671443100998,3,-1.311517054551458,2.494462874854292,,,-0.35852150352454903
Northeast,2013,Spring,-0.6089994219683975,3,-0.02826973705151074,1.6653213915405642,,,-0.1334071373131173
Northeast,2013,Summer,0.2702258916301471,3,0.08742478405747728,-0.860098833557673,,,-0.13684594272470899
Northeast,2013,Autumn,0.7413490541072454,3,0.9074040330144357,-0.6782463525435315,,,0.6383967767637689
Northeast,2014,Winter,0.2715102874620818,3,0.32843996179892704,-0.22941735928566004,,,0.25667354130165826
Northeast,2014,Spring,0.6537546391264667,3,2.3779143834829113,-0.9543575816193888,,,-1.3710080477228996
Northeast,2014,Summer,0.382823030665609,3,0.3784316200973732,-0.9725970803779092,,,-0.20255960847845544
Northeast,2014,Autumn,0.43359044635014204,3,0.4886189751323418,-0.3413241326139473,,,0.47082823130413703
Northeast,2015,Winter,0.7666018463330175,3,0.7314471860075684,-0.4037581995003577,,,1.1646001534911263
Northeast,2015,Summer,0.19436932319911607,3,0.262335285902525,-0.6392286375484065,,,-0.3184559538535833
Northeast,2015,Autumn,0.7262923297089824,3,1.1994781981848344,-0.41421298813065593,,,0.565185802811457
Northeast,2016,Winter,-0.05508415160057776,3,-0.2670150756370948,0.028586815395518404,,,0.1303494362308799
Northeast,2016,Spring,0.7309148398024674,3,0.9422130018706353,-0.8416211362837649,,,0.4089103812530022
Northeast,2016,Summer,0.5613863870318009,3,0.6296023756871363,-0.5727104890424485,,,0.48184629636581755
Northeast,2016,Autumn,-0.5693219291376681,3,0.08138684696363396,1.1976131320975703,,,-0.5917395022790682
Northeast,2017,Winter,1.1764995088225592,3,1.243338342003208,-0.9979105877217642,,,1.2882495967427054
Northeast,2017,Spring,1.010158716116574,3,1.7521218726589132,-1.027394658729489,,,0.2509596169613198
Northeast,2017,Summer,0.806034815953962,3,1.652826478367857,0.11404484992164556,,,0.8793228194156744
Northeast,2017,Autumn,0.008436971336894769,3,-0.27259894917449395,0.2958468510948683,,,0.5937567142800465
Northeast,2018,Winter,-0.7263401155420391,3,-1.0764616768878914,1.105987857547451,,,0.0034291878092247265
Northeast,2018,Spring,0.6193958574520885,3,2.039776992158438,-0.3344535916622626,,,-0.5160430114644352
Northeast,2018,Summer,0.9703794511395872,3,1.629509476859966,-1.3274157436398435,,,-0.0457868670810481
Northeast,2018,Autumn,0.6557816579467249,3,0.999825982819898,-1.0317841033158344,,,-0.06426511229555754
Northeast,2019,Winter,1.800890973878628,3,3.2405965491651765,-0.42272082300771296,,,1.7393555494629946
Northeast,2019,Spring,1.3673086778673769,3,2.2699617457545194,-0.8841252495905917,,,0.9478390382570192
Northeast,2019,Summer,0.1767654446668674,3,-0.2461389303974633,-0.39308503437984366,,,0.38335023001822177
Northeast,2019,Autumn,1.1035739715973207,3,1.7283102409895088,-0.496543991601503,,,1.0858676822009503
Northeast,2020,Winter,2.359567181221403,4,0.7620515793388342,-0.5285521116743068,8.83446139223289,,-0.6867963583604205
Northeast,2020,Spring,1.3341887971569173,4,0.6396226387367918,-0.3360139168418559,4.223273899839157,,0.13784473320986435
Northeast,2020,Summer,2.105979219591656,4,0.8091790105578248,-0.6523362270714609,6.779860915866963,,0.18254072487037476
Northeast,2020,Autumn,4.595721329375169,4,0.9970741870598598,-1.3439767821432573,14.904165648251663,,1.137668700045895
Northeast,2021,Winter,0.7963664551668111,4,-0.17746535745530287,0.5116332995629044,3.2351163706234076,,0.6394481070620444
Northeast,2021,Spring,1.4414070243077461,4,2.039728022383229,-0.5775187524965305,2.9508253002663736,,0.19755602208485176
Northeast,2021,Summer,2.159061062076971,4,1.0851775432770598,-0.8897974629973391,6.475406259174836,,0.18586298285864936
Northeast,2021,Autumn,0.8009494458443823,3,1.3029655495539711,-1.1004269824021822,,,-0.0005441944230060898
Northeast,2022,Winter,0.016924738395262245,3,0.1491802209416555,-0.1880654138814694,,,-0.2864714196373382
Northeast,2022,Spring,1.3278689555799015,4,1.1416809371145449,-0.5829102537713278,3.2068665348845613,,0.3800180965491715
Northeast,2022,Summer,2.3518453553907306,4,0.32880627611417107,-0.537186578299044,7.903477792066361,,0.637910775083346
Northeast,2022,Autumn,2.05421828636349,4,1.4089652430283344,-0.19543375974657154,5.673950182107149,,0.9385239605719038
Northeast,2023,Winter,0.5560239842341579,5,0.030828103796795847,0.2838183136951631,5.002123610646573,-2.7488075877888787,0.7797941082114626
Northeast,2023,Spring,0.6946721574908492,5,2.4099824813857254,-1.1532232701779754,1.8650867430712743,-2.973839729885209,1.0189080227044798
Northeast,2023,Summer,1.3079692905689266,5,1.1109712502957254,-1.286472056000897,6.358959713800137,-2.8073186367359804,0.5907620694838538
Northeast,2023,Autumn,1.2532978418972787,5,2.009315375533184,-0.670514594195949,5.693048334961485,-2.226049882482965,0.11966078727873908
Northeast,2024,Winter,0.9081650878174423,5,0.5180894337589588,0.49397332446552955,4.202722315139314,-0.5288535319084539,0.8428405465629215
Northeast,2024,Spring,0.8171160442670823,5,1.3632678299674659,-0.7846335499839653,3.110606762817214,-0.5952922974373414,-0.5776356239958933
Northeast,2024,Summer,1.7486129022254353,5,1.5291472951559755,-1.5237802891541488,7.114245777424931,-1.2989795937621662,-0.12512925684571313
Northeast,2024,Autumn,1.1283419008057085,5,2.4651741637206066,-1.3552304869218612,3.0768144332547247,-1.8063301469854922,0.5508205671168416
Northeast,2025,Winter,0.33630317735865833,4,0.6573477628382722,-0.7168704496414205,-0.931960362491217,,0.9029548594461574
Northeast,2025,Spring,1.087707351261431,4,1.2635562622462642,-0.7395127434416043,2.7449499313846886,,-0.397189532026832
Northeast,2025,Summer,2.3486431144984166,4,2.1295273098184477,-1.6509741016682176,5.146263947078649,,0.46780709942835236
Northwest,1981,Spring,2.130931917055756,4,0.21122876402822913,-1.3086542569364457,4.445043596682535,,2.5588010505758145
Northwest,1981,Summer,1.401899339693729,4,-0.7220592903798346,-0.33733258012512934,4.234007357929397,,1.7583167111002238
Northwest,1981,Autumn,0.8463121363358744,4,-1.498997844574126,2.4284729324444863,4.359634725302471,,2.953084597059639
Northwest,1982,Winter,-0.23057441345978302,4,-0.05684664541659438,-0.5865751818858188,,-3.14042747003384,1.6884012797254835
Northwest,1982,Spring,-0.29215978607059856,5,-0.018507650551746198,-0.05594632367260731,-0.2421502230329057,-3.172646812150444,1.9165594317094956
Northwest,1982,Summer,-0.40022794901028247,5,-0.7815160216814219,1.0099382722035224,0.1204330231911124,-2.9613651708704434,2.631246696512863
Northwest,1982,Autumn,-0.2992561183422294,5,-0.4996751809389783,0.17393741626903367,0.12144003764649268,-2.2412651658806726,1.2971571337310444
Northwest,1983,Winter,0.33576398972213467,5,-0.9203840006317405,-0.411840874088414,-0.05735704205639256,-0.5904996431120899,2.8352197603224822
Northwest,1983,Spring,-0.024193635512758417,5,-0.8719464468077623,0.30842857080810215,-0.3372812659496246,-0.3238493316163828,1.7205374376180798
Northwest,1983,Summer,-0.11508035763905529,5,-0.7305746529872884,0.6691633226583984,-0.3725737360080737,0.13507026215165546,1.0618396613068286
Northwest,1983,Autumn,0.4406125332697428,5,-0.6031428900854997,-0.776297095979294,-0.23600300700489696,0.7329972792071722,1.5329141882526445
Northwest,1984,Winter,-0.8566551415895078,5,-1.8147448469465246,1.6711688918428818,-1.541224914164905,0.8691666819613836,-0.12530373695461058
Northwest,1984,Spring,0.24330660536251641,5,-1.0200647540346806,-0.28309234305461073,-0.21787220237530486,0.9885952876377287,1.1827823525302281
Northwest,1984,Summer,0.2753942068949081,5,-0.38519805579949423,1.2063642630350584,0.053044843630420294,1.1281556182393058,1.7873328914393674
Northwest,1984,Autumn,0.11962718984100591,5,-1.2267738156958345,-0.044797967923868004,-0.42933706687784373,1.1500591657473591,1.0593896981074808
Northwest,1985,Winter,-0.5653733930089585,5,-1.1067533466822503,2.7483198574479215,-0.8974711205987326,0.56845041924178,1.3572269404423316
Northwest,1985,Spring,-0.08321550164892497,5,-0.8547757950335713,1.2742051834669652,-0.3443981215582857,0.6480353581719256,1.4092662336422717
Northwest,1985,Summer,-0.032394801777420025,5,-1.0222828728928752,0.22798761064599093,-0.5788995740189892,0.6877889849520796,0.9794070637186755
Northwest,1985,Autumn,-0.013474464649324957,5,-0.9505437497879854,0.7149819364611751,-0.4699828606862642,0.6401187476254973,1.4280174760633026
Northwest,1986,Winter,-0.18795515506985877,5,-0.946337141428979,-0.4742594096500336,-1.616722147935262,0.5886511483107157,0.5603729560541979
Northwest,1986,Spring,-0.007492415947998099,5,-0.7686928800908864,0.9204214617252003,-0.31041990602569297,0.8334377374744849,1.1286344306273042
Northwest,1986,Summer,0.2637872431865245,5,-0.23789174192733126,0.4175349138987906,-0.456117952323288,1.1728429552419721,1.2576378688400602
Northwest,1986,Autumn,0.11625409802700246,5,-0.8318816817101561,0.6902597391675537,-0.427501848907845,1.4572037049847555,1.0737100549358116
Northwest,1987,Winter,0.7501443086673678,5,0.10783161013469485,-1.0091766982694141,0.5015155440288659,0.9709818226247768,1.1612158682790872
Northwest,1987,Spring,0.12361665646478279,5,-0.4773745527604419,-0.0917373730615197,-0.1813295209472249,0.5000884000150281,0.684961582955033
Northwest,1987,Summer,-0.3125500033624524,5,-0.41102106583839676,1.7997618864357183,-0.14984285777586337,-0.2229269775848663,1.0208027708225824
Northwest,1987,Autumn,-0.4327049018153062,5,0.2978862524827492,2.4311655765694318,-0.20441401474984897,-1.1634548454185731,1.3376236751785735
Northwest,1988,Winter,-0.07445850045291565,5,0.3738259138714541,1.077512722627167,-0.06332877031170484,-0.9016065701901879,1.2963296469930272
Northwest,1988,Spring,-0.9447880146570545,5,-1.0731026161735617,2.053367697247264,-0.17026863551734975,-0.964920442852652,-0.4622806814944457
Northwest,1988,Summer,-0.5640832795964801,5,-0.8758910364720214,0.2905717214652093,-0.23302752182902095,-1.0482492302908837,-0.37267688792526504
Northwest,1988,Autumn,-0.2175680563070248,5,-0.29582576867149313,-1.0426613545699812,-0.21768075298869882,-1.0062094995023831,-0.6107856149425303
Northwest,1989,Winter,-0.21728106913631517,5,-0.5421885547997053,-0.7051616403906167,-0.41991602835973746,-0.12418298360927248,-0.7052794193034774
Northwest,1989,Spring,-0.24123480652026488,5,-1.0088171245458883,0.23772304721883014,-0.3339941391927823,0.005937434664988209,0.368422843691188
Northwest,1989,Summer,-0.6025149861772261,5,-1.3851351125172864,0.7833064622204998,-0.21479249792665053,0.09310909844020238,-0.7224499566618962
Northwest,1989,Autumn,-0.30523522841046247,5,-0.5262034361156698,0.0707147869625651,-0.05866814307119799,0.1967616567539834,-1.067351432656863
Northwest,1990,Winter,0.9297960816956097,5,2.126398010003007,-0.9523084922048658,1.2692406291493952,0.3406810362023212,-0.039647759081540404
Northwest,1990,Spring,-0.2100353033850321,5,-0.8562240499757319,-0.4898835698308984,0.01542199248168534,0.28495162476985864,-0.9842096540318709
Northwest,1990,Summer,0.03726200592991343,5,-0.6103502133398273,-0.7823936686497919,0.28944914900618857,0.20917657232566256,-0.4843591469922485
Northwest,1990,Autumn,0.2271721365589711,5,0.25579778763461397,-0.6252221247730787,0.48491386082615257,0.0763942690469454,-0.3064673594859353
Northwest,1991,Winter,-0.2331847616029014,5,-0.5798750614879137,-0.450463573101354,-0.0867994638982979,0.12340561325495877,-1.0731184689846083
Northwest,1991,Spring,-0.3688321946659471,5,-0.5838973897600925,-0.09637745133077692,-0.24972611115068957,0.10508033560687859,-1.2119952593566088
Northwest,1991,Summer,-0.3855079092878708,5,-0.16686185987248456,0.7050426460939605,-0.30914547016546584,0.0676955553946063,-0.8141851257020497
Northwest,1991,Autumn,-0.24376057232954543,5,-0.7856817197908198,-0.8811893571270211,-0.2800318200949664,0.0074088129919516535,-1.0416874918809136
Northwest,1992,Winter,0.31768919818546737,5,0.18940917358497036,-0.4294443289010633,1.9584321705022176,0.3352555950151902,-1.3240952770761043
Northwest,1992,Spring,-0.4046862825017195,5,-1.1202063954488124,-0.49886684269304976,-0.24798579317690914,0.35429198982415194,-1.5083980564000778
Northwest,1992,Summer,-0.8311790904922758,5,-1.20198301455909,1.799402080220744,-0.11353046993861372,0.24875842878955098,-1.2897383165324825
Northwest,1992,Autumn,-0.426626413671874,5,-0.87414084166687,1.5549305001286762,-0.28672559522203894,0.07009193532840585,0.5125729333298091
Northwest,1993,Winter,0.27338750228144004,5,0.8092716586958916,-0.9017796194914542,0.2720200272505704,0.12908006580247888,-0.7452138598331951
Northwest,1993,Spring,-0.21154421510962368,5,-0.1893080937807957,0.8124830563839608,-0.05831859847851126,-0.04204843839754171,0.044437111492691084
Northwest,1993,Summer,-0.9108909984601492,5,-1.9234905853975297,1.4836909728813115,0.16672573930270543,-0.2696189143801201,-1.0443802589444904
Northwest,1993,Autumn,-0.7491955455426671,5,-1.0404691513571287,1.5102541128360498,-0.028950437319679327,-0.5363087063930424,-0.629995319807436
Northwest,1994,Winter,0.24221181040742296,5,-1.031222051187153,-0.14779429569275723,2.242464174842518,-0.0757687788596797,-0.07220858845132774
Northwest,1994,Spring,-0.34641140625037625,5,-0.5199780430661912,0.8954801504500183,-0.13093128713899108,-0.01567892527500531,-0.16998862532167525
Northwest,1994,Summer,0.03689857050666441,5,0.08271898287050759,-1.1648477951775884,-0.12422735745097281,0.10659535286235355,-1.0454419209261545
Northwest,1994,Autumn,-0.1902394092485064,5,0.6011231713095052,0.5080686086240398,-0.2685110782376949,0.2555190331420751,-1.0312595638323776
Northwest,1995,Winter,0.08463185220417539,5,0.0286194895506884,-0.28900861316148524,0.22878106753575309,0.3583028859099796,-0.4815527951370293
Northwest,1995,Spring,-0.32530627763318143,5,-0.7085201097072629,0.5835608700216758,-0.3738792429331132,0.3202337489989649,-0.28080491450281997
Northwest,1995,Summer,-0.34612261373604164,5,-0.4356667914684365,-0.19471818119680886,-0.5359636579709712,0.26876171976432783,-1.2224625202019372
Northwest,1995,Autumn,-0.12828330387113257,5,-0.1823761574662359,-0.4522940393932446,-0.09962557770070342,0.15993009888107795,-0.9716389224630461
Northwest,1996,Winter,-0.2607201518441979,5,-1.3238570403423795,0.04736008021877687,0.6661048661689832,0.25146599503001776,-0.8499544998588342
Northwest,1996,Spring,-0.5580428390847544,5,-0.6836025327242995,1.4613727077905223,-0.2759231411807673,0.265256253566003,-0.6345720672941859
Northwest,1996,Summer,-0.49909465558404936,5,-0.4384149776017933,1.376373236278956,-0.1344120962341946,0.29667551483096205,-0.842948482636265
Northwest,1996,Autumn,-0.07622585580881952,5,0.20786763999612634,-0.20111662152799675,-0.3044930068126317,0.29532565622021345,-0.7809461899758025
Northwest,1997,Winter,0.2737553614807146,5,0.6451733327041727,-0.4630899092642244,-0.12648600767447424,0.41224947897787134,-0.02524990586822127
Northwest,1997,Spring,0.6416273756317624,5,1.9074805475465952,-1.7815685235003418,-0.36794893675793483,0.8059268984972101,-0.9188901546274001
Northwest,1997,Summer,0.23422878521383259,5,0.9828902239980978,0.9786068452001199,-0.5490402523325533,1.3280723499661675,0.3878284496375709
Northwest,1997,Autumn,0.08599090261361458,5,0.1612638605351785,0.7138745271325544,-0.5799092200546081,1.835601179677441,-0.27312677995738394
Northwest,1998,Winter,-0.23587054561158047,5,-0.47812983451031404,0.09821172018315666,-0.6935367613275453,1.3492580262233598,-1.2587324382602463
Northwest,1998,Spring,-0.0174957743242042,5,0.12195453356766944,1.0065835422136602,0.00780593407674716,0.9956497313559591,-0.20630552840773655
Northwest,1998,Summer,0.08312067757353163,5,-0.04340508153899802,-1.7052555939772203,-0.3036731673512479,0.3911036970545724,-1.3336776542738888
Northwest,1998,Autumn,0.3007643853156031,5,2.0953016547139853,-0.5572712628872197,-0.29032087128357226,-0.48027594013252195,-0.3781541796070952
Northwest,1999,Winter,0.591606102432881,3,1.4269432775140831,-1.0007824038081765,,,-0.6529073740236166
Northwest,1999,Spring,-0.4754333262027058,3,-0.029347247513988883,0.5731360388271689,,,-0.8238166922669596
Northwest,1999,Summer,0.5877561441909842,3,1.5941097401345734,-0.2093224533455498,,,-0.04016376090717059
Northwest,1999,Autumn,0.0070585732369160175,3,-0.15888152180812565,-1.1087953110314341,,,-0.9287380695125604
Northwest,2000,Winter,-0.10492305776264892,3,-0.5267102262855932,-0.5891976385896184,,,-0.37725658559197195
Northwest,2000,Spring,0.10750456057527928,3,-0.12378420538883367,-1.441175123689854,,,-0.9948772365751826
Northwest,2000,Summer,0.48057108186561487,3,0.7204978819669543,-0.9353416244119844,,,-0.21412626078209404
Northwest,2000,Autumn,-0.45709709203121945,3,-0.8070762038868111,0.8425176363540593,,,0.27830256414721205
Northwest,2001,Winter,0.42156129672007436,3,0.16864489380738237,-0.6177955255176653,,,0.47824347083517554
Northwest,2001,Spring,0.5777880430934909,3,0.7625720281111396,-0.7421085358731794,,,0.22868356529615358
Northwest,2001,Summer,0.79454390810753,3,0.993203355259118,-1.3279298458479327,,,0.0624985232155392
Northwest,2001,Autumn,0.23398258131592856,3,0.3571189450158237,-0.9093131367366655,,,-0.5644843378047035
Northwest,2002,Winter,0.3131238772060592,3,1.4350857730622897,0.5549640999310611,,,0.059249958486949195
Northwest,2002,Spring,0.3232529364007121,3,0.39983001069106117,-0.5478711465473314,,,0.02205765196374386
Northwest,2002,Summer,1.0928930708253846,3,1.5354640295883906,-1.3560016707064984,,,0.3872135121812648
Northwest,2002,Autumn,0.14581214159600034,4,0.4144892713078158,-0.5612170473931395,-0.34263911059512975,,-0.049818641721824285
Northwest,2003,Winter,0.04928439099216503,4,0.35809481764471923,1.0426678082914065,-0.2213542434519187,,1.103064798067266
Northwest,2003,Spring,-0.2678743425610851,4,-0.6840513435797639,0.5055723130845207,-0.2202558808245013,,0.33838216724444525
Northwest,2003,Summer,-0.42981809466267507,4,-0.4810088475492368,0.29939046788557144,-0.44777366841336924,,-0.4910993948025228
Northwest,2003,Autumn,0.3748700817110654,4,1.1102391070266515,0.17782080125179273,-0.08662151093042098,,0.6536835319998237
Northwest,2004,Winter,-0.5668834085808303,5,-0.29644399219181167,-0.6097126498556484,-0.9999216507791338,-1.4644633227497552,-0.6833007270390989
Northwest,2004,Spring,0.16142802328424305,5,1.2770292579431288,-1.146390461252229,-0.2600524115982403,-1.588340850291143,0.23211365911524062
Northwest,2004,Summer,-0.10846504170839351,5,0.2263004918965849,-0.21819595206457565,-0.3406398333205465,-1.6316458168871053,0.9854639977045238
Northwest,2004,Autumn,-0.25561441001751933,5,-0.3411097167677404,-0.6330948631156793,-0.35457270123707446,-1.4498973822796795,0.2344128870812184
Northwest,2005,Winter,-0.40297087591310315,4,-0.30798114077021455,1.0127982253185368,-0.4144403289202014,,0.12333619135654005
Northwest,2005,Spring,0.13780479431912285,4,1.1593238840943458,-0.6416264486462231,-0.14553610540213813,,-1.1041950500619393
Northwest,2005,Summer,0.12397077958118186,3,0.6835547285867314,-0.36198380378878087,,,-0.6736261936319666
Northwest,2005,Autumn,-0.10668349534514339,3,-0.33521757205985525,-1.1054574636533134,,,-1.0902903776288884
Northwest,2006,Winter,-0.7208089506401979,3,-0.8558354133850016,0.9765510676228678,,,-0.3300403709127241
Northwest,2006,Spring,0.19350633713142548,3,0.8201648251081557,-0.05779734442013446,,,-0.2974431581340138
Northwest,2006,Summer,0.642082938706629,3,1.1081219015744124,-1.1047817248506633,,,-0.2866548103051886
Northwest,2006,Autumn,1.1678462616698726,3,3.342374052613617,-1.0918524310275823,,,-0.9306876986315814
Northwest,2007,Winter,0.6178908127974814,3,1.7796059337414192,-1.2043185866371282,,,-1.1302520819861033
Northwest,2007,Spring,0.8325644933399317,3,1.633304905190613,-1.0149613139682423,,,-0.15057273913905994
Northwest,2007,Summer,0.45788495475380514,3,0.8731470626346602,-0.9449728049765461,,,-0.4444650033497907
Northwest,2007,Autumn,0.037433319806107423,3,-0.0532687060668642,-0.6445409067520772,,,-0.47897224126689075
Northwest,2008,Winter,-1.6072144766758314,3,-1.1680702597479917,2.2398593429107962,,,-1.4137138273687062
Northwest,2008,Spring,0.8786276879511635,3,2.830617872409931,-1.0453559660990472,,,-1.2400907746554877
Northwest,2008,Summer,0.7529451160499073,3,1.8745169381791842,-0.8674745947265992,,,-0.4831561847560613
Northwest,2008,Autumn,0.33377066353479146,3,0.697092260401707,-1.09661170106418,,,-0.7923919708615127
Northwest,2009,Winter,0.7781733816192155,3,1.5384882386213081,-0.8873858327803414,,,-0.09135392654400311
Northwest,2009,Spring,0.5826073076266395,3,1.1046409946968385,-1.3042239609158228,,,-0.6610430327327431
Northwest,2009,Summer,-0.1842681804805082,3,-0.8206973955295608,-0.4071503855300226,,,-0.13925753144198635
Northwest,2009,Autumn,-0.3613488827098343,3,0.02006234517252772,0.5650470748452873,,,-0.5390619184567433
Northwest,2010,Winter,0.47460891589848636,3,0.9679874328780902,0.2606814568955074,,,0.7165207717128763
Northwest,2010,Spring,-0.9124682107191028,3,-0.6359463924434007,1.9153023462544272,,,-0.18615589345948044
Northwest,2010,Summer,0.9178788555686039,3,1.9989232806636914,-1.1294320217481606,,,-0.37471873570604036
Northwest,2010,Autumn,0.7353173149794502,3,1.4506496102398891,-0.6503129640909387,,,0.1049893706075225
Northwest,2011,Winter,-0.34004798069606496,3,-0.5828433693067628,2.0750865969944607,,,1.6377860242130289
Northwest,2011,Spring,-0.19512873623481583,3,0.7877523244543518,0.8923137070749614,,,-0.48082482608383786
Northwest,2011,Summer,1.2188968367101536,3,2.204857801631581,-1.6803510205290442,,,-0.22851831203016473
Northwest,2011,Autumn,0.25337455029269745,3,0.5329273165247617,-1.1196094565101713,,,-0.8924131221568405
Northwest,2012,Winter,-1.3145918703858632,3,-1.4881853662250197,1.2396666704275645,,,-1.215923574505005
Northwest,2012,Spring,0.17134452266444158,3,0.09740194861716459,-1.259337264621105,,,-0.8427056452449448
Northwest,2012,Summer,0.43557084143010877,3,0.8387811109536152,-1.4894416682991811,,,-1.02151025496247
Northwest,2012,Autumn,-0.35853792192730644,3,-0.7719793535777049,0.10334769953557331,,,-0.20028671266864118
Northwest,2013,Winter,0.020302340044208556,3,0.2153415640105873,0.6543936615760196,,,0.499959117698058
Northwest,2013,Spring,1.239963088122902,3,3.2384146817885897,-1.5698190164189596,,,-1.0883444338388433
Northwest,2013,Summer,0.036323248400342845,3,0.7087794316484883,-0.0031283684768174387,,,-0.6029380549242772
Northwest,2013,Autumn,0.5730214667998561,3,1.0524150957775555,-0.7907500779720076,,,-0.12410077334999488
Northwest,2014,Winter,0.4057940747230375,3,0.7778470081512993,-0.23327159332259256,,,0.20626362269522078
Northwest,2014,Spring,0.27547688698795114,3,0.8377994374511625,-0.35123491012929714,,,-0.36260368661660625
Northwest,2014,Summer,0.3108697250909754,3,0.8699571242768944,-0.07773383667862549,,,-0.01508178568259387
Northwest,2014,Autumn,0.2852444200826018,3,0.6149813809082368,-0.14384378881098014,,,0.09690809052858834
Northwest,2015,Winter,0.6042951774610293,3,0.7719648208207323,-0.4052799371185994,,,0.6356407744437564
Northwest,2015,Summer,1.294487467352985,3,2.5821817478255116,-0.2757203815347612,,,1.0255602726986819
Northwest,2015,Autumn,0.47482929692749015,3,0.6454001935387188,-0.015678876090295855,,,0.7634088211534559
Northwest,2016,Winter,0.6117597795679225,3,0.8107778060561852,-0.029190578962388487,,,0.9953109536851937
Northwest,2016,Spring,0.7086928520485697,3,1.4935220123927946,-1.2651825790753775,,,-0.6326260353224629
Northwest,2016,Summer,1.6272634305081972,3,3.100958951732073,-1.1657086660191436,,,0.6151226737733748
Northwest,2016,Autumn,0.9337700466144718,3,1.9335237453139167,0.30798014848781685,,,1.1757665430173156
Northwest,2017,Winter,1.3979253413111277,3,1.8453730074953663,-1.281476876254631,,,1.0669261401833854
Northwest,2017,Spring,0.5687380222383699,3,0.7160842112232175,-1.2529612897417195,,,-0.2628314342498274
Northwest,2017,Summer,1.0260614163812747,3,2.382229783409581,-0.3664929634334593,,,0.3294615023007837
Northwest,2017,Autumn,0.7197382541558394,3,0.7662889530548577,-0.3443664043195808,,,1.0485594050930795
Northwest,2018,Winter,-0.03383253935098637,3,-0.20055168450176925,0.6379205236346129,,,0.7369745900834231
Northwest,2018,Spring,1.6950644612867667,3,3.3577443507513145,-0.8958176338959438,,,0.8316313992130417
Northwest,2018,Summer,1.3696068355978126,3,2.050428786780835,-1.4749635362212585,,,0.5834281837913442
Northwest,2018,Autumn,0.19261855487492507,3,-0.42226770603970765,0.8676997363367097,,,1.8678231070011926
Northwest,2019,Winter,-0.5633910847177936,3,-1.4844606250167103,0.8729839823171684,,,0.6672713531804979
Northwest,2019,Spring,0.628689133989304,3,1.3923822750007973,-1.2705134530291997,,,-0.776828326062085
Northwest,2019,Summer,1.2178336660467324,3,1.6323072209604996,-1.0979900879337456,,,0.9232036892459516
Northwest,2019,Autumn,1.5472813143848676,3,2.0977165999511986,-0.3718594293336579,,,2.172267913869747
Northwest,2020,Winter,1.2363115681932382,4,0.8454790240243101,-1.1765823653151337,1.1537262440182623,,1.769458639415247
Northwest,2020,Spring,0.8496906152338727,4,2.3473602647614724,-1.590473876113694,-0.04844395135499355,,-0.49062772858468173
Northwest,2020,Summer,0.34359082879281444,4,0.7077849013540726,-0.21253869080501758,0.22594626664661138,,0.2280934563655562
Northwest,2020,Autumn,-0.025189998117339435,4,-0.5497441522954288,0.138785474088526,0.22630198241213267,,0.36146765150246446
Northwest,2021,Winter,1.4895501666326652,4,2.2228594676982585,0.04765132529298696,1.874473534741076,,1.9085189893843129
Northwest,2021,Spring,0.6785962125521723,4,1.4940494407108775,-0.5744955006377045,0.18592593228929066,,0.45991397657081634
Northwest,2021,Summer,0.9078160081974405,4,2.1991633151697596,-0.5147330834183685,0.38021934600279145,,0.5371482881988422
Northwest,2021,Autumn,0.24080602974819967,3,0.7435438170631188,1.1450628232582512,,,1.1239370954397314
Northwest,2022,Winter,0.06902813042177398,3,0.24897057876987783,-1.1028642860694644,,,-1.1447504735740202
Northwest,2022,Spring,1.4775212769220833,4,4.259105325218013,-1.8692121480884059,0.06465024737184542,,-0.28288261298993106
Northwest,2022,Summer,1.2269429382406534,4,3.119087984225018,-1.087602055177104,0.2793267971081855,,0.4217549164523061
Northwest,2022,Autumn,0.8876006881534877,4,2.271853351542135,-0.22849161500730783,0.08080187832213699,,0.9692559077423711
Northwest,2023,Winter,0.16877561363498456,5,0.1670270289444733,0.41683325937786747,1.4514249841373992,-1.6000289587442358,1.2422882732151534
Northwest,2023,Spring,-0.032833335178962766,5,1.729722284584594,0.09099124157290754,-0.14781652385221306,-2.1256097189901535,0.4705285239358662
Northwest,2023,Summer,1.1020857679939795,5,5.004290302418108,-1.7314086554031374,-0.25255002415492805,-2.572559236775723,1.5998391430793033
Northwest,2023,Autumn,0.8075108734826465,5,4.207526794338708,-1.419118403955001,0.22514571963550212,-2.795771836497644,0.9815352859816646
Northwest,2024,Winter,1.0142300312160182,5,1.8685136707370071,0.5160148655850425,2.317411535582754,-1.3030674396211126,2.704307254966485
Northwest,2024,Spring,0.31322295828882757,5,2.855020844722671,-1.6802470357361592,-0.19605111930263613,-2.0807825784153136,-0.6923193912967431
Northwest,2024,Summer,0.9525136737926078,5,4.363944565106633,-2.4457369775921,0.43262361744078126,-3.049430535311472,0.5696937441349971
Northwest,2024,Autumn,0.49732956587522426,5,3.206500277532734,-0.8157140804086143,0.7962430036180806,-3.9047978125826552,1.572988280399348
Northwest,2025,Winter,0.055428836045126495,4,-0.49736302994601334,-0.2243397209224257,-0.11559444140185927,,0.6103330946059529
Northwest,2025,Spring,1.1306788276305189,4,2.93204094057738,-0.9304273474038482,-0.2582806434826597,,0.9185276660235067
Northwest,2025,Summer,1.8927229340698095,4,4.222034258993445,-2.2687114593704005,-0.13528237573856594,,1.215428393653958
Province:Shanghai,1981,Spring,-0.27995519135175445,4,-0.4969717722441998,-0.7465043346424417,0.15919181612043656,,-1.5285451439256963
Province:Shanghai,1981,Summer,0.34599204408884143,4,-0.34577610535956477,-0.22939761274981896,1.3343624450219038,,0.16598422394320778
Province:Shanghai,1981,Autumn,-0.16516895172710985,4,-1.402593949084814,2.6852141851099898,2.806990071877993,,0.620142255408371
Province:Shanghai,1982,Winter,-0.9562252856139689,4,-1.3193319078830665,0.0974051089617832,,-1.1719767965917702,-1.236187329019256
Province:Shanghai,1982,Spring,0.24798369470283718,5,-0.38108037768643704,-0.43242422769902966,2.5124621413790584,-0.5838967772330009,-0.739990740644464
Province:Shanghai,1982,Summer,-0.6362745637086001,5,-1.4456460454845839,1.5874314802287484,-0.5459809534042286,0.2492998986111941,0.148385761963366
Province:Shanghai,1982,Autumn,0.08483679572939394,5,-0.6275630689572467,-0.6231288036300944,-0.23239083241045855,1.0635356050028544,-0.4025265286182738
Province:Shanghai,1983,Winter,-0.2327824099168959,5,-1.0560728808761488,0.3548530695368226,-0.3321780338033862,1.0903465719535372,-0.511154637321659
Province:Shanghai,1983,Spring,0.10982048528447819,5,-0.14205437641105115,-0.33100252649855305,0.15545052784498586,1.195598162905668,-0.990894414415765
Province:Shanghai,1983,Summer,-0.34075869359654964,5,-0.6908333414772179,0.8848193634635881,-0.6794581209010522,1.186063153998711,-0.6347457961396009
Province:Shanghai,1983,Autumn,0.16793626420153504,5,-1.0683389249539677,-1.0838300750884176,0.9704099236352329,1.0068137060693685,-1.1530334588313762
Province:Shanghai,1984,Winter,-0.9751265518286001,5,-1.5825909348899838,2.0499122943096664,-0.46756989709697777,0.4606276961728845,-1.236187329019256
Province:Shanghai,1984,Spring,-0.6097581192025234,5,-1.1416176544717558,0.06486927496137256,-0.7592944555027613,0.19463225907766715,-1.2776414701543952
Province:Shanghai,1984,Summer,-0.33602057287654113,5,-0.7914750353448666,-0.6331374111895007,-0.968442668005827,-0.17375447478961992,-0.37956809743189274
Province:Shanghai,1984,Autumn,-0.35164699530236193,5,0.2943930965025605,-0.07173830550674705,-0.19098815854833884,-0.5246775651347413,-1.4087006548380372
Province:Shanghai,1985,Winter,-0.8002881192436874,5,-0.07825363770759765,1.574760328877008,0.05985213752432765,-0.9387475833396765,-1.4695311838184826
Province:Shanghai,1985,Spring,-0.6715429378684561,5,-0.8156731072780479,0.52944609981517,0.17415696922224014,-1.4736442473023355,-0.713108204168967
Province:Shanghai,1985,Summer,-0.31793781072551497,5,-1.0107301541279585,-0.3893205199239786,1.4069325555056142,-1.9868446465073952,-0.3883673284218139
Province:Shanghai,1985,Autumn,-0.10875077508129234,5,0.5000884959676968,-0.09713128897295388,2.5023088565336744,-2.2263345331393087,-1.416947983741478
Province:Shanghai,1986,Winter,-1.3035337599917434,5,-1.4509614213865252,1.2420583490569579,-0.5302138935462516,-2.058247806949726,-1.236187329019256
Province:Shanghai,1986,Spring,-0.9762260058035734,5,-0.4788637418445492,0.948219575739719,0.1685450368090637,-1.8072995485783359,-1.8152921996643263
Province:Shanghai,1986,Summer,-0.6779929923570975,5,-0.999947115499282,-0.3237783448526017,0.0008866648837293456,-1.261608577820285,-1.4530742782022519
Province:Shanghai,1986,Autumn,-0.8588460832197701,5,-1.3989208169515082,1.353896337667434,-0.10287477571357041,-0.5246775651347413,-0.9138609206315963
Province:Shanghai,1987,Winter,-0.178757733294594,5,0.5046770649505766,-0.3105508901032787,-0.5504216343363403,-0.1807526402703727,-0.9778423469201122
Province:Shanghai,1987,Spring,-0.8134762523176127,5,-0.7070249248801451,2.4499150870629083,1.0346532725759485,0.13902304219833334,-2.0841175644192917
Province:Shanghai,1987,Summer,-0.13249487640156463,5,-0.025879292708823953,0.8900627374692981,1.434146346937005,0.5363725091331749,-1.717051207899881
Province:Shanghai,1987,Autumn,-0.17307698961458867,5,0.5037616281010032,0.47965219261659997,-0.09013549144830321,0.8650089587356553,-1.6643678508446986
Province:Shanghai,1988,Winter,-0.24701760211656554,5,-0.11651049138594295,0.21431516426800784,-0.41300899696373977,0.7288412914127927,-1.2200946493779299
Province:Shanghai,1988,Spring,-0.5637579210703851,5,-0.7070249248801451,1.3310047060770023,-0.20745443487375326,0.9731612953883352,-1.5464668349093607
Province:Shanghai,1988,Summer,-0.19687216048852002,5,0.30839490478015225,0.5518651141009935,-0.19479345445627474,1.170954069234397,-1.717051207899881
Province:Shanghai,1988,Autumn,-0.5018282835293911,5,-1.0609926606873554,1.0455529670063515,-0.19098815854833906,1.2053403523365687,-1.416947983741478
Province:Shanghai,1989,Winter,-0.05573843494900856,5,-0.46687410614638086,-1.1700310046384093,-0.26448210215659046,0.7521642127380018,-1.4695311838184826
Province:Shanghai,1989,Spring,,1,,,,0.5838967772330009,
Province:Shanghai,1989,Summer,-0.44719606502657483,5,-0.777097650506631,1.5009158091345316,0.3909510087336719,0.2946271529041385,-0.643545027129522
Province:Shanghai,1989,Autumn,-0.5421230600745403,5,-0.3961557445589687,1.582433188863295,-0.5508729390421514,-0.042541424200114177,-0.1386120037081721
Province:Shanghai,1990,Winter,0.9480495514002601,5,-0.3556158268756005,-0.9997192768733835,4.0811925547519055,-0.5072735388233035,0.5222252910749161
Province:Shanghai,1990,Spring,0.01590815915006758,5,-0.7106465309600752,-0.4422392310410114,0.33877365334208037,-0.9175520785090014,0.9267265208363228
Province:Shanghai,1990,Summer,0.16824823400583458,5,0.09273413220661916,-1.3514796499717914,0.013845613184392794,-1.3371540016418593,0.720335776308229
Province:Shanghai,1990,Autumn,0.03126485386794875,5,-0.6018511440241048,0.03708876649128194,0.7347331647277804,-1.5740326954042245,1.6345637105315747
Province:Shanghai,1991,Winter,0.28308793530142506,4,-0.6188748538825178,-0.8016823841233537,0.1689739377908047,,0.7805702731740597
Province:Shanghai,1991,Spring,-0.5681991098432801,4,-0.2760538013684644,1.6385414774590936,-0.1737828403946942,,-0.18441832015086837
Province:Shanghai,1991,Summer,-0.44400572278222716,3,-1.0574566548522242,0.1979373687155582,,,-0.0766231447788993
Province:Shanghai,1991,Autumn,-0.6519068975808083,4,-1.1252724730202108,-0.03002126124083561,-0.4871765177158127,,-1.0251998608280455
Province:Shanghai,1992,Winter,0.24164295725592116,4,0.3986601907741455,-0.3746055816203575,0.005291237391089241,,0.18801481923809243
Province:Shanghai,1992,Spring,-0.053898267791140264,4,-0.984077789994797,1.0365546058175539,1.4518069152887267,,0.3532324093590631
Province:Shanghai,1992,Summer,-0.6539758942508723,4,-0.4607951840654493,1.3305061539489509,-1.245764161640005,,0.42116192265091595
Province:Shanghai,1992,Autumn,-0.6492493477419072,4,-0.9489621306215223,1.3629652603339362,-0.39800152785893894,,0.11293152784676881
Province:Shanghai,1993,Winter,0.15928056086214734,5,0.0087158622857586,0.3251475356243178,-0.27761713367014756,0.2973672468964193,1.0930843644230241
Province:Shanghai,1993,Spring,-0.22788836505062812,5,-0.7522950008792711,1.244305509889498,0.2078285637012988,0.4170691265950006,0.2322609952193289
Province:Shanghai,1993,Summer,-0.20720719188452738,5,-0.29186091221618155,2.4027761381166775,1.217731910315941,0.5212634243688604,-0.08039424377457946
Province:Shanghai,1993,Autumn,-0.22693566840154053,5,-0.6587846920903478,1.3665928294005372,-0.14640066361990173,0.5530385146014843,0.4840613285015992
Province:Shanghai,1994,Winter,0.016507101968146688,5,-1.3851466646347956,-0.3026294143932773,-0.2604405539985724,0.21573702225818672,1.2097562918226374
Province:Shanghai,1994,Spring,0.05743031119973765,5,-0.5965659394422774,-0.49785758331224056,-0.6582796720655869,0.027804608439666905,1.0163349757546452
Province:Shanghai,1994,Summer,0.5880688362002996,5,-0.39969129850294816,-0.5833253581352541,-0.24792514248899028,-0.2190817290825643,3.2237169929407465
Province:Shanghai,1994,Autumn,-0.04125711528897693,5,-0.21800883609362717,-0.254930543370096,-0.25468457987467735,-0.43959471673451295,0.4510720128878368
Province:Shanghai,1995,Winter,-0.22777919711137287,5,-0.7269990971175017,-1.1541880532184068,-0.34935461347496116,-0.5889037634615362,-0.6278265647212722
Province:Shanghai,1995,Spring,-0.03821374408216962,5,-0.9206996835960205,0.6537694754802702,1.0627129346418311,-0.3058506928363336,0.626538196859945
Province:Shanghai,1995,Summer,0.414790866674615,5,-0.5272905889422884,0.08913735809707267,1.6518566783881359,0.09820905096804637,0.9403165510562538
Province:Shanghai,1995,Autumn,-0.2632091066822323,5,-0.2639229877599522,0.3091564464863553,-0.5975836480147992,0.49631661566799895,-0.6416990668180537
Province:Shanghai,1996,Winter,-0.1613477928004102,5,-1.010683393461163,1.6407271007378796,-0.4281648025563055,0.3789974715346519,1.8938388612186456
Province:Shanghai,1996,Spring,-0.5668877781913673,5,-1.3100223371885051,1.7628648531241942,-0.5684887534547646,0.3058506928363336,0.5010863599742943
Province:Shanghai,1996,Summer,0.15510433007368302,5,-0.9442347492511193,0.04194699204568135,0.3572577431519496,0.17375447478961992,1.2306911737236461
Province:Shanghai,1996,Autumn,0.13125758496677156,5,-0.5155325388914136,-0.7011215385620152,-0.6708345325400886,0.01418047473337119,1.1273529829699735
Province:Shanghai,1997,Winter,-0.127404603554919,5,-0.12291365121769962,-0.0313188713257365,-0.6827823365114185,-0.2973672468964193,0.43472134552520586
Province:Shanghai,1997,Spring,0.04798985913363815,5,1.3645337528398667,-0.887186049210845,-1.6880692698834499,-0.4170691265950006,0.09336789009592958
Province:Shanghai,1997,Summer,-0.27806822276248105,5,-0.777097650506631,-0.5204048700667324,-0.6243825906232369,-0.5212634243688604,0.01199768161959048
Province:Shanghai,1997,Autumn,-0.3458073108693057,5,-0.17393125049395494,0.9312845414084212,-1.3300924932676919,-0.5530385146014843,1.2593102454250238
Province:Shanghai,1998,Winter,0.8838808554892186,5,0.09568536227911571,-0.110533628425748,-0.17304207508144037,2.3847687055026565,2.0014586563200134
Province:Shanghai,1998,Spring,0.5827724873925719,5,0.9734002962074165,-0.20340748305279155,-1.396248784398279,2.36339171737167,0.7699117247292601
Province:Shanghai,1998,Summer,0.3877562184550592,5,1.672449291307749,-0.7878169443579501,-1.938419948310417,2.047280985564654,-0.6303461806446403
Province:Shanghai,1998,Autumn,0.40823423150606003,5,0.12542901837048448,-1.5227659321471347,-1.0243496709012674,1.4322279480705102,-0.014902070156561543
Province:Shanghai,1999,Winter,1.3046397979081708,3,2.603227594520005,-1.5307221986337975,,,-0.22003039942929067
Province:Shanghai,1999,Spring,0.5479650648225558,3,-0.4879177570443744,-0.9362610659207532,,,1.1955518855912886
Province:Shanghai,1999,Summer,-1.3250493931849725,3,-1.16708421424377,2.309706249515322,,,-0.49835771579582583
Province:Shanghai,1999,Autumn,1.3443564440778815,3,1.4293909256941162,-0.3546886927016226,,,2.248989713837906
Province:Shanghai,2000,Winter,0.057664866829848914,3,-0.33211055660712546,0.49156681411805064,,,0.9966719712147228
Province:Shanghai,2000,Spring,0.5026492451146914,3,0.06799877622489416,-1.4809937514007334,,,-0.04104479228155311
Province:Shanghai,2000,Summer,0.27406852568045664,3,-0.07979448585220736,-1.026390461617762,,,-0.1243903987241846
Province:Shanghai,2000,Autumn,0.43677151925965035,3,-0.33713231096860297,-0.11426842559793089,,,1.5331784431496231
Province:Shanghai,2001,Winter,1.1768380573178063,3,1.193381483816888,-1.2690494510134243,,,1.0680832371231066
Province:Shanghai,2001,Spring,0.34220948982753024,3,0.3812677021388472,-0.6908859823712126,,,-0.04552521502746928
Province:Shanghai,2001,Summer,-0.12188398841074276,3,0.08554543978750127,0.07602892308279735,,,-0.3751684819369322
Province:Shanghai,2001,Autumn,-0.05622500231794597,3,-1.0114053768877247,-1.2452568985521606,,,-0.4025265286182738
Province:Shanghai,2002,Winter,0.7453091803065112,3,1.4049289162331613,-1.225481334608418,,,-0.39448270992204554
Province:Shanghai,2002,Spring,0.6890872136349663,3,2.1703411056243116,-0.7399609990811207,,,-0.8430404638005338
Province:Shanghai,2002,Summer,0.24988783445355653,3,0.20775321091250332,0.028838557031406024,,,0.5707488494795723
Province:Shanghai,2002,Autumn,0.255392320314259,4,0.06114920603762947,-0.18419294657137705,0.2962894645981498,,0.47993766404987964
Province:Shanghai,2003,Winter,0.2306142882809091,4,0.11213905146704789,0.03007256542677317,-0.07351895169025637,,0.9139096187736181
Province:Shanghai,2003,Spring,-0.026708216139965213,4,-0.31951307432762543,-0.6352676300999835,-1.1745774540778144,,0.7519900337455955
Province:Shanghai,2003,Summer,0.15787671928970465,4,1.8503694286809136,-0.8756434589535953,-1.0461963578098035,,-1.0483096526658868
Province:Shanghai,2003,Autumn,0.4309933307600418,4,1.5983550038261933,-0.09531750443965337,-0.8290139788338302,,0.8593147936081509
Province:Shanghai,2004,Winter,0.013433373797669068,5,0.4349717807061337,-0.6671538742207466,0.0345924615367163,-0.5655808421363271,-0.5039704053389242
Province:Shanghai,2004,Spring,0.5500536488029398,5,1.0005623418068927,-0.4864067460799288,0.49403711677329143,-0.695115210991668,1.4643772503462544
Province:Shanghai,2004,Summer,0.028317920465801373,5,-0.5254934158375092,-1.072269984167726,-0.3166075684825033,-0.7781178653622121,0.6895384678435055
Province:Shanghai,2004,Autumn,-0.1717156126418542,5,-0.6036877100907576,-0.6956801849621137,-0.21434351303466367,-0.751565160868684,0.01533813582272055
Province:Shanghai,2005,Winter,-0.09145306768755077,4,-0.26629579985539614,0.4023819237968296,0.4528926958915451,,-0.15002724298952255
Province:Shanghai,2005,Spring,0.22491071871290108,4,0.9697786901274867,-0.2590258353240213,-1.133423283047854,,0.8042616324479501
Province:Shanghai,2005,Summer,1.2366046564065742,3,1.7317560037654711,-0.4863229390296164,,,1.491735026424635
Province:Shanghai,2005,Autumn,1.1915392444152249,3,2.3458373929539644,-0.8698035001589605,,,0.3589768401327492
Province:Shanghai,2006,Winter,-0.2582554216573881,3,0.05337587579586101,1.869835299074553,,,1.0416931583065276
Province:Shanghai,2006,Spring,0.9194352542960497,3,0.9045897806887452,-0.5894642811707356,,,1.2642517010286685
Province:Shanghai,2006,Summer,0.8160722209214409,3,1.1692408219695052,-0.9516723820363924,,,0.32730345875842565
Province:Shanghai,2006,Autumn,0.4555203285213654,3,1.947302556490263,-0.40184709056743523,,,-0.982588661493602
Province:Shanghai,2007,Winter,0.6725970454066118,3,1.414331024340551,-1.6076925376159759,,,-1.0042324257366912
Province:Shanghai,2007,Spring,1.6631547037263161,3,2.8457706395312736,-0.9869719165209916,,,1.156721555126683
Province:Shanghai,2007,Summer,0.4491923400800375,3,1.1746323412838435,-0.904482015985001,,,-0.7315373370287318
Province:Shanghai,2007,Autumn,0.7808471365073859,3,1.3375626223614665,-1.415752644682406,,,-0.41077385752171464
Province:Shanghai,2008,Winter,-0.4118189386081366,3,-0.24814000488940205,0.7783788656870595,,,-0.20893794524794818
Province:Shanghai,2008,Spring,0.4308248948191797,3,0.5442399757357013,-1.1865436511412846,,,-0.43830894241944685
Province:Shanghai,2008,Summer,0.5061369296498053,3,0.34613553998052077,-0.751113326317979,,,0.42116192265091595
Province:Shanghai,2008,Autumn,0.6943428482533077,3,1.2328783565622452,-1.412125075615805,,,-0.5619748874181272
Province:Shanghai,2009,Winter,0.47491289972292794,3,1.5412594837903146,0.2776186813643105,,,0.16109789674277966
Province:Shanghai,2009,Spring,0.6063534598659049,3,0.7742119618112621,-0.9395327337014138,,,0.1053156840850392
Province:Shanghai,2009,Summer,0.8527649020220895,3,1.6688549450981902,0.06554217507137713,,,0.9549819360394554
Province:Shanghai,2009,Autumn,0.1462789991112039,3,0.39356766410182276,0.6628444304799492,,,0.7081137637117382
Province:Shanghai,2010,Winter,0.44226467820859156,3,1.3720215378572953,0.20632539997430022,,,0.16109789674277966
Province:Shanghai,2010,Spring,-0.19819070009979764,3,-0.7685922282389567,0.8124453628423067,,,0.9864654907818704
Province:Shanghai,2010,Summer,0.7539157762482137,3,2.0103178350062842,-1.0709591406662984,,,-0.8195296469279414
Province:Shanghai,2010,Autumn,0.6492666608628684,3,0.6433406491666314,-0.6430804334963995,,,0.6613788999255743
Province:Shanghai,2011,Winter,-0.33659510107070356,3,-0.028892570143800707,1.3767234361269782,,,0.39583070305866824
Province:Shanghai,2011,Spring,0.3117700829020515,3,0.893724962448955,0.05178260383873018,,,0.09336789009592958
Province:Shanghai,2011,Summer,0.6197383726276675,3,1.1710379950742846,-0.43126751196965984,,,0.25690961083905806
Province:Shanghai,2011,Autumn,0.5287752764799061,3,1.8444548567576948,-0.3093440793691105,,,-0.5674731066870874
Province:Shanghai,2012,Winter,-0.5260209996095979,3,-1.3011761129170722,0.41125943967872747,,,0.134372553767006
Province:Shanghai,2012,Spring,0.48027349600414443,3,0.7379959010119613,-0.699065151822864,,,0.0037594351776080812
Province:Shanghai,2012,Summer,1.2172090249495284,3,1.6508832140503955,-0.8756434589535953,,,1.1251004018445945
Province:Shanghai,2012,Autumn,-0.3064183345389126,3,-0.9085576771551563,0.042530120091183475,,,0.031832793629602174
Province:Shanghai,2013,Winter,0.34449634444841015,3,0.16150011903084482,-0.45115708395580023,,,0.42083183035858546
Province:Shanghai,2013,Spring,0.9936734537398086,3,1.5401816477164758,-0.08399160905868183,,,1.3568471044442683
Province:Shanghai,2013,Summer,3.0744638128963664,3,7.103506413951226,-0.9097253899907113,,,1.2101596347471633
Province:Shanghai,2013,Autumn,1.0119484430497263,3,1.1888007709625732,-0.4072884441673368,,,1.4397561140192694
Province:Shanghai,2014,Winter,0.942874645680882,3,1.4566405108238056,-0.7719768502108489,,,0.6000065760079917
Province:Shanghai,2014,Spring,0.7467193086595015,3,1.7502348003524204,-1.0327752654502393,,,-0.5428521398241555
Province:Shanghai,2014,Summer,-0.4109035211251358,3,-0.6782531297437617,0.6265831936823633,,,0.07212576005071751
Province:Shanghai,2014,Autumn,0.8824581476644369,3,1.0216732588971502,-0.857107008425857,,,0.7685941756703032
Province:Shanghai,2015,Winter,0.45188475211625984,3,0.9442256189710554,-0.9739744808158796,,,-0.5625458434381554
Province:Shanghai,2015,Summer,-0.04246022959031015,3,0.9553772225007511,0.5125398090581675,,,-0.570218102213514
Province:Shanghai,2015,Autumn,-0.1379277139841944,3,0.0666589042375882,0.42705244115088653,,,-0.05338960503928486
Province:Shanghai,2016,Winter,0.5767754596212155,3,1.0840414507404315,-0.4032867867772585,,,0.2429981413459564
Province:Shanghai,2016,Spring,0.3327470952520841,3,0.8882925533290595,-0.20177164916246157,,,-0.09182291673526867
Province:Shanghai,2016,Summer,0.7388302526481638,3,2.9951686964254187,-0.6685301857280442,,,-1.4472081242089712
Province:Shanghai,2016,Autumn,0.8418957900315579,3,1.7930310068914115,-0.29120623403610574,,,0.44145012916715615
Province:Shanghai,2017,Winter,1.4655155047752217,3,2.801141970180563,-1.5898692172684732,,,0.005535326876628652
Province:Shanghai,2017,Spring,0.6853825584510528,3,1.5601004811560915,-1.1374686344313767,,,-0.6414214402343095
Province:Shanghai,2017,Summer,1.957588706924768,3,5.629824468032083,-1.0683374536634431,,,-0.8253958009212222
Province:Shanghai,2017,Autumn,0.6433992937392935,3,-0.17025811836064905,-0.5868531129640847,,,1.513602886614445
Province:Shanghai,2018,Winter,-0.15324517675308055,3,-0.026542043116953438,0.07760141968678051,,,-0.35559206745550775
Province:Shanghai,2018,Spring,1.7094096622147354,3,4.799627119653558,-0.6892501484808822,,,-0.36064828149023453
Province:Shanghai,2018,Summer,1.2011143799662722,3,1.4981235001441433,-0.9097253899907113,,,1.1954942497639622
Province:Shanghai,2018,Autumn,0.04437004522322937,3,0.28076134319748985,-0.5259707099596043,,,-0.673621917487406
Province:Shanghai,2019,Winter,0.6903349024502553,3,0.5657907676486111,-1.1343843639434037,,,0.3708295757587511
Province:Shanghai,2019,Spring,0.6093851499785562,3,1.8936906411852075,-0.24466684895334417,,,-0.31020204020288283
Province:Shanghai,2019,Summer,0.4256085361994024,3,1.3813072483334798,-0.005243374005709974,,,-0.10972501374098259
Province:Shanghai,2019,Autumn,0.6460237270772247,3,0.9151524270312758,-0.5759704057642818,,,0.4469483484361164
Province:Shanghai,2020,Winter,1.9196072615869122,3,4.240880300452692,-1.6021611623357164,,,-0.08421967802767179
Province:Shanghai,2020,Spring,0.7457485697300076,3,2.297097318421865,-0.5845567794997449,,,-0.644408388731587
Province:Shanghai,2020,Summer,0.7530115979481442,3,3.018531946787551,-0.24774942176980438,,,-1.0072465747129222
Province:Shanghai,2020,Autumn,0.209127660913894,3,0.6415040830999784,-0.6358252953631979,,,-0.6499463957214943
Province:Shanghai,2021,Winter,1.6394673865030835,3,4.148456829578685,-0.32761253009405045,,,0.44233279983651436
Province:Shanghai,2021,Spring,0.9159909890079607,3,2.1431790600248366,-1.237254501741523,,,-0.6324605947424776
Province:Shanghai,2021,Summer,0.6657160894942424,3,1.228547534427227,-0.35917111939114527,,,0.409429614664355
Province:Shanghai,2021,Autumn,1.7695150965737703,3,3.980381192275137,-0.30390272576920896,,,1.0242613716769644
Province:Shanghai,2022,Winter,0.1450129976434401,3,0.5070275919774248,-0.8016823841233532,,,-0.8736709831704575
Province:Shanghai,2022,Spring,0.7951566926846606,3,2.8204193969717624,-0.29010667924029615,,,-0.7250559981580769
Province:Shanghai,2022,Summer,1.9699668916239301,4,7.193365069190198,-1.2715181963847118,-0.047061443828719275,,-0.5379542552504701
Province:Shanghai,2022,Autumn,1.0535268402657612,4,1.7881727015820876,0.2026345784764611,1.9141785662871502,,0.7143906716702679
Province:Shanghai,2023,Winter,0.8409262569402165,4,1.0758551324745145,-0.2709435115532726,1.828029456657058,,0.18887692707602086
Province:Shanghai,2023,Spring,1.8870702038304072,4,3.5498608146569928,-0.6787582483566951,3.2233069137147345,,0.09635483859320731
Province:Shanghai,2023,Summer,1.7338630729550886,4,1.6687714183122107,-0.7897684699905101,5.481225901233916,,-1.004313497716282
Province:Shanghai,2023,Autumn,1.1430416827351997,4,3.1967429575383397,-0.801804255721611,0.8769885056899387,,-0.3033689880090907
Province:Shanghai,2024,Winter,0.7596566837621862,4,2.0394901608258813,1.1722674165084987,1.4147811574997518,,0.7566228332316104
Province:Shanghai,2024,Spring,0.6163557628869978,4,1.3799471358586168,-0.8039922113597625,1.4087821001210439,,-1.1272983957914324
Province:Shanghai,2024,Summer,2.5732796946690484,3,6.961529738673649,-1.1496097507519505,,,-0.3913004054184543
Province:Shanghai,2024,Autumn,2.153623242619759,3,4.13218044139965,-1.2525120366853628,,,1.076177249774264
Province:Shanghai,2025,Winter,0.3690902381233459,3,0.8426828514112442,-0.8695430260390303,,,-0.6049551630802368
Province:Shanghai,2025,Spring,1.8779132826411384,3,4.037279039828274,-1.237254501741523,,,0.3592063063536181
Province:Shanghai,2025,Summer,2.4239897183335066,3,5.8985018471966075,-0.6685301857280441,,,0.7049371220758675
Province:Yunnan,1981,Spring,0.7708314716313424,4,-1.2593256356449927,0.8650617786854745,4.0935412453969775,,1.1141720554588592
Province:Yunnan,1981,Summer,1.0751093435892267,4,-0.3291022704979684,-0.7301422984918888,2.134396191825896,,1.7650011545370907
Province:Yunnan,1981,Autumn,2.019442716541055,4,1.1590142959537895,-0.31435488739098666,3.2064713453993674,,3.397930337420076
Province:Yunnan,1982,Winter,-0.5802133273847077,4,-0.6510316729008495,0.33964205523051355,,-2.1752918125366847,0.8451122311292175
Province:Yunnan,1982,Spring,-0.6289556311027094,5,-0.8128003022528367,1.308299612277953,-0.36186444381924177,-2.3556083689287743,1.693794571765259
Province:Yunnan,1982,Summer,-0.37836609565231555,5,-0.3532262800084641,0.43643759235494894,-0.35932215781899957,-2.2107733658875177,1.4679289178083523
Province:Yunnan,1982,Autumn,-0.26996758834504336,5,-0.8246499844695787,-0.22294580111763612,0.0804788080578317,-1.6217670354527944,0.7931544690216884
Province:Yunnan,1983,Winter,-0.7029269961018058,5,-1.5470806396773298,2.967124937456194,0.7710659370634778,-0.9907460270164279,1.2192506865774453
Province:Yunnan,1983,Spring,-0.2976873215103436,5,-0.5131904698677383,1.8584912860450877,-0.19038731591053767,-0.9152291192728471,1.988861583544493
Province:Yunnan,1983,Summer,0.435801804489419,5,0.8882383958732982,0.06229618981661589,0.16632269064120275,-0.6272363528440674,1.8139804785932774
Province:Yunnan,1983,Autumn,0.27429767416962436,5,-0.40411803851610295,-0.27840972309792217,1.7177709388355222,-0.22371161523580435,0.0031373626665846233
Province:Yunnan,1984,Winter,0.5707752279706458,5,-0.2934966405339034,1.8675170400097896,1.82336589446608,0.402644773908087,2.788879152022755
Province:Yunnan,1984,Spring,0.2489090372695272,5,-0.7177346312462345,-0.22928121996505418,-0.42510043023953265,1.3432462682047244,0.8148527596636246
Province:Yunnan,1984,Summer,0.24797048643228684,5,-1.3109092234627289,1.1961839096589564,0.3524932870071936,2.385877864708593,1.0085744135673331
Province:Yunnan,1984,Autumn,-0.008190525594974785,5,-0.839763413416199,1.8981571247121656,-0.44866613348872786,2.8982308359936857,0.24740320764853269
Province:Yunnan,1985,Winter,0.5224167366010732,5,-0.48580055505376063,0.38602183350104063,-0.8777858029971928,2.6529111603619304,1.7087807141954297
Province:Yunnan,1985,Spring,0.11521795516999393,5,-0.8544298640395688,1.556479672115136,0.10474574765756038,2.284698339315627,0.5975552250314875
Province:Yunnan,1985,Summer,-0.23150582686562876,5,-1.3494136707748245,1.123306648896329,0.250831521066219,1.3426795776997817,-0.27831991342299106
Province:Yunnan,1985,Autumn,-0.23811140946564913,5,-1.1571875772865319,0.9737892248154675,0.3586846865587209,0.16717737834879481,0.41455768986623814
Province:Yunnan,1986,Winter,-0.5604825051626137,5,-1.1931412976053766,-0.009081683727424497,-1.8339384894930482,-0.2037227507310283,0.4193083282889601
Province:Yunnan,1986,Spring,-0.21046676855211038,5,-0.7726038850522825,0.8505311727208367,-0.44610625428694933,0.2225815083583896,0.7943259609411267
Province:Yunnan,1986,Summer,-0.3086302203157583,5,-0.5957695657187456,1.336853459763522,-0.3528579380187097,0.7736384020763862,-0.03130854015420039
Province:Yunnan,1986,Autumn,-0.3226644781278483,5,-1.719575843637745,2.1877672446139504,0.970741362395696,1.1437020939643159,0.17957724125244237
Province:Yunnan,1987,Winter,0.46737718035542997,5,-0.22627469116170515,-0.9317458591801849,0.5810426636111817,1.1171010825496919,-0.06672901240220315
Province:Yunnan,1987,Spring,0.4325310616153234,5,-0.0529138968379024,-0.7250898875405765,-0.5654529540632248,0.7449548287086223,1.3109774427285454
Province:Yunnan,1987,Summer,-0.07860325801399917,5,-0.1115228943812959,0.34169391834119417,-1.062143934405691,0.09531353946697886,1.0270309175912065
Province:Yunnan,1987,Autumn,0.0013791979800878956,5,0.04703651945295576,-0.512153779256146,0.05060957955164255,-0.5461481674690394,-0.056755720891265474
Province:Yunnan,1988,Winter,-0.29297828270166326,5,-0.20573718172986746,-0.042322758086149485,-0.6770630603716656,-0.6202409674961412,-0.004172961996791624
Province:Yunnan,1988,Spring,-0.15668668758247833,5,-0.520575695983284,0.2583467985998492,-0.31852203390467787,-0.438717415568682,0.7527285061441014
Province:Yunnan,1988,Summer,-0.026421103424038826,5,-0.29595161600642483,-0.12764302853535903,-0.8672978134140843,-0.09688665097453435,1.0003875347394902
Province:Yunnan,1988,Autumn,0.025662966617037784,5,-0.2908962817228371,-0.2166489070355516,-0.5367764270785537,0.2501596715951666,0.48917896325586147
Province:Yunnan,1989,Winter,0.11506656157395019,5,-0.2937272556799045,0.38021092059274525,-0.6814325179636838,0.49734278933872644,1.433360712767358
Province:Yunnan,1989,Spring,0.13992638803017793,5,-0.3337999825024187,0.8065978172354035,-0.37753856232031235,0.6895522972829717,1.5280160049260527
Province:Yunnan,1989,Summer,-0.36892627827149005,5,-0.6218839870503756,1.6560325073999493,-1.0786249651316742,0.827886801843013,0.6840232663815362
Province:Yunnan,1989,Autumn,-0.023481185177615306,5,-0.6966311506401992,-0.05177482134144524,-0.6420501243807452,0.7917089699276728,0.3777915578637496
Province:Yunnan,1990,Winter,-0.20910415641547475,5,-0.7699468629052298,0.3840923999485066,-0.566220404276146,0.675942730377983,-0.0012038453254744424
Province:Yunnan,1990,Spring,-0.6278091831792499,5,-1.3563584880901285,2.701416655584283,0.630835547886763,0.3165229843843695,-0.0286293044929707
Province:Yunnan,1990,Summer,-0.6032622679949575,5,-0.7879640506646686,1.0203430313368274,-0.9782842571379631,-0.26332234500445856,0.03360234416913019
Province:Yunnan,1990,Autumn,0.08300197794287811,5,0.09252509012700386,-0.2800044413007036,-0.09702238692461088,-0.7649004536830384,0.9044031988943323
Province:Yunnan,1991,Winter,0.41136788219364046,5,0.028138398141718035,-0.5194968224401776,1.580832974026793,-0.7435047154906272,0.671875931850141
Province:Yunnan,1991,Spring,-0.021857353415333392,5,0.011025862021783465,-0.0016544776906811658,-0.37478167146223695,-0.6935772684614828,0.9463918331345883
Province:Yunnan,1991,Summer,-0.2062723669781999,5,-0.6427259200792713,0.45948945335865227,0.2067257230606159,-0.48369634097341685,0.3478241564597254
Province:Yunnan,1991,Autumn,-0.04596054115429777,5,-1.084701187233901,-0.8036656781201791,0.22031507632121386,-0.18420390486072807,0.015121631881747245
Province:Yunnan,1992,Winter,-0.4658920190807435,5,-1.1733677235700892,1.7721317665624159,0.766640903002235,0.03039110058366786,-0.18099260885711507
Province:Yunnan,1992,Spring,-0.13324968733591325,5,-0.8460211159547176,-0.26494597285201027,-0.6514391611962592,-0.22387451931686325,0.7901403869362635
Province:Yunnan,1992,Summer,-0.7331506939487259,5,-0.4252652085248308,1.381217872622025,-1.5902054666691507,-0.5493854593179417,0.2803205373903184
Province:Yunnan,1992,Autumn,-0.8013748744952476,5,-0.8637843420080173,2.7486476032347413,0.3847525905012018,-0.749162789802177,-0.03003222793250387
Province:Yunnan,1993,Winter,-0.5176299865526873,5,-1.1400068081490766,1.3232693347409887,1.2371534317602761,-0.5972539161516057,-0.7647733054820414
Province:Yunnan,1993,Spring,-0.5207771073213794,5,-1.0696501214632743,0.23383219343439124,-0.344098666644836,-0.44348966701681997,-0.5128148880475756
Province:Yunnan,1993,Summer,-0.3639785617653203,5,-0.03550662156396558,0.05010516426688,-0.6629364767454251,-0.13896750478039546,-0.9323770414699353
Province:Yunnan,1993,Autumn,-0.5132940036386548,5,-1.3601138736382377,0.19575647019383144,-0.19472810861369255,0.18092661138644098,-0.9967981771339536
Province:Yunnan,1994,Winter,0.3566907744393981,5,1.2132097339588674,-0.6578561450078245,-0.5989193122823865,0.3489747428011316,0.16233256271155344
Province:Yunnan,1994,Spring,0.17814727317751025,5,0.7562842846941635,-0.5621407443319999,0.10233545929497478,0.3077820200117399,-0.8378061424453268
Province:Yunnan,1994,Summer,-0.11437837545688694,5,-0.5786508021006245,-0.08899983037513676,1.1095230138002756,0.1984990688334357,-1.3902629881926583
Province:Yunnan,1994,Autumn,-0.3033853671951673,5,-0.45449219439398647,-0.36187947922599784,-0.8495428984034914,0.05342481071628334,-0.6281960331206399
Province:Yunnan,1995,Winter,-0.22021737757041154,5,-0.46192687973319563,-0.29490668156007893,0.15117702858097734,0.09513860764214113,-1.1803823259020594
Province:Yunnan,1995,Spring,0.15609206490650043,5,0.719604438167002,-1.2303467529132404,-0.6341352323093027,0.22868582475931498,-0.7640414589977527
Province:Yunnan,1995,Summer,-0.03275092967227318,5,-0.590100767277652,-0.4674881512216895,0.8946112730318659,0.3753616086480021,-1.3111149139852714
Province:Yunnan,1995,Autumn,0.024330934199718036,5,0.4462861009156416,-0.11787326020558767,0.19702492279038383,0.4393478521605096,-1.0788774650735324
Province:Yunnan,1996,Winter,-0.4583432122748631,5,-0.9381499569436639,-0.09071776293789044,-1.1565232521190763,0.49847770624202087,-0.7862383214914869
Province:Yunnan,1996,Spring,-0.13542134726435012,5,-0.038727376904665524,0.5819064983887045,0.20780721232338664,0.5723586107181637,-0.836638684069931
Province:Yunnan,1996,Summer,-0.4901714519705849,5,-1.1368038348536853,0.8313485461006144,-0.1870055571555292,0.5703905953100077,-0.8660899170531035
Province:Yunnan,1996,Autumn,0.21463924817872426,5,0.34506585117907806,-1.13283142510349,-0.4498587067408997,0.4523204808550751,-0.40716280950312245
Province:Yunnan,1997,Winter,-0.43000975637366556,5,-0.9972908539100703,0.14394812224956616,-0.14637915926555065,0.2957031149800641,-1.158133761423205
Province:Yunnan,1997,Spring,-0.5759453547317552,5,-1.0204055980512914,0.10183544430625804,-0.4679345217351604,-0.16120647064668736,-1.1283447389193786
Province:Yunnan,1997,Summer,-0.5305795171178792,5,-0.39782770833347775,0.7410184562552863,0.3853249843523645,-0.7523317648925691,-1.1470446404604275
Province:Yunnan,1997,Autumn,-0.7060868684804779,5,-0.543225998729693,1.6063584326186178,0.1401642013771004,-1.1651019477370164,-0.35591216469416215
Province:Yunnan,1998,Winter,-0.08185470578408105,5,0.623486733268387,-0.7955108407716864,-0.4911074274744297,-1.1452995296978659,-0.191864145788183
Province:Yunnan,1998,Spring,-0.1839466363343971,5,0.539904649766906,-0.9179812968652638,-0.10355454542638584,-1.4082783455795136,-0.8657862372982558
Province:Yunnan,1998,Summer,0.06717912064378342,5,1.223635742665311,-1.3851040945260698,-0.2391775052788639,-1.4911214022231343,-0.5425453264704658
Province:Yunnan,1998,Autumn,-0.2805542196103443,5,2.2779806746074804,0.3354547690621952,-0.6468038604008115,-1.2667116534365084,-1.431781489759687
Province:Yunnan,1999,Winter,0.7040187724515953,3,2.7236021149598635,-0.9509230589161219,,,-1.5624688565211995
Province:Yunnan,1999,Spring,0.6757833468102885,3,2.4721083234340337,-0.7273905498029309,,,-1.1721488328060992
Province:Yunnan,1999,Summer,-0.40786036382459145,3,-0.48068194747150694,-1.0015825582014846,,,-1.744481702203752
Province:Yunnan,1999,Autumn,-0.2375072566732439,3,-0.07433877887809777,-1.2136240840958017,,,-1.8518070752374356
Province:Yunnan,2000,Winter,-0.8486739022622611,3,-0.39049266273798444,0.9649464696405109,,,-1.190582574408288
Province:Yunnan,2000,Spring,-1.0380209100097153,3,-0.929229603523334,0.4517534945094911,,,-1.7330796319963206
Province:Yunnan,2000,Summer,-0.7612468313342036,4,-0.7682894679926994,0.032906732289550086,-0.701216698416467,,-1.542574426638098
Province:Yunnan,2000,Autumn,-0.48289586554590563,3,-0.2905247472304703,0.002772897724706068,,,-1.1553899516825406
Province:Yunnan,2001,Winter,0.02394927290217715,3,0.11942252001724488,-1.074397053759267,,,-1.1219717550699806
Province:Yunnan,2001,Spring,-0.3316840568206405,3,-0.020615110297149235,-0.2743588548150963,,,-1.2487959149798686
Province:Yunnan,2001,Summer,-0.1534611418092221,4,-0.3747503903540504,-0.35498271813975635,0.672367549238778,,-1.2664444442613723
Province:Yunnan,2001,Autumn,-0.33698014756879946,3,0.01571898884923928,-0.15340261753449164,,,-1.1800620490901292
Province:Yunnan,2002,Winter,0.24535389215519818,3,0.4786610415142825,-1.192711410317494,,,-0.935310775366182
Province:Yunnan,2002,Spring,-0.27617144290637274,3,-0.51427254039736,-0.6864256468966893,,,-1.0006674352184475
Province:Yunnan,2002,Summer,-0.042343025027708314,4,-0.47147246395488945,1.3994209282729926,3.0577156860176875,,-1.3561943939006387
Province:Yunnan,2002,Autumn,-0.6660824179826166,4,-0.1888919463713061,0.5212649175115747,-1.0586100838210943,,-0.8955627242264912
Province:Yunnan,2003,Winter,0.42074417228168515,4,0.004265274606481947,-0.9204422367111983,1.3777627981653897,,-0.6194936203563292
Province:Yunnan,2003,Spring,0.38208459750735163,4,0.4168806994437433,-1.7358247683197325,-0.388332691965498,,-0.2360343857685716
Province:Yunnan,2003,Summer,0.387905306917996,4,0.9557087621176072,-1.3047619455728119,-1.0793970653188047,,0.37054758530036996
Province:Yunnan,2003,Autumn,-0.006931233138902745,4,0.3722707640693271,-1.2183235588428696,-1.4598776460522664,,-0.15844160941554114
Province:Yunnan,2004,Winter,-0.21739137765589076,5,-0.4105844157396225,-0.32107571471585594,-0.43577467230292805,-0.13856808966507642,-0.4231054252876827
Province:Yunnan,2004,Spring,0.31949475362419044,5,1.0998824135165868,-0.11255405074633279,0.9877261669738548,-0.07040150695225512,-0.5322873561635671
Province:Yunnan,2004,Summer,-0.3384009486867246,5,0.19553241291759862,0.3558371717503175,-1.2915172578275724,0.04407372831183413,-0.28425645508516595
Province:Yunnan,2004,Autumn,-0.23372528301785378,5,-0.6024936491279865,0.37014956761615214,-0.9430771358837913,0.14470886272915776,0.6023850748095031
Province:Yunnan,2005,Winter,0.350406516043839,4,0.7543757867729994,-0.12383116494857105,-0.8238975321303054,,1.347316644584091
Province:Yunnan,2005,Spring,0.20462496723726237,4,0.26494691154267086,-0.7528640289305822,-0.4777428942493627,,0.27843182272515904
Province:Yunnan,2005,Summer,0.951744630459893,4,1.751224731637692,-1.8594764322307982,-0.5030361071486894,,0.6993134651197713
Province:Yunnan,2005,Autumn,0.7725702691032935,3,1.1387736941158753,-1.1118351792573347,,,0.06710193393667062
Province:Yunnan,2006,Winter,0.7292745056628528,3,1.513831739815568,-1.0498730305027115,,,-0.37588125332972117
Province:Yunnan,2006,Spring,0.06948314728829126,3,0.6409710629661767,-0.019597356488029932,,,-0.45211897758933284
Province:Yunnan,2006,Summer,0.9214223063374332,4,1.5535585053271934,-1.358403503351536,0.43744530543338167,,0.3362819112376215
Province:Yunnan,2006,Autumn,0.49911702789299334,3,0.6260637436240958,-0.495537751615581,,,0.37574958843930323
Province:Yunnan,2007,Winter,-0.09348737465696806,3,-0.27792499121492575,-0.11467842536577598,,,-0.11721555812175445
Province:Yunnan,2007,Spring,-0.13143109158103936,3,0.41493284903824745,0.21345331771824605,,,-0.5957728060631194
Province:Yunnan,2007,Summer,0.7910386441204211,4,1.1408642132277202,-0.8730031879774675,0.6827566362354586,,0.46753053904103836
Province:Yunnan,2007,Autumn,-0.12420802075053372,3,0.05346926214401467,0.39953385366887073,,,-0.026559470726745076
Province:Yunnan,2008,Winter,0.3051228073072529,3,0.9705056254179438,0.5994751873434211,,,0.544337983847236
Province:Yunnan,2008,Spring,0.13894394987225778,3,0.37590881318859803,-1.0502854599437288,,,-1.0093624235155534
Province:Yunnan,2008,Summer,-0.18045569558819738,4,-0.6136440713821891,-0.0581773418399191,-0.3740730922974372,,0.20771703948691778
Province:Yunnan,2008,Autumn,0.7463442304775728,3,1.205867182591724,-0.9865698247608093,,,0.046595684080185495
Province:Yunnan,2009,Winter,0.4479731652885564,3,0.9672161027526719,-1.0831842020477136,,,-0.7064808089347163
Province:Yunnan,2009,Spring,0.5114974265255515,3,0.9508279571574972,-1.0740359398288324,,,-0.49037161740967505
Province:Yunnan,2009,Summer,1.0967459272778908,4,2.433970816374759,-0.9480055038004884,0.6265049071923744,,0.3785024817439414
Province:Yunnan,2009,Autumn,1.8120085184917407,3,2.842373335611263,-0.6400036301585463,,,1.953648589705413
Province:Yunnan,2010,Winter,1.0871124007967772,3,2.0592660180205327,-0.9556252162795714,,,0.246445968090227
Province:Yunnan,2010,Spring,1.7423524898814302,3,2.969376053171773,-1.4232287336903349,,,0.8344526827821835
Province:Yunnan,2010,Summer,1.2874939136365329,4,2.128729182313167,-1.8667209882202442,0.3500775238817605,,0.804447960130959
Province:Yunnan,2010,Autumn,0.7621197327053367,3,0.7729435040594007,-1.127813256311188,,,0.3856024377454217
Province:Yunnan,2011,Winter,0.26019598111069125,3,0.46738982014429054,0.13496325679789103,,,0.4481613799856741
Province:Yunnan,2011,Spring,-0.6591891983918255,3,0.019247640524313922,1.126976685787983,,,-0.8698385499118072
Province:Yunnan,2011,Summer,0.763552005084682,4,1.8012496589890319,-0.32461122202792236,0.5270759784908737,,0.4012711608309002
Province:Yunnan,2011,Autumn,0.5528820450997577,3,1.070790881072773,-0.4595244255881869,,,0.12833082863831302
Province:Yunnan,2012,Winter,0.7639789378865114,3,1.0157212144227807,-0.4529420041934467,,,0.8232735950433065
Province:Yunnan,2012,Spring,0.9580702956256352,3,2.0299024589269066,-1.1931385934314267,,,-0.3488301654814278
Province:Yunnan,2012,Summer,0.761869583602503,4,1.460943866964705,-1.4079304591714301,0.11603401142533314,,0.06256999684854413
Province:Yunnan,2012,Autumn,1.4703542771388591,3,2.32625971223584,-0.7312558799101361,,,1.353547239270601
Province:Yunnan,2013,Winter,1.4174919877232408,3,2.816987087106583,-0.9188373729040044,,,0.5166515031591347
Province:Yunnan,2013,Spring,1.1911049764938764,3,1.7013808451752248,-1.675571276987588,,,0.19636280731881645
Province:Yunnan,2013,Summer,1.126206276818508,4,2.3396276885001095,-1.0415217428079995,-0.44517760244589594,,1.5688532784118185
Province:Yunnan,2013,Autumn,0.8591673817756053,3,0.7939699366583787,0.409662074939578,,,2.1931942836080154
Province:Yunnan,2014,Winter,0.8677734653039145,3,0.09995115447398872,0.8097157965889326,,,3.313085038026687
Province:Yunnan,2014,Spring,2.251065876683843,3,3.1704031856291364,-1.8489426249909755,,,1.7338518194314176
Province:Yunnan,2014,Summer,1.5644075009742506,4,2.667548711678957,-1.278197828901289,0.19090242393772375,,2.120981039379033
Province:Yunnan,2014,Autumn,2.568074513157559,3,1.7728917993319118,-1.1589016033766433,,,4.772430136764122
Province:Yunnan,2015,Winter,1.137539589539322,3,0.9125860367832176,-0.1263859535097741,,,2.3736467783249746
Province:Yunnan,2015,Summer,1.4774017008142897,4,2.603468316245841,0.9110061818051275,1.8514659644270817,,2.3656787043893637
Province:Yunnan,2015,Autumn,2.694148300815018,3,2.702416241627378,-0.9321577990985019,,,4.447870861719174
Province:Yunnan,2016,Winter,0.6149270926326469,3,0.194775345292062,0.9671290164541417,,,2.6171349490600204
Province:Yunnan,2016,Spring,1.0956922200285968,3,0.7266152948888359,-1.2600747932457939,,,1.3003865719511607
Province:Yunnan,2016,Summer,1.3539497758471126,4,2.1431754956939417,-1.3938753702774862,0.18240310803128487,,1.6963451293857383
Province:Yunnan,2016,Autumn,3.2945856745185282,3,4.014171452252716,-1.774395390754506,,,4.095190180548363
Province:Yunnan,2017,Winter,1.8784957095333317,3,2.2776928309798863,-1.1930679063836123,,,2.1647263912364965
Province:Yunnan,2017,Spring,-0.0035397153648168422,3,0.09689405250619641,0.5332730923237624,,,0.42575989372311546
Province:Yunnan,2017,Summer,1.252063661924842,4,1.807304635580488,-0.8457338689487458,1.0330779103786363,,1.322138232791498
Province:Yunnan,2017,Autumn,2.5333080456065304,3,4.092366262935846,-1.2575335043047677,,,2.2500243695789788
Province:Yunnan,2018,Winter,1.0331611890298542,3,1.3732702229398055,0.01055719509811175,,,1.736770539247869
Province:Yunnan,2018,Spring,0.6185329118189089,3,0.5264117193519974,-1.0036258834070952,,,0.3255611326976341
Province:Yunnan,2018,Summer,1.4644902764629217,4,1.1707931998391066,-1.399693526395379,2.5055249818648604,,0.7819493977523415
Province:Yunnan,2018,Autumn,1.2526522472169124,3,0.46059888645948827,-0.21078002258619738,,,3.0865778326050513
Province:Yunnan,2019,Winter,1.7863688702251752,3,2.4144864184736776,-1.1437099929764607,,,1.8009101992253875
Province:Yunnan,2019,Spring,1.9498403832086912,3,3.113847376367625,-1.7512654820361038,,,0.9844082912223454
Province:Yunnan,2019,Summer,3.121285040182027,3,5.020107850062101,-2.299607811745032,,,2.044139458738947
Province:Yunnan,2019,Autumn,2.5393175044084866,3,2.6195340678322463,-1.5201070264498517,,,3.4783114189433624
Province:Yunnan,2020,Winter,1.1780878740045906,4,1.428154871018783,0.11055475579684551,2.929760022512761,,0.4649913582836631
Province:Yunnan,2020,Spring,0.9712598434761547,4,1.9298860670169475,-0.18450919429750104,1.160514219982116,,0.6101298926080544
Province:Yunnan,2020,Summer,3.3990042066201873,4,4.628739853852912,-1.750047918697919,4.131685667505516,,3.0855433864244004
Province:Yunnan,2020,Autumn,2.666737628246502,4,4.574345757281605,-1.386003872595903,1.7656029479280837,,2.940997935180416
Province:Yunnan,2021,Winter,1.1333815718334832,5,1.3497530386503742,-0.15298054483795637,2.0127843007655883,-0.2782125148651235,2.4296024897786213
Province:Yunnan,2021,Spring,1.0340260502408811,5,2.511031250108263,-1.8453466318847414,0.16453387173514059,-1.2408338460987198,1.8900523435749799
Province:Yunnan,2021,Summer,2.3449493289950283,5,3.1513383101674055,-1.387156236882955,4.929992829156859,-1.6837225225186083,3.93998179128653
Province:Yunnan,2021,Autumn,0.9051399459329006,4,2.1746167208428986,-0.7572852935352041,,-1.7648330467121107,2.45349081606561
Province:Yunnan,2022,Winter,-0.3715761099121021,4,0.11819924669127897,0.3643807636486431,,-1.6978229947767427,0.4577000720856982
Province:Yunnan,2022,Spring,0.16807666946125488,5,2.265777697571759,0.9217648255186103,2.2407931064391513,-2.7701738951951156,0.025751264009090124
Province:Yunnan,2022,Summer,0.8448663675154471,5,3.3006468487177507,-0.8642056856015725,2.511480467465161,-3.7043290111263736,1.2523278469191261
Province:Yunnan,2022,Autumn,0.4520465181361379,5,3.0080506775340474,-0.7143829218147598,0.9600204056758321,-3.844251337562879,1.4220299232189293
Province:Yunnan,2023,Winter,0.5733400937414753,5,1.465731189509804,-0.4172581137523466,0.8442222577429994,-1.0088676763288618,1.1483565840310885
Province:Yunnan,2023,Spring,1.1378916074521277,5,3.262126892580656,-1.2585327069394,0.19996148858559282,-0.4790947376264653,1.4479316867814551
Province:Yunnan,2023,Summer,2.1802736539319136,5,4.188436870623758,-0.9280021301483613,3.8713430388018515,0.3816285135491866,1.5319577165364109
Province:Yunnan,2023,Autumn,2.0320461870840334,5,3.957362504096199,-1.5219345285833052,2.2245923416770705,1.128055469524095,1.3282860915394956
Province:Yunnan,2024,Winter,1.7733157247285785,5,2.2833664191801772,-0.7129671427754698,1.7890912971501836,2.7104070626266212,1.3707467019104407
Province:Yunnan,2024,Spring,1.9659568572429102,5,3.2033951160439424,-2.060597512493073,0.2795525974080878,3.035716390731649,1.2505226695377973
Province:Yunnan,2024,Summer,2.6466601441487985,5,4.630868759804866,-2.192239775860013,3.2461135113972994,2.214782417636477,0.949296256045339
Province:Yunnan,2024,Autumn,1.6683911884062037,5,3.250652357046015,-1.3918204363136346,1.4068381300642971,0.977578793011872,1.315066225595199
Province:Yunnan,2025,Winter,0.8608696125254028,4,1.1751214271495252,-0.8339874623383328,0.5835154421629996,,0.8508541184507536
Province:Yunnan,2025,Spring,0.9269186372563905,4,2.190776333929051,0.3231497421966792,0.7404689725923637,,1.0995789847008262
Province:Yunnan,2025,Summer,2.239434095426289,4,2.3630618077339895,-0.8107956387567673,4.772483911871516,,1.0113950233428814
Province:Inner Mongolia,1981,Spring,1.9427052739481467,4,0.27656862644579205,-0.7327190759247465,4.219856358035833,,2.5416770353862157
Province:Inner Mongolia,1981,Summer,1.073813508185105,4,-0.18085077870230173,0.03508833254494854,2.5217590770307283,,1.9894340669569415
Province:Inner Mongolia,1981,Autumn,0.4564209078043733,4,-1.552165993495473,2.8469336032788437,4.127157498618696,,2.0976257293731138
Province:Inner Mongolia,1982,Winter,-0.7164508749056477,4,-0.5476850809937012,-0.55354490748582,,-3.1071670167333183,0.23550369061860832
Province:Inner Mongolia,1982,Spring,-0.2636985074952805,5,0.09736617513142315,-0.1677487372303808,-0.01708338360092019,-3.0528375381390354,1.4863134719017492
Province:Inner Mongolia,1982,Summer,-0.6629898541721163,5,-0.5581552248521003,0.6274638591513338,-0.4603302508903078,-2.8515102983688463,1.1825103624020066
Province:Inner Mongolia,1982,Autumn,-0.464464548100117,5,-0.6296512422517074,0.08592879515150247,-0.44229694902726974,-2.280778968908846,1.1163332148387408
Province:Inner Mongolia,1983,Winter,-0.07211183174451316,5,-0.6614116962751644,0.4989089316760346,-0.13325048369242995,-0.7171156345146051,1.6501275874356682
Province:Inner Mongolia,1983,Spring,0.1740409477336803,5,-0.5791054089565851,-0.173392163205445,0.14873498616969502,-0.4116196815711505,1.538802679820997
Province:Inner Mongolia,1983,Summer,-0.2157583301485238,5,-0.7458199422050926,1.7737989549035913,-0.15010961127777905,0.08242438231372894,1.5085124753301151
Province:Inner Mongolia,1983,Autumn,0.3110594763836464,5,-0.7927981030747507,-1.1836838765043414,0.002620639329853373,0.7436930245521897,0.4180979446065985
Province:Inner Mongolia,1984,Winter,-0.3196483274326309,5,-1.07666833152916,1.0968030178685235,-0.9826626891630063,0.8971608910240363,0.6607315103734989
Province:Inner Mongolia,1984,Spring,-0.07369379084532383,5,-1.0374668045375315,0.8539032351702158,-0.27273050837387575,0.9419137562251336,0.8537178376298703
Province:Inner Mongolia,1984,Summer,0.34084953169935517,5,-0.9698864213529057,1.163839807837153,0.6170572934868163,1.0272922408283107,2.1936243533717077
Province:Inner Mongolia,1984,Autumn,0.17069466967041005,5,-0.9921967529878484,-0.29511890123679885,-0.7099491497335618,1.0357884504960322,1.2247118993406294
Province:Inner Mongolia,1985,Winter,-0.554711617345109,5,-1.094571135718501,2.3943195055006905,-0.3727619464814839,0.46004344620448934,0.6280510547706409
Province:Inner Mongolia,1985,Spring,-0.19927256609174282,5,-0.8377479531787371,1.0247983305030026,-0.20330766276825815,0.3471998004011455,0.7222913155901379
Province:Inner Mongolia,1985,Summer,-0.09676650687350168,5,-1.1456359563268124,-0.4318265536715892,0.43556617930525204,0.044356616428859415,-0.24994592744639665
Province:Inner Mongolia,1985,Autumn,-0.23270904025822406,5,-1.1452168168938497,0.48083491620154195,-0.34581347032275067,-0.3709007061707411,1.179220708297763
Province:Inner Mongolia,1986,Winter,-0.39631180650475956,5,-1.3074917096074359,1.4070355808154902,-0.01701134161275102,-0.018020077779713903,0.7679996772915932
Province:Inner Mongolia,1986,Spring,-0.0914999840682098,5,-0.7947704335047604,-0.24469972224357234,-0.6957391429925436,0.07174539009221167,0.7165645438204711
Province:Inner Mongolia,1986,Summer,-0.30181274050411816,5,-1.0550682029846397,0.15479122766231487,-1.3498687306739292,0.14591852980861023,0.9047459289916824
Province:Inner Mongolia,1986,Autumn,-0.295132251110868,5,-1.5667235327199194,1.3482579591603117,0.18794948273873938,0.23125339246796045,1.020117361119191
Province:Inner Mongolia,1987,Winter,0.24616610239876652,5,-0.002645699910535599,0.3758952008608039,-0.4860271085690676,0.39947413275004284,1.6959243885841968
Province:Inner Mongolia,1987,Spring,-0.16140604025876182,5,-0.3472425369531347,1.4733860876819704,-0.3425399368323479,0.41581265260968486,0.9403257075639593
Province:Inner Mongolia,1987,Summer,-0.2854371436054033,5,-0.7417402007204117,1.3081715645061864,-1.1527922405173712,0.47389203755389603,1.3016262501630569
Province:Inner Mongolia,1987,Autumn,0.3682977462738882,5,0.4250694269181372,0.9528942781997799,-0.22107732648945877,0.5031587408436571,2.0872321682968855
Province:Inner Mongolia,1988,Winter,0.3713160046837677,5,0.07974749726217392,0.01207417045270414,-0.7594666439324154,0.5108143915465284,2.0375589489952555
Province:Inner Mongolia,1988,Spring,-0.2988874092306608,5,-1.3326213087203402,2.134106439638328,-0.1371581622026484,0.7526511873200546,1.3567976770879577
Province:Inner Mongolia,1988,Summer,0.2136743376691017,5,-0.2488319890287862,-0.3495586956403459,-0.6332822081350935,1.0459461185603214,0.5549810713087211
Province:Inner Mongolia,1988,Autumn,0.6421542288114443,5,-0.5017581463720605,-1.3769360156316102,0.012597607430344288,1.3344088232651847,0.988586844102143
Province:Inner Mongolia,1989,Winter,0.26704881697911015,5,-0.050523592433026315,-1.317726824281365,-0.41823692516037964,1.077383973834429,-0.5911061956268373
Province:Inner Mongolia,1989,Spring,0.2919668787414833,5,-0.48078164312841043,-1.368134820457243,-0.7396254977691273,0.9572127040960717,0.3548940100516396
Province:Inner Mongolia,1989,Summer,-0.3819628402809043,5,-0.6327348789194013,1.903959386708527,-1.1646725785636298,0.5378271784222853,1.253725464364751
Province:Inner Mongolia,1989,Autumn,-0.22340755644326116,5,-0.866489180711703,0.06471637903399656,-0.21248323797786606,-0.08697774315773259,0.11362875866499224
Province:Inner Mongolia,1990,Winter,0.513411642459035,5,0.37286437209210804,0.11932994127907312,2.721310149941326,-0.13835409389796366,-0.26943227456122243
Province:Inner Mongolia,1990,Spring,0.358863425239744,5,0.836212250304643,-0.31328774314741037,0.5048617096606466,-0.32210986581738815,0.4620652889034085
Province:Inner Mongolia,1990,Summer,0.10978658601486857,5,-0.9476759730426689,-0.10864119990673826,0.5964537703961121,-0.5321831489057078,1.3236970817198692
Province:Inner Mongolia,1990,Autumn,0.33147567642487197,5,1.6589388180528657,-0.7575285766189206,0.04871439139144429,-0.7614519827865052,-0.04635142115236596
Province:Inner Mongolia,1991,Winter,0.6979337858071909,5,0.1507430018307104,-0.9034357463397907,1.8940070855656077,-0.5552220277447276,1.0967051230445728
Province:Inner Mongolia,1991,Spring,-0.3379352773366116,5,-0.5638401406209455,0.6814839742966254,0.34142016871975217,-0.6274614416335659,-0.15831099885167352
Province:Inner Mongolia,1991,Summer,-0.09532877902258749,5,0.3063628586678985,0.20101667763495148,0.4065541512163887,-0.7545166864548302,-0.23402754090744302
Province:Inner Mongolia,1991,Autumn,0.006663665079691294,5,-0.9097892940407462,-0.7440524943766031,0.38947588857187865,-0.8480053968218617,0.6575846333125825
Province:Inner Mongolia,1992,Winter,-0.08303261963868422,5,0.3193517823121872,-0.7976417046422827,-0.41816921437410043,-0.30679632136274887,-0.8071910494110417
Province:Inner Mongolia,1992,Spring,-0.27512751452623896,5,-0.7940459800619146,-0.6535823994839828,0.1328093293156515,-0.4641544912493317,-0.9038288301195828
Province:Inner Mongolia,1992,Summer,-0.7639100772505649,5,-1.0337805757495175,1.4797449369379618,-0.4161395332404047,-0.6327262495740775,-0.25715909075086324
Province:Inner Mongolia,1992,Autumn,-0.3733663912358183,5,-0.9898156814759888,0.4753967705745696,-0.3222782633808807,-0.7952244942024818,0.7158832534548294
Province:Inner Mongolia,1993,Winter,0.23760689662907444,5,-0.31821753056764907,-0.45492714025465963,1.336242119802472,-0.2899984453621778,0.005081199018067165
Province:Inner Mongolia,1993,Spring,-0.08766646894333241,5,-0.3943954245830761,-0.10995809187822905,-0.20257874689482702,-0.3765302556938932,0.42521399057690523
Province:Inner Mongolia,1993,Summer,-0.3551392655458335,5,-1.2647800719379556,0.38447862962146967,0.8693091808370073,-0.4457442365766528,-0.5500025704300966
Province:Inner Mongolia,1993,Autumn,-0.32098074640889807,5,-0.6085549214636281,0.6994314667888831,-0.3004932063776904,-0.49304752009678476,0.4966233826824957
Province:Inner Mongolia,1994,Winter,0.25310168621950446,5,-0.7056682825303856,-0.6530835315494741,0.6320756517078614,-0.16907636206203197,0.8550938924326043
Province:Inner Mongolia,1994,Spring,-0.11812869188598307,5,0.23570186815014849,0.013569410301765249,-0.3528768329419013,-0.1712956017320353,-0.28860348260436197
Province:Inner Mongolia,1994,Summer,0.37447127545510817,5,0.0741732269950802,-1.4983015361512284,1.4701121551196283,-0.12481518280244963,-1.0454153581879466
Province:Inner Mongolia,1994,Autumn,0.1322092770858599,5,0.4341801842788984,-0.5884769526171206,-0.09802758784145832,-0.04875923920609461,-0.21482392441916684
Province:Inner Mongolia,1995,Winter,-0.17659668434944883,5,-0.13603153200243595,-0.9921137779842448,-0.9878245122856837,0.3284185143241357,-1.0796596697675052
Province:Inner Mongolia,1995,Spring,-0.6139493153147939,5,-1.1942556985323751,1.4137911968293766,-0.7919966690165119,0.6603211802292981,-0.3300241924250044
Province:Inner Mongolia,1995,Summer,-0.20179449464993288,5,-0.6121997975990701,0.21587945955188845,-0.8277142712660884,1.1648183546429005,-0.5179972994755179
Province:Inner Mongolia,1995,Autumn,0.6042912942047282,5,0.7193060797391626,-0.008779984144272198,0.2331081181547202,1.7272380896541155,0.33302419933137006
Province:Inner Mongolia,1996,Winter,0.14965991933197248,5,-0.5344025604189605,-1.0364295355267097,-1.1499345261354554,1.4941346800429198,-0.09792753235535111
Province:Inner Mongolia,1996,Spring,-0.09387789525601802,5,-0.3279863301412932,0.734840073726319,-0.4140041900200498,1.5022039324538086,-0.49476281484623685
Province:Inner Mongolia,1996,Summer,-0.21056429344239339,5,-1.0664228797760689,1.412042335733565,0.6129141882484369,1.4474294755804897,-0.6346999155312594
Province:Inner Mongolia,1996,Autumn,-0.1733947263831332,5,-0.5599373671274482,0.39656388877458726,-0.881725699171008,1.222021807906564,-0.25076848474918645
Province:Inner Mongolia,1997,Winter,0.4044484124015468,5,0.513711962534002,-0.7294444242616456,-0.17405247972457166,0.7881464118371517,0.1649917430995065
Province:Inner Mongolia,1997,Spring,0.09687011904172342,5,0.7060787662081837,-0.7646599703061938,-0.39036166184710264,0.7750586501839727,-1.3710851296426303
Province:Inner Mongolia,1997,Summer,0.8051406633485264,5,1.4957420430329336,-0.4117559288940793,0.4557399456349497,0.781734502389859,0.8807308967908103
Province:Inner Mongolia,1997,Autumn,-0.3513960936337535,5,-0.4222066550715812,1.1853271977799462,-0.7579704198068157,0.709158509998631,-0.10063470550905537
Province:Inner Mongolia,1998,Winter,0.6076566524632223,5,1.4858348562026928,-0.5273503028157488,0.7242468771599506,0.5459238331563936,-0.24507260701867398
Province:Inner Mongolia,1998,Spring,0.7077574103715761,5,3.1531665808422105,-0.2278085943436897,0.19097694675192983,0.2647273126596629,-0.297892382739612
Province:Inner Mongolia,1998,Summer,-0.022463890834852184,5,-0.8237430992884384,-0.4437104484941868,0.5241241960885874,-0.13440015258628318,-0.12201084688231356
Province:Inner Mongolia,1998,Autumn,0.29458274522322536,5,2.237497065355297,-0.5751427698652939,-0.1945248654641369,-0.6615439471730856,-0.4836572964672414
Province:Inner Mongolia,1999,Winter,1.3327330216849254,3,1.9747556453522073,-0.8227866850131244,,,1.200656734689445
Province:Inner Mongolia,1999,Spring,-0.5790931849538236,3,0.009291220875298075,0.17553698198982265,,,-1.5710337937469463
Province:Inner Mongolia,1999,Summer,0.3516777108869606,3,1.3271013371406808,-0.4436130793706793,,,-0.7156812838504784
Province:Inner Mongolia,1999,Autumn,-0.023136735870284187,3,0.45775402046739955,0.4543997142373671,,,-0.07276451384088503
Province:Inner Mongolia,2000,Winter,-1.0065741066334053,3,-1.1768455602249426,0.8619532879182181,,,-0.980923471757055
Province:Inner Mongolia,2000,Spring,0.13621908133309044,3,-0.7276512145719811,-1.1742210773602417,,,-0.037912618788989313
Province:Inner Mongolia,2000,Summer,0.7752553427367873,3,1.741345571781,-1.2487994394694688,,,-0.6643789830401071
Province:Inner Mongolia,2000,Autumn,-0.5477501028872083,3,-0.36927333484685,0.48225200534346346,,,-0.7917249684713112
Province:Inner Mongolia,2001,Winter,-0.931368270278139,3,-0.5599412059835125,1.6211780762443995,,,-0.6129855286065049
Province:Inner Mongolia,2001,Spring,0.4826952366760778,3,0.6077966754697823,-0.31320362071760177,,,0.5270854138408492
Province:Inner Mongolia,2001,Summer,0.700834725749761,3,1.2074752991390214,-1.6810314541723772,,,-0.7860025760621157
Province:Inner Mongolia,2001,Autumn,0.19735959439031045,3,0.7680956222493099,-1.1468639572623403,,,-1.322880796340719
Province:Inner Mongolia,2002,Winter,1.2204380480828518,3,2.642872857836671,-1.1239459055577534,,,-0.10550461914586952
Province:Inner Mongolia,2002,Spring,1.0375666177111913,3,1.3135435550655903,-1.1086901074098363,,,0.690466190658147
Province:Inner Mongolia,2002,Summer,0.19898784679737289,3,1.1774883748442118,-0.4169061311759765,,,-0.9974309656280697
Province:Inner Mongolia,2002,Autumn,-1.0351760331408377,4,-0.8597094595098228,1.8105552138937018,-1.036585641848762,,-0.43385381731106426
Province:Inner Mongolia,2003,Winter,-0.6910385945473541,4,0.0389906431401103,0.7552659404441405,-0.44039250181968403,,-1.6074865790657018
Province:Inner Mongolia,2003,Spring,-0.22571446542919626,4,-0.2978317059842258,-0.9572897590538947,-0.26717361680718915,,-1.2951422979792648
Province:Inner Mongolia,2003,Summer,-1.0348328044063992,4,-0.9046310568043577,1.1046697121384004,-1.1953473626481816,,-0.9346830860346571
Province:Inner Mongolia,2003,Autumn,-0.07759193203135065,4,0.1369828459909505,-0.17045141372612121,0.20933052523041695,,-0.8271325130728913
Province:Inner Mongolia,2004,Winter,-0.07547792781727378,5,0.5689730726950554,-0.8627023080891311,-0.5870091204231712,-1.1997502952628287,-0.02230560418455537
Province:Inner Mongolia,2004,Spring,-0.23176017933221965,5,0.7730003475776466,-0.14336620823278773,-0.45769101163707276,-1.2628376904346368,-0.35463875039982323
Province:Inner Mongolia,2004,Summer,-0.741353559730291,5,0.19025416706370657,0.6865294138891327,-1.159333350151114,-1.275743481260427,-0.7754157204144881
Province:Inner Mongolia,2004,Autumn,-0.1450094023342307,5,0.7390335508221803,-1.0353852852289764,0.3122716659755706,-1.1600308406601951,-1.6517066730376857
Province:Inner Mongolia,2005,Winter,-0.7935448608916431,4,-0.5596748101586869,0.8865980944087999,-0.3810823908030186,,-1.346824148196067
Province:Inner Mongolia,2005,Spring,-0.34522347370117984,4,-0.2336304796511089,-0.4212663726809966,-0.2537924749491321,,-1.314737312885475
Province:Inner Mongolia,2005,Summer,0.3640912249796932,3,1.0136687477552486,-1.3858511598378964,,,-1.3072462326540657
Province:Inner Mongolia,2005,Autumn,0.38447124654408454,3,0.8320079234819401,-1.3104353931286479,,,-0.9890295769783344
Province:Inner Mongolia,2006,Winter,-0.944728271661781,3,-0.835604739989479,0.7985829513495402,,,-1.1999971236463236
Province:Inner Mongolia,2006,Spring,-0.18159208327885232,3,0.22987494224525246,0.25930085864564956,,,-0.5153503334361599
Province:Inner Mongolia,2006,Summer,0.0061925111374802055,3,0.13142362424653903,-0.7515756677771177,,,-0.8644217586112161
Province:Inner Mongolia,2006,Autumn,0.30110208836039304,3,1.9475352007799942,-0.5084400680140575,,,-1.5526690037128723
Province:Inner Mongolia,2007,Winter,0.47745397916180693,3,1.5453275771572397,-1.4731837919777389,,,-1.586149431649558
Province:Inner Mongolia,2007,Spring,-0.08006538475396367,3,-0.38346947798174147,-1.0625457478467781,,,-0.9192724241269277
Province:Inner Mongolia,2007,Summer,0.8044921100115453,3,1.8915251970589844,-1.1004726532124478,,,-0.5785215202367966
Province:Inner Mongolia,2007,Autumn,-0.0006625307924241023,3,0.3733554531632219,-0.9546158373114639,,,-1.3299588828519582
Province:Inner Mongolia,2008,Winter,-0.8712884983064072,3,-1.14124567368264,0.09450622861592438,,,-1.3781135926206576
Province:Inner Mongolia,2008,Spring,0.4560707954859183,3,1.7421785654227004,-0.6625292455624525,,,-1.036495424527398
Province:Inner Mongolia,2008,Summer,-0.04520351789887441,3,0.7765296266458644,-0.14780352726483542,,,-1.059943707607323
Province:Inner Mongolia,2008,Autumn,0.39111855719953814,3,0.8764638790238863,-1.1927937568946925,,,-0.895901964319964
Province:Inner Mongolia,2009,Winter,0.802899165772974,3,1.6082836330761374,-0.2243331924270501,,,0.5760806718157346
Province:Inner Mongolia,2009,Spring,0.4941728612146603,3,1.6809244791314193,-1.0350107170771563,,,-1.2334166125645947
Province:Inner Mongolia,2009,Summer,0.14878299649621815,3,-0.10353465259545158,-0.729440681076063,,,-0.17955703899195696
Province:Inner Mongolia,2009,Autumn,-0.5190333725184622,3,-0.19213308353137143,0.9372302045401844,,,-0.42773682948383074
Province:Inner Mongolia,2010,Winter,-0.5956178015979162,3,-0.5928277594650765,1.5501988507722009,,,0.356173205443529
Province:Inner Mongolia,2010,Spring,-1.5659889534297118,3,-1.3348615117619351,2.8693975853795664,,,-0.4937077631476338
Province:Inner Mongolia,2010,Summer,0.7951804138548869,3,1.7024016275148188,-1.3021861427063899,,,-0.619046528656548
Province:Inner Mongolia,2010,Autumn,0.2223806266487045,3,1.3521994952515002,-0.3720171103974179,,,-1.0570747257028046
Province:Inner Mongolia,2011,Winter,-0.5599275158700441,3,-0.40832880053956416,1.6224161559930796,,,0.35096240892251135
Province:Inner Mongolia,2011,Spring,-0.36575660840114416,3,-0.6717795498855895,-0.1945434033604827,,,-0.6200336786783258
Province:Inner Mongolia,2011,Summer,0.6020346485484924,3,1.3372599521721322,-1.5767236738031076,,,-1.1078796803297624
Province:Inner Mongolia,2011,Autumn,-0.24390623595102465,3,0.7014765598089842,0.16343938111626932,,,-1.2697558865457887
Province:Inner Mongolia,2012,Winter,-1.5752214095868167,3,-2.009224224080505,1.419398558044377,,,-1.297041446635568
Province:Inner Mongolia,2012,Spring,-0.107533564676023,3,0.39801024005155966,0.2485604315219475,,,-0.47205050255768116
Province:Inner Mongolia,2012,Summer,-0.2526012217596057,3,-0.21436199122981184,-0.03667910754978219,,,-0.5801207815987874
Province:Inner Mongolia,2012,Autumn,-0.6719109370846198,3,-0.9158202807210882,0.12012714866332556,,,-0.9797853818694457
Province:Inner Mongolia,2013,Winter,-1.1450888139094826,3,-0.6793959369114692,2.442763596506391,,,-0.3131069083105876
Province:Inner Mongolia,2013,Spring,0.030108819950178167,3,1.3255414392057958,0.7362194479543158,,,-0.4989955314009455
Province:Inner Mongolia,2013,Summer,0.20840746359582576,3,0.05154191928716694,-0.7106300498650631,,,-0.13694957836475266
Province:Inner Mongolia,2013,Autumn,0.5883568540200512,3,0.3850589780157072,-0.681545077396365,,,0.6984665066480816
Province:Inner Mongolia,2014,Winter,0.8018960339059461,3,1.8099802667293425,-0.9436300142002509,,,-0.3479221792117551
Province:Inner Mongolia,2014,Spring,1.0420388244108791,3,3.165753139106023,-1.011030883282837,,,-1.0506675491562227
Province:Inner Mongolia,2014,Summer,-0.004015190267682674,3,-0.10186437390823208,-0.5707577385725446,,,-0.48093893546736055
Province:Inner Mongolia,2014,Autumn,0.49776909375207307,3,0.9198559271228709,-0.7584422393094732,,,-0.184990885176125
Province:Inner Mongolia,2015,Winter,1.196227711912944,3,1.5111928003545945,-1.2100290638452091,,,0.8674612715390289
Province:Inner Mongolia,2015,Summer,0.15819325820589533,3,-0.3246940257343027,-0.4382705168076225,,,0.3610032835443662
Province:Inner Mongolia,2015,Autumn,0.502175631832458,3,0.8451777360949633,-0.20409831364761938,,,0.4572508457547912
Province:Inner Mongolia,2016,Winter,0.11625487699904231,3,-0.3502943835791119,0.5189212614006821,,,1.217980275976921
Province:Inner Mongolia,2016,Spring,1.0316269328168994,3,1.5547954874530205,-0.6128866967759541,,,0.927198614221724
Province:Inner Mongolia,2016,Summer,1.0090631496309006,3,1.4306994432225617,-0.5360236617692977,,,1.0604663439008422
Province:Inner Mongolia,2016,Autumn,-0.10106882400720367,3,0.8211916958817732,0.5334966535494128,,,-0.5909015143539714
Province:Inner Mongolia,2017,Winter,1.3262737765954533,3,1.7497468724747716,-1.4019769563720221,,,0.8270975009395665
Province:Inner Mongolia,2017,Spring,1.1101635381395842,3,1.5927342425748636,-1.3378758653250291,,,0.39988050651885954
Province:Inner Mongolia,2017,Summer,1.0340928766456188,3,1.897746093693521,-0.6683827750717978,,,0.5361497611715373
Province:Inner Mongolia,2017,Autumn,0.3084194356741294,3,0.37934461466542807,-0.07457789446770514,,,0.471335797889255
Province:Inner Mongolia,2018,Winter,-0.18368381472155315,3,-0.8593352275916784,0.6975565654741456,,,1.0058403489011645
Province:Inner Mongolia,2018,Spring,1.743219656141333,3,4.267409751728247,-1.065361213758136,,,-0.10311199706238496
Province:Inner Mongolia,2018,Summer,1.3365983235382135,3,1.5978268594860443,-2.2069571332810303,,,0.20501097784756583
Province:Inner Mongolia,2018,Autumn,0.2819675134851713,3,-0.14844094510294825,-0.1500367252116637,,,0.8443067603467985
Province:Inner Mongolia,2019,Winter,0.5753084433644892,3,1.5440737498337176,0.5285288864317361,,,0.7103804666914859
Province:Inner Mongolia,2019,Spring,1.1848524354168557,3,2.2257188751093384,-1.2907527016917135,,,0.03808572944951506
Province:Inner Mongolia,2019,Summer,0.2737690265086657,3,-0.31396203362283115,-0.5673377252195481,,,0.5679313879292801
Province:Inner Mongolia,2019,Autumn,1.0810364824802665,3,1.9660642549056915,-0.600169731743286,,,0.6768754607918218
Province:Inner Mongolia,2020,Winter,1.2797916996185161,4,1.2540261127976027,-0.7943041760706524,3.9234478585220756,,-0.8526113489162662
Province:Inner Mongolia,2020,Spring,0.6628104763165635,4,1.1986353557644782,-0.7432071388175351,0.662923014337274,,0.04647639634696647
Province:Inner Mongolia,2020,Summer,1.3331325569735355,4,0.3370101877270089,-0.9960795193600168,3.740863943543971,,0.25857657726314565
Province:Inner Mongolia,2020,Autumn,1.3149521424797288,4,0.46575339268312343,-0.46843506198273177,3.894752631469933,,0.430867483783127
Province:Inner Mongolia,2021,Winter,0.6134264578471047,4,0.9755524747411722,1.1017190472804506,1.0915757401311639,,1.4882966637965331
Province:Inner Mongolia,2021,Spring,1.1554159739309362,4,2.5218567389387747,-0.4943328821012383,1.013287832163414,,0.592186442520318
Province:Inner Mongolia,2021,Summer,0.9320071204376763,4,0.11824077746679108,-0.23923576886911094,2.8394362451301474,,0.531115690284656
Province:Inner Mongolia,2021,Autumn,0.5019533048667316,3,1.1245749756885959,-0.6608429519975482,,,-0.27955801308594924
Province:Inner Mongolia,2022,Winter,0.11671166963720951,3,0.45193628738035596,-0.43422756529475165,,,-0.5360288437634791
Province:Inner Mongolia,2022,Spring,0.6388492685793498,4,1.826491262653581,-0.7189545025590363,0.3126899571926753,,-0.3027386480878932
Province:Inner Mongolia,2022,Summer,1.7550520055662524,4,0.8565469862310516,-0.450033974932747,5.061524507445091,,0.6521025536561205
Province:Inner Mongolia,2022,Autumn,0.717710874338462,4,2.0448371320291354,0.168952038704739,0.37367727029303566,,0.621281133736416
Province:Inner Mongolia,2023,Winter,0.0953526177699818,5,0.47717368674814453,0.14051435262888048,1.3963398932265947,-2.2987249007184034,1.0424887622224537
Province:Inner Mongolia,2023,Spring,0.45326702363245097,5,2.5228789642913663,-1.1704821251247455,0.35721892272982547,-2.6926391297480126,0.9083942357643298
Province:Inner Mongolia,2023,Summer,0.5950819081129278,5,1.8282720498520633,-1.3681898647038497,2.3389646732592153,-3.1271318862318154,0.5671148389813265
Province:Inner Mongolia,2023,Autumn,0.160407792097987,5,2.7679564504150767,-0.585249870611603,0.9538466076358456,-3.3897300351136233,-0.11528393305896688
Province:Inner Mongolia,2024,Winter,0.5240997227435373,5,0.8779666072486327,1.5012280254334027,3.839309539792418,-1.4249196272311107,0.829370119341149
Province:Inner Mongolia,2024,Spring,0.36393235830823534,5,2.72319880191594,-1.582327257352666,0.4624607644724646,-2.3069853647385887,-0.641339667461306
Province:Inner Mongolia,2024,Summer,0.713583339396364,5,1.2619919525708303,-1.5339279309542562,4.553215246492637,-3.543008851327469,-0.23820958170843426
Province:Inner Mongolia,2024,Autumn,1.1131983953157394,5,3.0886694814745725,-0.9970885702865125,5.107678651480791,-4.848978681308747,1.2215339546455688
Province:Inner Mongolia,2025,Winter,0.6798310959348852,4,0.8906813270194704,-0.8642997791625957,-0.2483280347120406,,1.2126713122695156
Province:Inner Mongolia,2025,Spring,0.9988296463700026,4,2.0288138446044313,-0.43893719724167407,0.8672325175064599,,0.6603350261274448
Province:Inner Mongolia,2025,Summer,2.4885716835009246,4,0.9182999652503814,-1.2380417771351835,7.614314648296917,,0.1836303433212157
Province:Beijing,1981,Spring,0.3636857045838755,4,0.949292163389784,-0.7309958585384941,-1.204128351674271,,0.9785831480814947
Province:Beijing,1981,Summer,0.4528128312852989,4,0.3686742098351831,0.32485299122884015,-0.1865317640361421,,1.953961870570995
Province:Beijing,1981,Autumn,-0.982872705813275,4,-1.4030457674885264,2.00491933880869,-0.2742592667888937,,-0.24926645016698992
Province:Beijing,1982,Winter,-0.7480047546504873,4,-0.47678619293851665,-0.27727294346204967,,-1.7259441700243772,-1.066561599101105
Province:Beijing,1982,Spring,0.21854859899837864,5,0.9321505240757718,-1.3196384863130066,-0.18437893494413535,-1.6257578180541263,0.6510907376013765
Province:Beijing,1982,Summer,-0.018906826917080188,5,-0.5772145542203084,0.34441262943629697,-0.1657444203471218,-1.1744590500879857,2.167296519506312
Province:Beijing,1982,Autumn,-0.06795287877342364,5,-0.07180625262017146,-0.7826015352480994,-1.5245774945978443,-0.5146268187081671,0.9886446368109651
Province:Beijing,1983,Winter,-0.32731783991612906,5,-0.8928383372278943,0.7160075459220305,-0.9999162670564146,0.0032110589209756765,0.9689618917047186
Province:Beijing,1983,Spring,0.7667013495452311,5,1.0649982287593673,-1.0795342565628765,1.0482474644030653,0.305835629138895,0.3348911688619518
Province:Beijing,1983,Summer,0.5192065918758519,5,0.37652390912195083,-0.8536152107704138,-0.4041059613145547,0.6556130002339584,1.1143868005674917
Province:Beijing,1983,Autumn,0.06026987065497806,5,0.0895561128184171,-0.6803419379661247,-0.7398032877815879,0.8489464308616484,-0.5776918405897121
Province:Beijing,1984,Winter,-0.14172117249027116,5,0.5309845565624196,0.7975943199435049,-1.0481355794271554,0.9520789700692615,-0.34593948971237654
Province:Beijing,1984,Spring,-0.44885656856970224,5,-1.2834063572603174,1.2750362545351734,-0.7989753847579207,1.1509077622858424,-0.03777260858094154
Province:Beijing,1984,Summer,0.900383709210948,5,-0.3417235756172815,-0.7118078337663544,1.181275450701394,1.196168089830832,1.754390747373441
Province:Beijing,1984,Autumn,-0.16300507634945047,5,-1.0399804452517025,-1.123466859521348,-0.8994183806933688,0.9954460361873315,-0.9945394515108605
Province:Beijing,1985,Winter,-0.37230644089748727,5,-0.6524526538606983,1.703707807837661,-0.26457175340261674,0.7401490812848724,0.019050929328667712
Province:Beijing,1985,Spring,-0.4392748739726325,5,-1.1505586525767222,1.8249523936403098,-0.8779458783094128,0.305835629138895,1.3512469255243875
Province:Beijing,1985,Summer,-0.26404843882765405,5,-1.417132377904438,0.1634859760173244,1.3586607835143674,-0.34083192396268736,-0.7574526997681879
Province:Beijing,1985,Autumn,-0.9442807151735474,5,-0.6890173004227725,0.2702935775070464,-1.1344072674801577,-0.87524123181754,-1.7524441986402204
Province:Beijing,1986,Winter,-0.7305981915741077,5,-0.7356630827185737,0.98664857814185,-0.31279106577335775,-0.9697397941346269,-0.6481484371021302
Province:Beijing,1986,Spring,-0.2144799333262612,5,0.6750259343655876,-0.8433026756796839,-0.7921083853186605,-1.0945696200760457,-0.7040502712818715
Province:Beijing,1986,Summer,-0.20010290690816102,5,-0.8048558335365679,0.4666603682329001,1.659384355548861,-1.050717523553762,-0.3376651647664362
Province:Beijing,1986,Autumn,-0.6607166969036019,5,-1.7782132671332447,1.2853147653429435,0.7676725897185652,-0.7963568289498649,-0.21137121281052162
Province:Beijing,1987,Winter,-0.18701500987881317,5,0.41079171487882227,0.5541809493369836,-0.14402347247576477,-0.5988624887619465,-0.04879985369819323
Province:Beijing,1987,Spring,-0.9875381889495362,5,-1.3948270128013973,1.371852476208613,0.20704003309369434,-0.9738450296264816,-1.4042064592048829
Province:Beijing,1987,Summer,-0.5615985234465939,5,-0.35742297419081653,0.17326579512105234,-0.840640178783981,-1.2916878646993557,-0.1449758044377635
Province:Beijing,1987,Autumn,-0.03597892006825838,5,0.5696091499982177,0.6187336867641456,0.24448978517439474,-1.3260092482042558,0.9507493994544972
Province:Beijing,1988,Winter,-0.34277443972170435,5,0.53098455656242,-0.07253632186099179,-0.2525169253099316,-1.0419886198565775,-1.0228875318654245
Province:Beijing,1988,Spring,,1,,,,-0.8048306029970925,
Province:Beijing,1988,Summer,-0.4429081388026672,5,-0.6949600435218221,0.7551650317928836,0.7475128790571702,-0.32780650011697976,-1.1841219976388209
Province:Beijing,1988,Autumn,0.379683679866889,5,0.9407425905069708,-0.903798094989699,-0.32303054517860436,0.18406360669124228,0.19284465232513714
Province:Beijing,1989,Winter,-0.037606824861611085,5,0.19814284113091812,-1.2928743427199294,-0.023475191548912488,0.6775334323258488,-2.3331095489358393
Province:Beijing,1989,Spring,0.48542750073607915,5,0.7950174095636738,-1.3196384863130066,0.20360653337406445,1.5130815336345338,-1.4042064592048829
Province:Beijing,1989,Summer,-0.036893246733684035,5,0.36082451054841586,0.32485299122884015,-1.1787809694587112,2.3489181001759714,-1.390574883705256
Province:Beijing,1989,Autumn,0.4476138453032096,5,0.43245113937541735,-0.1917683065078016,-0.4604768751859713,2.6520184964085125,-0.5776918405897125
Province:Beijing,1990,Winter,0.4375842411214288,5,0.41079171487882227,-0.03453304858447954,1.6642007414270166,2.4115052496526648,-2.3331095489358393
Province:Beijing,1990,Spring,0.9588502810835543,5,0.7907319997351706,-0.49476427765530157,3.3040567802000314,1.9476900592529636,-1.7429917114256948
Province:Beijing,1990,Summer,0.7827779450140244,5,1.7933946303834967,-1.596881462653761,0.9720161908985891,0.9421723248395302,-1.390574883705256
Province:Beijing,1990,Autumn,-0.02461191640706848,5,0.9286404130990765,-0.7712393577723243,-0.2742592667888937,-0.18782000682779837,-1.3608600792900512
Province:Beijing,1991,Winter,-0.4071893766694538,5,-0.4906545977481626,-0.6344075014428425,-0.8070390175734511,-0.6566615493395069,-0.715999220128991
Province:Beijing,1991,Spring,-0.8161185951136847,5,-0.8977194726950408,1.4919045910836777,0.8697054789823013,-0.8289755210870049,-1.7316988696850009
Province:Beijing,1991,Summer,0.03822697583601018,5,-0.008111355929660048,-0.10545904933520281,1.3392592627379476,-0.9009251493281221,-0.34454692763531747
Province:Beijing,1991,Autumn,-0.17479447361146888,5,-1.1690703376025733,-0.7901763202319493,-0.25652425646536253,-0.7850876285401966,0.5465335343188388
Province:Beijing,1992,Winter,-0.12140624102091299,5,-0.05372014276839867,-0.9022584199284374,-0.6141617680904878,-0.47363119084389876,-0.36777652333021704
Province:Beijing,1992,Spring,-0.22309407708531678,5,-0.6234532436708441,-0.03004641362279163,-0.4006894172808306,-0.12877289647953483,0.007398758381833814
Province:Beijing,1992,Summer,-0.5230686514836632,5,-1.0678207596432812,0.7942843082077957,-0.35144469063570327,0.3625409637055332,-0.7643344626370692
Province:Beijing,1992,Autumn,0.18082187148961537,5,-1.031912326979773,-0.08193392424197679,0.15581473355673847,0.7475236271746374,0.9507493994544972
Province:Beijing,1993,Winter,0.2777510336956362,5,-0.8096279083700189,-1.1282576324006577,-0.43333934670020985,0.8172144953882863,0.6862502957594657
Province:Beijing,1993,Spring,-0.1250469831743198,5,-0.7520155385259362,-0.47540103332061356,-0.8195763830757012,0.47485005576828454,-0.003894083358859814
Province:Beijing,1993,Summer,-0.509970303099717,5,-1.05604621071313,0.6231374738925521,-0.8655849912108055,-0.08032344704853142,0.07524060736643416
Province:Beijing,1993,Autumn,0.1923810840258813,5,-0.16458961274736006,0.27786836249089647,0.2400560325935117,-0.5822420211661745,1.7465493839403259
Province:Beijing,1994,Winter,0.19416748555743696,5,0.35531809564023803,-1.1282576324006577,-0.42128451860752447,-0.6759279028653606,0.5844741212191743
Province:Beijing,1994,Spring,-0.017150001899749356,5,-0.07492078562245028,-0.5063822242561141,-0.448758413355652,-0.7082509306374413,0.6397978958606826
Province:Beijing,1994,Summer,0.3474108829446827,5,0.3843736084087181,-1.904945764421201,0.41352955712024414,-0.614365824722551,-0.35142869050419856
Province:Beijing,1994,Autumn,0.09489776201761684,5,-0.28157732769033633,-0.8924359175139238,-1.0767684839286813,-0.4019348146114883,1.3423335188046663
Province:Beijing,1995,Winter,0.03037465115109137,5,0.21201124594056364,-0.5897656816952435,-0.42128451860752447,-0.17981929957463255,-0.04879985369819323
Province:Beijing,1995,Spring,-0.257781542117573,5,-1.030567177378636,0.21005781612733834,-0.5448964055052944,-0.17706273265936018,0.6736764210827637
Province:Beijing,1995,Summer,-0.6233192740781527,5,-1.3033117382463084,1.2001468010125187,-0.32234240947107473,-0.13893785435421646,-0.1518575673066448
Province:Beijing,1995,Autumn,0.5308159577381965,5,0.8237548755639941,0.5051119120063962,0.29769481614498816,-0.07512800273111905,2.112870011719515
Province:Beijing,1996,Winter,0.15162418985470955,5,-0.6071810795395555,-1.2928743427199294,-0.674435908553914,0.1428921219834135,0.6039714726636743
Province:Beijing,1996,Spring,-0.20156253641105054,5,-1.2662647179463054,-0.479273682187551,-1.1045568598049986,0.5714297281279358,0.3123054853805646
Province:Beijing,1996,Summer,-0.550745942763468,5,-0.8166303824667193,2.227027806903985,0.21397105770564875,1.0398630036823386,-0.9639055858346233
Province:Beijing,1996,Autumn,0.0026054845063255005,5,-1.039980445251702,-0.20313048398357675,-0.22992174098006532,1.265906846019361,-0.18610772123954286
Province:Beijing,1997,Winter,0.44948284675545186,5,0.040967586621597336,-0.3470257868176733,0.2296761983974766,1.2940567451531606,0.3356879167873513
Province:Beijing,1997,Spring,0.17223208153815517,5,-0.2506225885910765,-0.38245746051411167,0.10060154178516188,1.3440671070051438,-0.715343113022565
Province:Beijing,1997,Summer,0.19926208648791977,5,1.306713274603907,-0.2521563358911264,-1.3617095939220898,1.1505791063708541,-0.3514286905041987
Province:Beijing,1997,Autumn,0.5201572215906882,5,0.07341987627455801,0.5051119120063958,0.9538901981156432,0.7362544267649691,1.3423335188046663
Province:Beijing,1998,Winter,0.9198022364175207,5,-0.16243568391987576,-0.19914975890375114,3.1951639091980373,0.3981713062009728,0.968961891704718
Province:Beijing,1998,Spring,0.04391205071994002,5,0.4093305249983966,-0.13460793303010643,0.8456709809448899,-0.10462797838962189,-1.065421206984071
Province:Beijing,1998,Summer,-0.42394499761963544,5,-0.5732897045769246,0.4911099159922206,0.4800490569251089,-0.7641581989481904,-0.7712162255059504
Province:Beijing,1998,Autumn,-0.1138024834606047,5,1.4369318642306301,-0.3053900812655513,0.6656962803582603,-1.2245864445172447,-1.7524441986402204
Province:Beijing,1999,Winter,1.4943597340013302,3,2.9071045806150875,-0.8241352353701387,,,0.751839386018764
Province:Beijing,1999,Spring,-1.6272845232281437,3,-1.540530946970502,1.2595456590674228,,,-2.0817769636465067
Province:Beijing,1999,Summer,0.03427547215118957,3,1.5500539524937011,0.47644018733662796,,,-0.9707873487035045
Province:Beijing,1999,Autumn,-0.47179878652418505,3,0.4606895533271703,0.4899623420386956,,,-1.38612357086103
Province:Beijing,2000,Winter,-1.336010153340989,3,-1.28115367189798,2.0206262437182465,,,-0.706250544406741
Province:Beijing,2000,Spring,0.34253094393035005,3,-0.6320240633278503,-0.963354790554749,,,0.6962621045641515
Province:Beijing,2000,Summer,1.4498663848803346,3,2.7432082440823713,-1.7582484778652772,,,-0.1518575673066448
Province:Beijing,2000,Autumn,-0.40988469673739214,3,-0.039533779532454065,0.5997967243045208,,,-0.5903235863752017
Province:Beijing,2001,Winter,-1.3550650700345164,3,-1.3828553071687169,1.2991413163750438,,,-1.3831985865597887
Province:Beijing,2001,Spring,0.9194066779623752,3,2.3377649478247804,-0.1307352841631688,,,0.28971980189917673
Province:Beijing,2001,Summer,0.516617583887977,3,0.7376100763132586,-1.1567896029859897,,,-0.34454692763531747
Province:Beijing,2001,Autumn,0.1550062718396554,3,0.1984757094894644,-1.2484508117548727,,,-0.981907705725371
Province:Beijing,2002,Winter,0.9814276489313173,3,2.236798348148868,-0.8241352353701387,,,-0.11665063672505417
Province:Beijing,2002,Spring,0.6890939206291232,3,0.7907319997351706,-0.5915804993287411,,,0.6849692628234576
Province:Beijing,2002,Summer,-0.7075036708057768,3,-0.1062325970142544,1.258825715634888,,,-0.7574526997681879
Province:Beijing,2002,Autumn,-1.040739076813046,4,-1.2779899342736203,2.898743966902986,-0.5580194319653938,,0.5717970258898168
Province:Beijing,2003,Winter,-0.07760565344854782,4,-0.16243568391987576,0.8583033463675028,1.1096786491634945,,-0.39936223267030707
Province:Beijing,2003,Spring,-0.35781916728849184,4,-0.36204324413215627,-0.49089162878836395,-0.1672114363459859,,-1.3929136174641892
Province:Beijing,2003,Summer,-0.8499335158322079,4,-0.11800714594440592,0.921421956556264,-2.208447393521517,,-0.15185756730664443
Province:Beijing,2003,Autumn,0.3701028149981366,4,-1.2860580525455498,0.6035841167964455,3.2151040143658727,,0.15494941496866887
Province:Beijing,2004,Winter,0.5354851575652747,5,2.070855711288622,-0.7406242449802336,-0.3007362376806759,-1.1142374455785282,1.2809195148167216
Province:Beijing,2004,Spring,-0.0964998785861056,5,0.43932839379791816,0.5547235652847832,0.49888750926225045,-1.167004374345784,0.3010126436398707
Province:Beijing,2004,Summer,-0.8312033166595139,5,-0.6910351938784381,1.635348751128426,-0.4803262215076301,-1.0116412520166387,-0.3376651647664362
Province:Beijing,2004,Autumn,0.2921860320203323,5,0.8197208164280301,-0.6689797604903498,1.211047847806844,-0.6611264240338501,-0.5776918405897125
Province:Beijing,2005,Winter,-0.03467007885855827,4,-0.633961447447837,0.9587474407996008,0.5189920726219166,,0.9350365001912881
Province:Beijing,2005,Spring,0.15902712176498035,4,-0.083491605279457,0.5469782675509078,0.26540952832740433,,1.001168831562882
Province:Beijing,2005,Summer,1.1167038090117367,3,1.3263375228208263,-0.7166977433182186,,,1.307076160896165
Province:Beijing,2005,Autumn,0.9511532295332344,3,1.8201674821472777,-1.2446634192629475,,,-0.21137121281052162
Province:Beijing,2006,Winter,0.21529750009310034,3,-0.5923562330188994,0.6127733377557079,,,1.8510220710539083
Province:Beijing,2006,Spring,0.5298935506482941,3,0.6535988852230723,-0.2624053456390465,,,0.6736764210827637
Province:Beijing,2006,Summer,0.5172266836000243,3,-0.5850642535070761,0.016788689461400295,,,2.1535329937685495
Province:Beijing,2006,Autumn,1.2911603918242547,3,2.5140256535332077,-0.7750267502642494,,,0.5844287716753067
Province:Beijing,2007,Winter,0.5614869281017657,3,0.7528790335167549,-0.9803816044867357,,,-0.04879985369819323
Province:Beijing,2007,Spring,0.6755875134737833,3,0.520751180539477,-0.8549206222804966,,,0.6510907376013765
Province:Beijing,2007,Summer,0.7519468860096534,3,0.26662811910720513,-1.3083767990937776,,,0.6808357398279777
Province:Beijing,2007,Autumn,0.1628508442706843,3,-0.039533779532454065,-1.131041644505198,,,-0.6029553321606912
Province:Beijing,2008,Winter,0.5070342349218482,3,-0.5804007116312735,-0.8860950024336168,,,1.2154084139632013
Province:Beijing,2008,Spring,0.5666987391438293,3,0.5550344591675013,0.2061851672604011,,,1.3512469255243875
Province:Beijing,2008,Summer,-0.3764979481378508,3,-1.3033117382463084,-0.10545904933520281,,,0.06835884449755322
Province:Beijing,2008,Autumn,0.253258208649335,3,0.803584579884171,-0.5591453782245251,,,-0.6029553321606912
Province:Beijing,2009,Winter,0.4636525512363721,3,0.12417801547947305,-0.4335193125786465,,,0.8332603256509967
Province:Beijing,2009,Spring,0.9565519102740895,3,1.7163805226918343,-0.49089162878836395,,,0.6623835793420698
Province:Beijing,2009,Summer,0.10151476063999464,3,-0.3377987259738979,-0.5602206376585663,,,0.08212237023531545
Province:Beijing,2009,Autumn,-0.5284500875273362,3,-0.3098157416420895,1.455747427479567,,,0.1802129065396476
Province:Beijing,2010,Winter,-0.932369899780206,3,-1.2672852670883339,2.080373161958028,,,0.5505487297057438
Province:Beijing,2010,Spring,-1.0345078829408358,3,-1.2876917670888206,2.839586396777956,,,1.0237545150442693
Province:Beijing,2010,Summer,0.7910815781095143,3,0.9456271074125993,-1.1665694220897178,,,0.2610482048262259
Province:Beijing,2010,Autumn,-0.059099499267854516,3,-0.28964544596226627,0.8384024512957945,,,0.9507493994544972
Province:Beijing,2011,Winter,0.0396331412750078,3,-0.9668031628793392,1.0480310802947992,,,2.1337336669991616
Province:Beijing,2011,Spring,0.41711296839736955,3,-1.0134255380646238,-0.2585326967721089,,,2.0062317464846235
Province:Beijing,2011,Summer,0.5361532145750938,3,-0.5732897045769246,-1.9000558548693367,,,0.2816934934328694
Province:Beijing,2011,Autumn,-0.21945135396695326,3,0.1984757094894636,0.2665061850151217,,,-0.5903235863752017
Province:Beijing,2012,Winter,-0.48106140981111384,3,-1.928345896348123,0.7302467470484199,,,1.2154084139632013
Province:Beijing,2012,Spring,0.5572407920179203,3,0.4179013446554029,0.08613305238533572,,,1.3399540837836936
Province:Beijing,2012,Summer,-0.2763094359284473,3,0.1253335319453887,0.18304561422478025,,,-0.7712162255059504
Province:Beijing,2012,Autumn,0.3645740554294114,3,-0.6769151230148784,0.38012795977287156,,,2.150765249075984
Province:Beijing,2013,Winter,-1.393743563350056,3,-1.5261621568683912,2.289631692024899,,,-0.36543684115687713
Province:Beijing,2013,Spring,-0.922911294322413,3,-0.7648717680114454,0.9497337497124165,,,-1.054128365243377
Province:Beijing,2013,Summer,0.5746916912661394,3,0.949551957055983,-0.1005691397833386,,,0.6739539769590964
Province:Beijing,2013,Autumn,0.38261749980372867,3,-0.15248743533946574,-0.3243270437251761,,,0.9760128910254756
Province:Beijing,2014,Winter,0.4679457339240554,3,1.5063956948408495,-0.2968037396016243,,,-0.39936223267030757
Province:Beijing,2014,Spring,1.419176053249464,3,3.9105103548854077,-0.7348685074054315,,,-0.3878507025424471
Province:Beijing,2014,Summer,0.42437476660648493,3,0.47464515020654496,-1.1567896029859897,,,-0.3583104533730799
Province:Beijing,2014,Autumn,-0.023452401656064364,3,0.06938581713859324,-0.4379488184829258,,,-0.5776918405897121
Province:Beijing,2015,Winter,0.818680398469022,3,1.0302471297096727,-0.8073945529647892,,,0.6183995127326042
Province:Beijing,2015,Summer,-0.17598016459505747,3,-0.35349812454743307,0.0363483276688571,,,-0.13809404156888222
Province:Beijing,2015,Autumn,-0.3552561716520206,3,0.07341987627455801,1.3194012977702674,,,0.1802129065396476
Province:Beijing,2016,Winter,0.009577215385744001,3,-0.995496414209641,0.2130173872141684,,,1.2372454475810415
Province:Beijing,2016,Spring,0.51081907255043,3,1.056427409102361,-0.5025095753891765,,,-0.02647976684024763
Province:Beijing,2016,Summer,0.889197763330388,3,1.7776952318099613,-0.4086334415507787,,,0.4812646166304239
Province:Beijing,2016,Autumn,-0.17443533520973556,3,0.9447766496429353,0.48617494954677093,,,-0.981907705725371
Province:Beijing,2017,Winter,1.1089792136801584,3,1.1874223842189935,-1.1366279736033327,,,1.002887283218149
Province:Beijing,2017,Spring,1.6534483944571094,3,3.0148597007282656,-0.9556094928208737,,,0.9898759898221887
Province:Beijing,2017,Summer,0.6885405417565442,3,1.9189898189717773,0.33463281033256853,,,0.4812646166304239
Province:Beijing,2017,Autumn,0.05449999421074336,3,0.33563372011226433,0.3649783898051714,,,0.19284465232513714
Province:Beijing,2018,Winter,-0.18040632049771024,3,-0.74953148752822,0.7606493656696295,,,0.9689618917047186
Province:Beijing,2018,Spring,0.29687832680698456,3,2.6163165866774793,0.6941389244945363,,,-1.0315426817619895
Province:Beijing,2018,Summer,1.5929170294305057,3,3.9442122349578086,-1.5919915531018969,,,-0.7574526997681879
Province:Beijing,2018,Autumn,0.7616449570035114,3,-0.8394598850967668,0.27212197388245896,,,3.39651672998976
Province:Beijing,2019,Winter,-0.4669925163707684,3,1.2475188050607922,1.9324971340441064,,,-0.715999220128991
Province:Beijing,2019,Spring,0.27913627606460284,3,2.1192090465711235,0.9441399235712843,,,-0.3376602948060307
Province:Beijing,2019,Summer,1.1768834734658025,3,1.2085920335193125,-1.0149822259819303,,,1.3070761608961645
Province:Beijing,2019,Autumn,0.5138472374279086,3,2.195334981791996,-0.32811443621710096,,,-0.981907705725371
Province:Beijing,2020,Winter,2.2510446010873544,4,0.8523489714618018,-0.5789900700320298,8.595726894721011,,-1.0228875318654245
Province:Beijing,2020,Spring,0.6522550162863998,4,1.1892751137859565,0.9303705053777287,1.3263609416931024,,1.0237545150442693
Province:Beijing,2020,Summer,0.4831807315755955,4,1.090846544217799,-0.8780647585297345,0.934598972258353,,-0.9707873487035045
Province:Beijing,2020,Autumn,1.5955316445090413,4,-0.03549972039648929,0.008963495564222781,6.637961006807399,,-0.21137121281052162
Province:Beijing,2021,Winter,0.1953407561662967,4,-0.09549751670531846,0.9508235177944018,3.134889768734612,,-1.3072057095697047
Province:Beijing,2021,Spring,0.6739736200717835,4,1.4292580641821284,0.4579073436113436,0.395882517673349,,1.3286612420430004
Province:Beijing,2021,Summer,0.85027775339789,4,-0.4516193656320276,-0.702028014662626,2.235886687191024,,0.914815677369938
Province:Beijing,2021,Autumn,0.6198268342498557,3,1.6991457080683368,0.815678096344245,,,0.9760128910254756
Province:Beijing,2022,Winter,-0.3045670425465746,3,0.558721366181712,0.43978628623376115,,,-1.0326362075876745
Province:Beijing,2022,Spring,0.01471016412852294,4,2.23920052176921,1.495777239950616,0.708330992159687,,-1.3929136174641892
Province:Beijing,2022,Summer,1.0899704332267657,4,1.3224126731774424,0.1634859760173244,3.3459308401847077,,-0.1449758044377635
Province:Beijing,2022,Autumn,0.842176306633107,4,2.578570599708644,1.289102157834868,1.4948080129833454,,0.5844287716753067
Province:Beijing,2023,Winter,-0.2838508191205759,5,-0.07460245345878516,1.1289443785873226,0.591321041178033,-0.6903776680097508,-0.11665063672505417
Province:Beijing,2023,Spring,0.15881568178929636,5,1.9606488829165098,-0.006810520421166159,-0.016137448682261,-0.7806856849071796,-0.37655786080175346
Province:Beijing,2023,Summer,2.920573671270663,5,4.670309418983809,-0.7215876528700828,9.260623031167285,-0.7511327751024827,0.7014810284346212
Province:Beijing,2023,Autumn,1.6866693681865357,5,2.1670965678402436,0.16045919524122196,6.021669398064688,-0.5709728207565068,0.9760128910254756
Province:Beijing,2024,Winter,0.10241934765627221,5,-0.450962266741245,1.473763951810157,3.568863580071279,-0.38211601159609443,-0.7499246116424214
Province:Beijing,2024,Spring,0.43848429381511006,5,1.2664124906990117,0.1764948592805456,2.2843073634698965,-0.5392365040080517,-0.6425670218047609
Province:Beijing,2024,Summer,1.5587197652648515,5,2.2015789932954095,-1.7435787492096846,5.252823167924171,-0.6469293843368202,-0.7574526997681879
Province:Beijing,2024,Autumn,0.9147741472961236,5,2.335596114827077,-0.3138388799013838,2.1066658691451714,-0.6160496223951782,0.43381949500216394
Province:Beijing,2025,Winter,0.6667286936033833,3,1.0145296042587413,-0.02951084386287452,,,0.956145632688534
Province:Beijing,2025,Spring,0.5813373030719701,3,1.8363719978899204,0.4385440992766558,,,0.34618401060264575
Province:Beijing,2025,Summer,1.46850456108372,3,2.8894088932984174,-1.5871016435500327,,,-0.07099685359729073
Province:Taiwan,1981,Spring,0.33452847993460594,3,0.23672014103250308,-0.2228959699429618,,,0.5439693288283529
Province:Taiwan,1981,Summer,-0.29928950775966046,3,-0.5383021778830271,1.5193078801119801,,,1.159741534716026
Province:Taiwan,1981,Autumn,-1.0590974428454543,3,-0.8262979462649966,2.7678655922885644,,,0.41687121001719785
Province:Taiwan,1982,Winter,-0.48690504745373797,3,-0.9869240597715652,0.3628097081073788,,,-0.11098137448226983
Province:Taiwan,1982,Spring,-0.30173806593830854,4,-0.9726321536122607,0.5270424558132248,-0.13214708259173133,,0.42486942826398266
Province:Taiwan,1982,Summer,-0.15153203327277098,4,-0.8456079636726247,2.081266615963309,0.693975303834254,,1.626771142710596
Province:Taiwan,1982,Autumn,-0.3503023674563415,4,-0.2774582931912559,-0.7692968116671088,-0.9177469748277556,,-0.9753010134734634
Province:Taiwan,1983,Winter,-0.5490792618751412,5,-0.7822486711266908,1.050258404534276,-0.2380562855911917,-0.9170456005671199,0.24221265244357235
Province:Taiwan,1983,Spring,0.1518202753033456,5,0.022482268441735603,-0.22426437663569346,1.414342906503411,-0.3064996798639187,-0.5954884952001935
Province:Taiwan,1983,Summer,0.07485615215377632,5,0.9322595696147773,-1.0062923951799079,-1.250486121174897,0.4501493994056482,-0.7639344822565548
Province:Taiwan,1983,Autumn,0.6954627325393583,5,1.5427471185177,-0.8926969592034202,-1.2234420449289867,1.1423282455655008,1.122983384339157
Province:Taiwan,1984,Winter,-0.6798079922228802,5,-1.7701976158266346,2.827505314780795,-1.0931701153881426,1.1191150415289528,1.172718043352218
Province:Taiwan,1984,Spring,-0.2484062991480127,5,-1.1942768238727033,1.0745954233563522,-0.18990586525362832,1.1385934743312776,0.07815314241134272
Province:Taiwan,1984,Summer,0.21334008300837198,5,-1.0676883784694475,0.1388365489740746,0.527729545564986,1.200820906979016,0.5446748899413804
Province:Taiwan,1984,Autumn,-0.013923836378953091,5,-0.2735245184313826,-0.6559315848098389,-1.2736642452723628,1.1362183331144584,-0.31458033611531744
Province:Taiwan,1985,Winter,0.061076262311075345,5,-0.5740438603026563,0.4572088218453828,0.7122557798210006,0.9754900769695409,-0.3511118630871256
Province:Taiwan,1985,Spring,-0.22323733881433006,5,-0.8156481477380754,1.1655687351777202,-0.9188559622733283,0.5932283981970029,1.1906577529204707
Province:Taiwan,1985,Summer,-0.4190649678603554,5,-1.3756071176523996,1.593235375203542,0.10436656072106396,0.06618213907588683,0.7029689537572136
Province:Taiwan,1985,Autumn,-0.18241020263105923,5,-0.3197231338675328,-0.6695085030333023,-0.5155127989642031,-0.4556103907869296,-0.29071319256993294
Province:Taiwan,1986,Winter,-1.056228716664636,5,-1.5522909708941797,2.556528459078151,-0.36963709341010015,-0.9089617156933176,0.10627465575256843
Province:Taiwan,1986,Spring,-0.3681171906129324,5,-0.833078156390126,0.13822935630185693,0.3632322907592814,-1.2981312612055078,0.06562053007354722
Province:Taiwan,1986,Summer,-0.5741011457869417,5,-1.1205429353378795,-0.030131922852745373,0.05410481317958512,-1.625184317817579,-0.2090152118115806
Province:Taiwan,1986,Autumn,-0.6625679841986788,5,-1.1373043632920063,0.6341781227325365,-0.2813009646120757,-1.7749815109091998,0.5149250405524242
Province:Taiwan,1987,Winter,-0.7227754493587526,5,-0.49399269930634315,-0.4228877398677859,-1.3554465474293644,-1.4784718334252993,-0.7088539065005417
Province:Taiwan,1987,Spring,-0.4439878835920471,5,0.042579817318727294,0.7210485066240052,-0.6128988460479551,-1.240441703625684,0.31186982101868155
Province:Taiwan,1987,Summer,-0.6160873251965833,5,-0.3930576526082739,0.2002257469981473,-1.157398791027984,-0.8298786967755944,-0.49987573857291706
Province:Taiwan,1987,Autumn,0.15792157163688111,5,0.10915773823655166,0.3087045863408625,0.46141847160190813,-0.34213313001665546,0.8698693647034638
Province:Taiwan,1988,Winter,0.530183405716085,5,0.5293812429655161,-0.14310736544894903,-0.18374781059952813,-0.05246465706569312,2.214640887831181
Province:Taiwan,1988,Spring,0.2859256722588909,5,-0.3531091737844806,0.4784963902782201,0.2231751078031108,-0.4679639742150147,2.506022791769059
Province:Taiwan,1988,Summer,-0.3670121959338251,5,0.5658144964634916,-0.5323140213896287,-1.0978308032185506,-0.9252822962187246,-0.9100763980849707
Province:Taiwan,1988,Autumn,-0.07911214754753004,5,-0.6440037113057704,0.7404813536441122,0.8809525255994073,-1.2754242324149878,1.3833960340278129
Province:Taiwan,1989,Winter,-0.13328638281582,5,-0.7174034104987567,0.1735719050363346,0.13646006780172545,-1.1901067429800996,1.2781900766343652
Province:Taiwan,1989,Spring,-0.24439775032555558,5,-1.0485588064588667,0.6144517831350909,0.8091374384264292,-1.1697166311702312,0.8016010307099816
Province:Taiwan,1989,Summer,-0.517296722002891,5,0.07583163130076193,0.05445166278648014,-0.9068340465896902,-1.0290350889615112,-0.6719944429775357
Province:Taiwan,1989,Autumn,-0.1682505684878636,5,-0.9616247103053401,0.8119086951662209,0.39866008456488816,-0.7841453081026223,1.317765786569977
Province:Taiwan,1990,Winter,0.21227491978622104,5,-0.7383437962538443,-0.732340930546755,1.622851467739036,-0.4236102351700626,-0.13186376793077875
Province:Taiwan,1990,Spring,-0.0405066357256848,5,-1.312802975780917,0.7445194213906008,1.3244247763161474,-0.42385514127249563,0.9542195834994421
Province:Taiwan,1990,Summer,0.4361880489957627,5,-0.8274482434208836,-0.13042983960916849,0.7249322464515584,-0.38567117686317054,2.5386975792021405
Province:Taiwan,1990,Autumn,0.13296942739842063,5,-0.6397201547926378,-0.49308721241397246,0.16804437260147492,-0.30809545526368287,0.9515311620329765
Province:Taiwan,1991,Winter,0.3089692291462878,5,-0.35893914011374345,-1.0546819957796045,0.17195614313824747,-0.18238434910483972,0.8595314960321702
Province:Taiwan,1991,Spring,0.42653433767446025,5,1.5462941970182276,0.05239634967197648,0.2502571498148868,-0.44977119576340757,0.8382878869745712
Province:Taiwan,1991,Summer,0.3315314602800931,5,1.3086209244061406,-0.44043715348544493,1.1175194835726927,-0.7086122598945269,-0.5003080001692857
Province:Taiwan,1991,Autumn,-0.4797402630863554,5,-1.2163059778700074,1.3621269074452957,0.6931141630799531,-0.8874833786371403,0.37410078544071335
Province:Taiwan,1992,Winter,-0.49824155056144265,5,-0.7883899675205522,0.5437894690422527,0.6544339128318907,-0.7513689650101313,-1.0620932640661673
Province:Taiwan,1992,Spring,-0.39960828586327773,5,-0.759729978212402,0.2609403371312001,0.38133069355764787,-0.42513079572497825,-0.9335710118054561
Province:Taiwan,1992,Summer,-0.6178001137194038,5,-0.8776403219521641,1.5734720136234615,-0.41995529187322317,0.005727914949940258,-0.22366085609810996
Province:Taiwan,1992,Autumn,-0.46940993623521765,5,-1.160494424689065,1.9056657964195585,0.06567589681294214,0.42604390056429886,0.22739074255529446
Province:Taiwan,1993,Winter,-0.21274987932519007,5,0.2827208796772962,0.10934077943735018,-1.1363143321369065,0.8191117954779954,-0.9199269602069854
Province:Taiwan,1993,Spring,-0.3345251385475288,5,-0.5822758939716017,0.5452396120058179,-0.9848884317277559,1.1090808452348337,-0.6693026002673019
Province:Taiwan,1993,Summer,-0.4279555509321886,5,-0.11052066515488342,-0.5530472548149176,-2.4306612191368666,1.3504784544867852,-1.502121579670896
Province:Taiwan,1993,Autumn,0.022923227703576687,5,0.16919585556594924,0.02247320455461683,-1.0257177469551406,1.4452829098048443,-0.45167167534315267
Province:Taiwan,1994,Winter,0.19991782983004913,5,0.10695950449672936,-0.6494770831782216,-0.9081258902603055,1.5283803074023603,-0.37710185566676013
Province:Taiwan,1994,Spring,0.5120352844010277,5,1.334481672789133,-1.0906973252332217,-0.8143749761053671,1.6157898429457027,-0.6664174428575513
Province:Taiwan,1994,Summer,0.3390958727937211,5,-0.7537434138224784,-0.020562907849959833,0.339650658112061,1.5673809401137668,0.5216282717152966
Province:Taiwan,1994,Autumn,-0.4266181180454818,5,-0.8560289469688744,0.6547812901365448,-0.9762452908632481,1.3564181875235453,-1.002453249782287
Province:Taiwan,1995,Winter,0.32772682576956863,5,0.29851855040828784,-0.7504113428505196,-0.33711642535249897,1.3733218351412584,-0.4465011741997236
Province:Taiwan,1995,Spring,-0.15043579255751574,5,-0.27104173721364616,0.029745140044992617,-1.0403232690751825,1.466648541054491,-0.8777173575082483
Province:Taiwan,1995,Summer,0.3170018455974275,5,-0.2996219537755113,0.5427410797000667,1.5113030680902815,1.3687553320113646,-0.4526861386389304
Province:Taiwan,1995,Autumn,-0.031058861305709805,5,-0.02297088888648725,-0.26449265909997965,-0.49586102823395906,1.1301915659513473,-1.0311466144594297
Province:Taiwan,1996,Winter,0.12137606838085206,5,-0.38045583287285223,0.7818078959887769,0.658600049491526,0.9963183989617665,0.11422562231259692
Province:Taiwan,1996,Spring,-0.33554274469459616,5,-1.1794835308882312,2.8751583646993453,0.38896175240274,0.8719801685732345,1.1159862511386214
Province:Taiwan,1996,Summer,0.6497968058831829,5,0.3604361807021496,-1.28244440839729,1.0076352364978796,0.6456736892345913,-0.047205485415995944
Province:Taiwan,1996,Autumn,0.984490494847137,5,1.9874212006841532,-1.2057768872690593,1.264048238625058,0.35716715181964853,0.10803899583776568
Province:Taiwan,1997,Winter,-0.06210818003401375,5,-0.5914290300722477,-0.07690072027587394,-0.00299497177232974,0.019816769805524808,0.18716561159310996
Province:Taiwan,1997,Spring,0.21627445799506734,5,-0.14540664094073186,-1.6149745978085832,0.22234536065969385,0.16710258835304584,-0.7776436159052545
Province:Taiwan,1997,Summer,-0.33783671859942294,5,-0.976413348246511,1.7913591618864566,1.2122366848741846,0.29702471237638367,-0.4306724801147151
Province:Taiwan,1997,Autumn,-0.3069531934668847,5,0.14655571197210354,0.35425083004418684,-0.45357320747575386,0.39293180408269174,-1.2664294458692782
Province:Taiwan,1998,Winter,0.5358938542775888,5,2.5024066219235794,-0.7472376371415915,0.08432073347622851,0.6388874666121884,-1.2933831877656439
Province:Taiwan,1998,Spring,0.5460893917171651,5,3.059915584553413,-1.5620086452495232,-0.6954842589119707,0.5064811938816257,-1.7024742061867648
Province:Taiwan,1998,Summer,0.6371076650488452,5,3.3546181325048487,-1.1353711465196665,-0.5298627720091983,0.21032637753211905,-0.9849145593032093
Province:Taiwan,1998,Autumn,0.7966898512493842,5,1.1951686777381711,-1.2377061106421727,2.1640224061371716,-0.10095591096835771,-0.5124920273022368
Province:Taiwan,1999,Winter,0.80351622076538,3,1.3738714609190554,-1.4960993535148495,,,-0.4594221521377646
Province:Taiwan,1999,Spring,-0.3891763349438991,3,0.38515753802531794,0.7080779684321502,,,-0.844608574424865
Province:Taiwan,1999,Summer,-0.606825965078981,3,-1.2648888765616468,0.43516190756050144,,,-0.12042711111479468
Province:Taiwan,1999,Autumn,-0.23960225444056715,3,-0.6233674951570217,-0.25947041673384824,,,-0.354909684898528
Province:Taiwan,2000,Winter,0.3741298322183644,3,-0.2311138707416519,0.5462413904831527,,,1.8997447578798976
Province:Taiwan,2000,Spring,0.6503433238441924,3,-1.0212374359664713,-0.6590739745588131,,,2.3131934329402353
Province:Taiwan,2000,Summer,0.3743966551626115,3,0.0717490419844902,1.665446559237167,,,2.7168874827405114
Province:Taiwan,2000,Autumn,1.350024413533844,3,0.8837742239142051,-0.07243427943437608,,,3.0938647372529506
Province:Taiwan,2001,Winter,1.4953138388820608,3,0.9543918050568919,-1.5295806983156548,,,2.001969013273636
Province:Taiwan,2001,Spring,0.030335057011149986,3,-0.05607885910777831,-0.9656506940886396,,,-0.8185666639474113
Province:Taiwan,2001,Summer,0.20651047799408526,3,0.24232546551935177,-1.2290111657470066,,,-0.8518051972841028
Province:Taiwan,2001,Autumn,-1.0840397928076866,3,-1.3460669340976474,1.1537641551019822,,,-0.7522882892234299
Province:Taiwan,2002,Winter,-0.28215984677445055,3,-0.008321211853389633,-0.5636392989590611,,,-1.4017976274290231
Province:Taiwan,2002,Spring,0.7267288980452721,3,1.41346175171584,-2.000793414198801,,,-1.2340684717788246
Province:Taiwan,2002,Summer,0.22880737568754025,3,0.31790824070458207,-1.1937894494874646,,,-0.825275563129426
Province:Taiwan,2002,Autumn,-0.8409424104910461,4,-0.3074138213835846,0.2968199146679387,-1.4214904495892589,,-1.3380454563234023
Province:Taiwan,2003,Winter,-0.20403451023054386,4,0.02950528527157994,-0.7632839489336182,-0.6322475898960518,,-0.9766796852313218
Province:Taiwan,2003,Spring,-0.4083290339555451,4,-0.338311081325556,-0.8278748285962126,-1.4772275198239173,,-0.6456523632689197
Province:Taiwan,2003,Summer,0.34447481763959703,4,1.0846513882179842,-0.9859482469355489,-0.02092496078718557,,-0.6717754038079591
Province:Taiwan,2003,Autumn,0.4435047239417651,4,0.32835798535379596,-0.5889504150675167,1.5427521010605543,,-0.6860416057148065
Province:Taiwan,2004,Winter,-1.02747240167974,5,-1.3567859354268896,0.3229345486247856,-0.7082989724830923,-1.5660275928830156,-1.183314958980917
Province:Taiwan,2004,Spring,-0.5083806326408568,5,0.2386963540159276,-0.9309757417455938,-1.157793068998976,-1.6873946697299587,-0.8663875202368706
Province:Taiwan,2004,Summer,-0.18615695248271164,5,-0.26350075619142926,-0.07860925359517675,0.5205004049190585,-1.6588560296343786,0.3924623648980145
Province:Taiwan,2004,Autumn,-0.5556851286969696,5,-0.8678076133799345,1.0505357354180407,0.9458664916393876,-1.4577527813267845,-0.34819600499947606
Province:Taiwan,2005,Winter,0.3528400024055772,4,-0.07971075138920826,0.6557276743259484,2.9242778800198543,,-0.7774794446823888
Province:Taiwan,2005,Spring,0.2744503938040642,4,0.05739483878166298,0.6941321026648183,2.6466918045664594,,-0.912152965467047
Province:Taiwan,2005,Summer,0.13233853718067215,3,-0.5113905596141358,0.1980614744957862,,,1.1064676456519384
Province:Taiwan,2005,Autumn,0.4573446869047623,3,1.2261432875741982,-1.3153245726955762,,,-1.1694337995554875
Province:Taiwan,2006,Winter,-0.04619554496955595,3,0.22377996883510035,0.428728667914808,,,0.06636206417103983
Province:Taiwan,2006,Spring,0.6703810226614859,3,1.1968112877025325,-0.3077000052334579,,,0.5066317750484673
Province:Taiwan,2006,Summer,0.48745500273529796,3,1.1447428647710371,-0.4405691301938613,,,-0.12294698675900442
Province:Taiwan,2006,Autumn,0.2801010128027766,3,0.705140853420177,-1.5003114939117919,,,-1.3651493089236388
Province:Taiwan,2007,Winter,1.2732721405903773,3,1.6495690963817475,-1.3568984028939677,,,0.8133489224954163
Province:Taiwan,2007,Spring,0.28213468587667995,3,0.882251605133478,-0.8224392866755302,,,-0.8582868341789683
Province:Taiwan,2007,Summer,0.44008976477803835,3,1.2762541975592463,-0.5436086646103891,,,-0.49959356783552045
Province:Taiwan,2007,Autumn,0.5219755573337127,3,-0.36883174013152925,-0.6712268125493775,,,1.2635315995832896
Province:Taiwan,2008,Winter,0.3848561232195631,3,0.4508890532559747,0.07440671456930338,,,0.7780860309720178
Province:Taiwan,2008,Spring,0.2434376599558994,3,-0.06595626687251982,-0.805827088207868,,,-0.009557841467650019
Province:Taiwan,2008,Summer,-0.3192650691163376,3,-0.6061707088320839,-0.18144038209491417,,,-0.5330648806118432
Province:Taiwan,2008,Autumn,1.1713607189013524,3,2.721742826626917,-0.8363572906628295,,,-0.044017960585689325
Province:Taiwan,2009,Winter,0.5236748670895299,3,1.3178313756081892,-0.5809579029584185,,,-0.327764677298018
Province:Taiwan,2009,Spring,-0.079704834409977,3,-0.628046604731044,0.3692978900906,,,0.758229991591713
Province:Taiwan,2009,Summer,0.8520577098675322,3,0.5104887537705045,-1.5405842296065777,,,0.5051001462255138
Province:Taiwan,2009,Autumn,0.7138454223263384,3,1.0540702389911394,-0.9293597829354847,,,0.15810624505239093
Province:Taiwan,2010,Winter,0.16930912573224122,3,1.6907659791712584,-0.023355333103822807,,,-1.2061939350783575
Province:Taiwan,2010,Spring,0.042591438764957544,3,1.1614272103389183,1.036236111356914,,,0.002583217312868437
Province:Taiwan,2010,Summer,0.020457570648681478,3,0.5864441856760169,-0.4689744541713063,,,-0.9940459279012787
Province:Taiwan,2010,Autumn,-0.1394706918583458,3,-0.2205310445799928,0.29837560816918807,,,0.10049457717414349
Province:Taiwan,2011,Winter,-1.1504487964257832,3,-1.531814167256344,1.791421640039342,,,-0.12811058198166358
Province:Taiwan,2011,Spring,-1.2456006573763643,3,-1.392325772845391,3.043117116083625,,,0.6986409167999231
Province:Taiwan,2011,Summer,0.11663044356068554,3,0.5857567293711605,-0.14722946846656854,,,-0.38309486715567237
Province:Taiwan,2011,Autumn,0.16744043679068457,3,0.10078777149114489,-0.969054172562575,,,-0.5675206336816662
Province:Taiwan,2012,Winter,-0.19540140493796324,3,-0.8514894812779646,-0.6381985705276081,,,-0.3729133040635332
Province:Taiwan,2012,Spring,0.560905043589273,3,1.4801800199649582,-0.6964325019025134,,,-0.4938973910996525
Province:Taiwan,2012,Summer,0.0915608868855754,3,-0.32311160203183953,-0.16792027953832458,,,0.4298739831502411
Province:Taiwan,2012,Autumn,-0.5654644898665779,3,-0.3206174724338235,0.32199995688112243,,,-1.053776040284788
Province:Taiwan,2013,Winter,0.5938175162024856,3,0.736006377911472,-1.3876223980884552,,,-0.3421762273924708
Province:Taiwan,2013,Spring,-0.23286333993386657,3,0.1997248646709948,0.033644639379488576,,,-0.864670245093106
Province:Taiwan,2013,Summer,0.001315222084264193,3,0.7506391691435952,-0.30308123179241325,,,-1.0497747346832158
Province:Taiwan,2013,Autumn,-0.4500901750179853,3,-0.3679555546913873,0.5563128537806842,,,-0.4260021165818845
Province:Taiwan,2014,Winter,-0.65524949233791,3,-0.5865067547820513,0.758498811590303,,,-0.6207429106413757
Province:Taiwan,2014,Spring,-0.2887173069326299,3,0.24767165695896112,-0.11404291812466663,,,-1.2278664958815175
Province:Taiwan,2014,Summer,1.0912840029236894,3,2.482455661690569,-1.5572104304501377,,,-0.7658140833696379
Province:Taiwan,2014,Autumn,1.04882901547442,3,2.672821086668779,-1.27473755679862,,,-0.8010715970441392
Province:Taiwan,2015,Winter,-0.38751259507954877,3,-1.247580913239691,-0.0621030311074965,,,0.02294009689354793
Province:Taiwan,2015,Summer,1.2212468421530143,3,3.0066845820680004,-0.590148672198182,,,0.0669072721928604
Province:Taiwan,2015,Autumn,0.5916014634489755,3,1.926835809113579,-0.5165328193532255,,,-0.6685642381198781
Province:Taiwan,2016,Winter,0.20038851997920346,3,0.623471901504762,0.24463392544348203,,,0.22232758387633048
Province:Taiwan,2016,Spring,0.37542473767803736,3,2.4802536143398908,0.40009171778512875,,,-0.9538876835206499
Province:Taiwan,2016,Summer,1.3517545648491955,3,3.337125382773109,-1.4158445364665668,,,-0.6977062246920891
Province:Taiwan,2016,Autumn,1.6704251919846482,3,3.2077465640072513,-1.250231931527388,,,0.5532970804193044
Province:Taiwan,2017,Winter,1.4610342286155718,3,2.5664103056296286,-1.2699337010392815,,,0.5467586791778047
Province:Taiwan,2017,Spring,-0.022472267805339802,3,0.4063706431925544,-0.14700679519600984,,,-0.6207942418045836
Province:Taiwan,2017,Summer,1.1977153690182234,3,3.5703012947540387,-1.1409757352301606,,,-1.1181309229295286
Province:Taiwan,2017,Autumn,2.0036986582670164,3,4.9621253271415,-1.356194344739193,,,-0.30722369707964414
Province:Taiwan,2018,Winter,-0.5381536478842981,3,-0.40695277513635597,1.1097302757333072,,,-0.09777789278323103
Province:Taiwan,2018,Spring,1.2921880545947952,3,4.009678235658755,-0.8594275685400563,,,-0.9925416404144253
Province:Taiwan,2018,Summer,0.41180491446625694,3,1.7984026687075223,0.3013425850397345,,,-0.26164534026901703
Province:Taiwan,2018,Autumn,-0.07415490689811022,3,-0.10790926409427923,-0.518888627031147,,,-0.6334440836311984
Province:Taiwan,2019,Winter,1.9718651975247103,3,4.293738677013791,-2.191959790472168,,,-0.5701028749118281
Province:Taiwan,2019,Spring,0.3821938667901726,3,0.8803939726080839,-0.9672424883501429,,,-0.7010548605877089
Province:Taiwan,2019,Summer,1.0578323425551919,3,3.2237119228816327,-0.7918457918420759,,,-0.842060687058133
Province:Taiwan,2019,Autumn,0.0851832509800261,3,-0.2557519477247179,-1.2855765846054763,,,-0.7742748839406801
Province:Taiwan,2020,Winter,0.32660235035889196,4,2.124764893313398,-0.5136404016506555,-0.6016779404853726,,-0.7303179530431128
Province:Taiwan,2020,Spring,0.5988363724144277,4,1.5525985463595098,-0.8806473962814249,1.0796481855499098,,-1.1175486385331337
Province:Taiwan,2020,Summer,0.6163251800642668,4,5.976747254165561,-1.7809959224357927,-3.379588884472096,,-1.9128535718721904
Province:Taiwan,2020,Autumn,0.43597610423618355,4,2.5482472505315985,-1.5388128281819462,-2.1658333005961157,,-0.17732236117269537
Province:Taiwan,2021,Winter,0.773713582420749,4,0.11570435594018791,0.12322469768925547,-2.00808665221799,,5.110461323650053
Province:Taiwan,2021,Spring,1.5495647368303846,4,3.5364321971069,-1.4164223754355796,-3.1991579792908587,,4.444562354069918
Province:Taiwan,2021,Summer,1.8597989699364392,4,1.3245600196839187,-0.4921316378919674,-1.5253498215335994,,7.147854043703471
Province:Taiwan,2021,Autumn,2.743569314810218,3,2.5954948295342373,-0.9280189848325291,,,4.707194130063887
Province:Taiwan,2022,Winter,2.159901245623302,3,-0.5401774954955989,-1.2256402359894691,,,5.794240996376036
Province:Taiwan,2022,Spring,0.5613668538804311,4,0.526917324946206,0.4737267863058698,-3.731412056832846,,5.923688933714234
Province:Taiwan,2022,Summer,1.647048032828481,3,2.8068972834791674,-1.761400083531191,,,0.3728467314750839
Province:Taiwan,2022,Autumn,1.1611619381462701,4,1.8996801738594127,-0.5690240460758624,-2.4859416048329344,,4.66188513748274
Province:Taiwan,2023,Winter,0.958529481113533,4,0.10927990496595498,0.08908850938707215,-2.1016429771661826,,5.9155695060414315
Province:Taiwan,2023,Spring,0.3377688954434752,4,0.11602095241363922,-0.5429997964402679,-3.7004837768431895,,4.392538609763183
Province:Taiwan,2023,Summer,1.2589544092732052,4,2.1959295055028205,-1.3317767282795399,-3.681947331991762,,5.190058735302222
Province:Taiwan,2023,Autumn,0.5845459665008306,4,1.7569925393565573,-0.6457854120599686,-2.5383501515149676,,2.473756066101764
Province:Taiwan,2024,Winter,1.2028740516896796,4,2.2198025905184307,-0.9430823577536347,-2.0999154225745515,,3.748526681061205
Province:Taiwan,2024,Spring,1.3034546480071998,4,2.849967033420629,-0.7521940965228103,-3.5793830210105555,,5.191040483095915
Province:Taiwan,2024,Summer,1.5786761062030745,4,4.694360607055774,-1.3641551053779937,-3.9907383928171654,,4.246927105195696
Province:Taiwan,2024,Autumn,2.3135165902174832,4,4.750907488728926,-1.6027046202343767,-2.1239543003740957,,5.024408552280725
Province:Taiwan,2025,Winter,0.9453760376240881,4,-1.5150301644155006,0.08144053186624853,-2.196696808594193,,7.574671655372295
Province:Taiwan,2025,Spring,0.9162716549652309,4,2.4190436669340745,0.97151573719301,-3.830266476282412,,6.047825166402271
Province:Taiwan,2025,Summer,2.150160915329875,3,1.6398634407686634,-0.2554219756378694,,,4.555197329583092
Province:Jilin,1981,Spring,1.0044610714648856,4,0.07790577812458832,0.033514549806039004,2.6684384529773157,,1.3050146045636775
Province:Jilin,1981,Summer,0.16149348502701766,4,-0.024117331576006415,1.0741764260774154,-0.09869784551281052,,1.8429655432743028
Province:Jilin,1981,Autumn,-0.012588833568285773,4,-1.1153556861897147,3.040853147550321,2.4922142522301365,,1.613639247236756
Province:Jilin,1982,Winter,-0.204026321493177,4,-0.5873127457179903,-0.2686511882535028,,-1.8765088663036942,1.3790651377954735
Province:Jilin,1982,Spring,-0.29692738405801566,5,0.09371009106668284,0.21282699849282924,-0.2378047806034694,-2.038341694776954,0.9106264625164917
Province:Jilin,1982,Summer,0.09273032248000437,5,0.6456606920263759,0.7882616176701285,-0.4628752030559882,-1.858749096059501,2.9278768371592636
Province:Jilin,1982,Autumn,-0.1267084920949176,5,0.11291068588779489,0.7321204528458818,-0.8744079062687364,-1.4157429899255967,2.275818202677832
Province:Jilin,1983,Winter,-0.23572823819786018,5,-0.14424643657418637,1.011744197439944,0.1212096846326922,-1.1361717138354603,0.9923114722275976
Province:Jilin,1983,Spring,0.9421163356803859,5,0.5183131341749178,-0.3676227426666218,1.250197158832069,-1.1239594171562723,3.698408059884594
Province:Jilin,1983,Summer,-0.6791386277433054,5,-0.9142748860837855,1.6618252232526387,-0.7611899675108985,-0.8876009130185741,0.8291978511493705
Province:Jilin,1983,Autumn,0.04138657648527098,5,-0.5043894569881099,-0.40029772918555706,-0.06295579560172063,-0.546565641420957,0.9205460472515853
Province:Jilin,1984,Winter,-0.7606361390163048,5,-1.4846584205648616,0.43551816906539415,-1.7102862870717883,-0.21897912611702405,0.04626130773754397
Province:Jilin,1984,Spring,-0.7584777611195813,5,-1.5290491710799798,0.9819785298581521,-0.9582225627021165,0.03908648234890746,-0.36222502430656583
Province:Jilin,1984,Summer,0.16660303730241982,5,-0.27070901719423185,-0.1280522427146248,-1.3545591760246218,0.37653790989147173,1.9536932271248562
Province:Jilin,1984,Autumn,0.005581103635421636,5,-0.7487053906389799,0.34764810845349836,-1.1603911370201652,0.6082263865019145,1.6764237677878369
Province:Jilin,1985,Winter,-0.3735722985316603,5,-0.8924075505204404,1.096857931291503,-0.09036437165086665,-0.05002272698381112,0.2617910877883196
Province:Jilin,1985,Spring,-0.3749033198422418,5,-0.6382397965580124,0.33560584185191483,-0.6486712291785309,-0.5929148004953723,0.34091506887262124
Province:Jilin,1985,Summer,-0.37647850614913897,5,-0.9558713590813724,-0.5960676698473304,-1.0189360013059088,-1.163208940844439,0.6595561006386951
Province:Jilin,1985,Autumn,-0.7348550443458202,5,-1.0286953617967547,0.07396522513297332,-1.399187108501132,-1.47296371681179,0.3005361905135493
Province:Jilin,1986,Winter,-1.1306753682785362,5,-1.2632469690733628,1.7185729835947048,-1.4750186862081358,-1.252769482192161,0.05623127967568417
Province:Jilin,1986,Spring,-0.42971793129966346,5,-0.7994047461583642,0.18796811235493308,-0.7930323713898852,-0.7345419911403038,0.3663575645451693
Province:Jilin,1986,Summer,-0.4092188661755857,5,-1.2684287573958763,1.2037556372197258,0.6150033411755883,-0.19490695649940104,0.005993679061485987
Province:Jilin,1986,Autumn,-0.17476404888433295,5,-1.741222315703057,0.4218457739285204,0.21554077717386458,0.2993462228999577,0.7743608451360906
Province:Jilin,1987,Winter,0.07762131169931266,5,-0.01851798889880547,0.7476154839842071,-0.8191683320098166,0.5994750323744467,1.3739333310149457
Province:Jilin,1987,Spring,-0.4306910115624323,5,-0.7759878701480856,2.155344884071438,-1.1605022769137328,0.32333671280408566,1.6150432605170093
Province:Jilin,1987,Summer,-0.5751193842402655,5,-1.1126861558878447,0.9699665340732433,-0.9906066009430465,-0.015930374212011,0.21359274391481733
Province:Jilin,1987,Autumn,0.1385309851478302,5,-0.35748775476158023,0.6251307036773569,0.08224433957278839,-0.30516761361244327,1.898196658217743
Province:Jilin,1988,Winter,0.8216708503420479,5,0.4255987687538025,-0.30776810677167765,0.8177629103095962,-0.23438081223608886,2.7916052781112524
Province:Jilin,1988,Spring,-0.3967205672531737,5,-0.993954700178125,1.6871605742206757,-0.9356483408502831,0.2912985692769593,1.3418622097062562
Province:Jilin,1988,Summer,0.2600261274599709,5,0.33673150369645033,-0.3386973626903433,-0.8398399617880424,0.9036042801939288,0.5609374525071746
Province:Jilin,1988,Autumn,0.36049048066817885,5,-1.0211449008950588,-1.1927644172996896,-0.8190528268260315,1.2897876796640573,1.1600980340982376
Province:Jilin,1989,Winter,0.5932383943096984,5,1.0595084874515854,-1.093413576063828,-0.6562160156972336,1.2914553398294601,0.1780305839008517
Province:Jilin,1989,Spring,0.32277359993124966,5,-0.19783321936518475,-1.1338978570142657,-0.8422582577418273,1.546300554726638,-0.02623893497764346
Province:Jilin,1989,Summer,-0.37295135689299186,5,-0.7291377904416569,1.9103935568997177,-1.087050640052052,1.2398225029506498,0.6220026999778179
Province:Jilin,1989,Autumn,0.006510224134712028,5,-1.0096252727024808,0.18757765010896532,-0.3112492469076601,0.7838110217548967,0.7571922686377699
Province:Jilin,1990,Winter,0.38397490114954813,5,0.5236117883761472,0.3377100243155107,0.5312840490255268,0.47322222725871255,0.7294664654028649
Province:Jilin,1990,Spring,0.2532380829659712,5,0.5006186665001728,-0.5986906566009487,0.22970866556541283,-0.24042484718753113,0.17759727335085307
Province:Jilin,1990,Summer,-0.16136310272499949,5,-0.9811536611556166,-0.5565104399113974,-0.26144803019490065,-1.0044188694468639,0.8836946072609865
Province:Jilin,1990,Autumn,0.14977881888181754,5,1.9197645739959428,-0.454937504606135,-0.2798943272260206,-1.5053753986836105,0.159461741716641
Province:Jilin,1991,Winter,-0.028512180850198555,5,-0.14721917857544803,-0.23592739551489386,0.1134411799446496,-1.6511026800265445,1.3063923788914562
Province:Jilin,1991,Spring,-0.2843493347909267,5,-0.8767290735978464,0.18751560685491186,0.5832385752581262,-1.2830125764580578,0.3422720076980562
Province:Jilin,1991,Summer,0.08221173356799763,5,-0.5675596986096663,0.025844640315991523,1.179069646766249,-0.6097828416169462,0.4351762016163432
Province:Jilin,1991,Autumn,-0.07655930738363018,5,-0.5549082761969869,-0.4633216328053536,-0.16508068036587847,0.06375176896475634,-0.1898809821253954
Province:Jilin,1992,Winter,0.24522095165663801,5,0.4258285587706495,-0.9465266785520839,-0.6301562957928026,0.44392136834172735,0.03998444841153193
Province:Jilin,1992,Spring,-0.19419456826730977,5,-0.6861361286178808,-0.49875823753230974,-0.5732510334552771,0.1429349135795868,-0.35327883037528746
Province:Jilin,1992,Summer,-0.5791922928537095,5,-0.6011183146547482,2.4455203059059483,0.8663672794981888,-0.19633109495599238,-0.5193590282500481
Province:Jilin,1992,Autumn,0.009824775732869401,5,-0.9644537400195144,0.7089965160442436,2.400486163734164,-0.45755854821124414,-0.22035348079481468
Province:Jilin,1993,Winter,0.18613841793077895,5,-0.13917322831034443,-0.93031272481776,0.2878451641118269,-0.4580606791052542,0.3097681081399064
Province:Jilin,1993,Spring,0.1887753567741574,5,-0.41491531734158715,-0.47219726102001575,1.5413364839351391,-0.2269148502012234,-0.4278267935415571
Province:Jilin,1993,Summer,-0.37684327668669637,5,-1.2900726269232357,0.22380159119587228,-0.1351975889087327,0.12200882298745724,-0.3571533993930982
Province:Jilin,1993,Autumn,0.13794496199997108,5,-0.7582716146709937,0.4138412493505049,1.3703808143286837,0.4030793961745737,0.08837746351809649
Province:Jilin,1994,Winter,0.01678767106712792,5,-0.7596439759279278,-0.31954702461745244,0.26580118633585265,0.6114448639301123,-0.35321074361985005
Province:Jilin,1994,Spring,0.06821885936739248,5,-0.24219150624287447,-0.24674882212573118,-0.5819809004254486,0.40440118385353535,0.514116697526019
Province:Jilin,1994,Summer,1.1537554559962042,5,2.1980939603001626,-1.6709518863163488,2.2338205311382833,0.1335056819703399,-0.467594779744115
Province:Jilin,1994,Autumn,0.2751591201688303,5,-0.19121622002981645,-1.386122083270581,0.38904796710043454,-0.12014522036919371,-0.08801300912785368
Province:Jilin,1995,Winter,0.05388944152736428,5,-0.05163679748134383,-0.7134312645645875,0.5267275634881873,-0.01038648550165657,-0.908688337432953
Province:Jilin,1995,Spring,-0.38426742181929274,5,-0.5715563964362541,1.3838374592530513,-0.008213623510204982,0.5300387607745944,-0.48776839067154765
Province:Jilin,1995,Summer,0.25726970685020284,5,-0.8443970046484045,0.3354076522750734,2.167819806266641,1.1149223884680608,-0.8165890035602097
Province:Jilin,1995,Autumn,0.3919707554157351,5,0.09210758310672208,-0.483626008971647,-0.36586038533868753,1.444718509324658,0.3052620610143362
Province:Jilin,1996,Winter,0.20425695686348613,5,-0.5016313665100751,-0.9546087931162606,-1.8239692621230266,1.8091827761062942,0.5830938437279776
Province:Jilin,1996,Spring,0.10937723884335715,5,0.00011761159520944054,0.7786025079712704,-0.3397146307480047,1.9205705931275154,-0.25548487178666407
Province:Jilin,1996,Summer,0.18192158944548442,5,-0.6549942935061178,0.22107125655886856,0.47307940067326026,1.7790213607493672,-0.46642726413021895
Province:Jilin,1996,Autumn,-0.2697413574331776,5,-0.9544628978913622,0.5950625086531885,-0.6769847911174424,1.3811043791444084,-0.5033009686483031
Province:Jilin,1997,Winter,0.33490541769740645,5,-0.25471235246517504,-0.6710127428210182,0.5481492747841986,0.9422707494589802,-0.23219332611198976
Province:Jilin,1997,Spring,0.23940600271588974,5,-0.13151630441468826,-0.2632848299874412,-0.015610009184373665,1.1595049972492981,-0.07863350005822874
Province:Jilin,1997,Summer,0.9141172924154471,5,2.0272993287344976,-0.8989606326307508,0.1846499759596879,1.266613124904931,0.19306339984736776
Province:Jilin,1997,Autumn,0.0203467036276626,5,-0.3365223492981941,1.0140203712810418,0.14778202732540807,1.162054199413102,0.142440011979039
Province:Jilin,1998,Winter,0.5820062912501982,5,1.6652922608571241,-0.5830562128017154,0.17783591457248812,1.176167105266004,-0.6923200372463402
Province:Jilin,1998,Spring,1.113859920257965,5,3.2814860495298546,-0.8508953693634577,1.1197626408659653,0.9027099020734454,-0.5855543605428974
Province:Jilin,1998,Summer,0.1164737765950707,5,-0.8080701644652462,-0.6711503649486451,0.4425910172896425,0.47241614275786525,-0.1957184775555531
Province:Jilin,1998,Autumn,0.0347043018663503,5,1.2347165024319617,-0.21482731202400263,-0.4177027607950104,0.029091572090322357,-0.8874111164195249
Province:Jilin,1999,Winter,0.9130473377513689,3,1.490273557781872,-0.3998313132991471,,,0.8490371421730877
Province:Jilin,1999,Spring,-0.7313881305086868,3,-0.28924864832314384,1.0938768893750157,,,-0.8110388538279008
Province:Jilin,1999,Summer,0.48546686345906376,3,1.027646457736616,-0.44260049440915594,,,-0.013846361768580694
Province:Jilin,1999,Autumn,0.3059825682079081,3,1.3302502373476266,0.5218770197145537,,,0.1095744869906514
Province:Jilin,2000,Winter,-1.1105585401443223,3,-1.1624210724089474,0.8186322924285565,,,-1.3506222555954632
Province:Jilin,2000,Spring,0.08239678583259412,3,-0.541611691100704,-1.0357272595348068,,,-0.24692521093632053
Province:Jilin,2000,Summer,1.2370105040639445,3,2.4308812555705748,-1.2812198736295746,,,-0.001069617008315908
Province:Jilin,2000,Autumn,-0.3277970767880958,3,-0.2267914376013282,0.22690639422290965,,,-0.5296933985400495
Province:Jilin,2001,Winter,-1.8221817649768888,3,-1.261964093814212,3.092875000920026,,,-1.1117062001964277
Province:Jilin,2001,Spring,0.5973700314972437,3,0.6157535189893837,-0.6876306285948915,,,0.48872594690745563
Province:Jilin,2001,Summer,0.3249664193389025,3,0.5085639009151235,-1.2851745455519799,,,-0.8188391884503957
Province:Jilin,2001,Autumn,0.5648570157017735,3,1.4873836736405763,-0.9298875006591742,,,-0.7227001271944303
Province:Jilin,2002,Winter,0.9472043231377257,3,1.6062592236592672,-1.1111655835399377,,,0.12418816221397264
Province:Jilin,2002,Spring,1.0143078660923106,3,2.0615219697465585,-1.514255298230632,,,-0.5328536697002589
Province:Jilin,2002,Summer,-0.2395706260816468,3,0.18659769281664876,0.23348937266938047,,,-0.6718201983922087
Province:Jilin,2002,Autumn,-1.2709761945796256,4,-0.872307025907683,2.0866471167207843,-1.0456513937114311,,-1.0792992419786038
Province:Jilin,2003,Winter,-0.14590261189913545,4,-0.09612693368717762,-0.05724371629166994,0.3670271746700138,,-0.9117544048710479
Province:Jilin,2003,Spring,-0.04921241124135836,4,0.4725504868570455,-1.2295658163014203,-0.853337653757107,,-1.045628294366792
Province:Jilin,2003,Summer,-0.4859478468712931,4,-0.47866474118765956,0.18976161203597877,-0.7223332078234219,,-0.5530318264381121
Province:Jilin,2003,Autumn,0.04976170829851817,4,-0.17921120018537395,-1.0824034798384725,0.2561495761621678,,-0.9602950226211937
Province:Jilin,2004,Winter,0.556477238504451,5,0.6691177030525994,-0.9555531841076293,2.512866002004567,-0.45875689026405514,-0.8963938063784859
Province:Jilin,2004,Spring,-0.36694302315823896,5,0.19287011544961802,-0.08565665178267276,-0.6366452190381614,-1.0200724923988362,-0.4565241715864879
Province:Jilin,2004,Summer,-0.5861026099744862,5,0.42197212939390194,0.13001071137944478,-0.4296667756471128,-1.4775231282203578,-1.315284564019417
Province:Jilin,2004,Autumn,0.02942720247968276,5,1.7663663392053794,-1.434904910984623,0.22457244205226884,-1.6414520068977978,-1.6372556729460594
Province:Jilin,2005,Winter,-0.6266571741634281,4,-0.7251543401829323,0.9731354263220034,0.9352291466740725,,-1.7435680768228492
Province:Jilin,2005,Spring,0.03067749802160999,4,-0.5879849284715942,-0.3489498214446101,1.1922109120643896,,-0.8304658129509656
Province:Jilin,2005,Summer,0.07913259836263624,3,0.2958277091455993,-1.2843966670815428,,,-1.3428265811392335
Province:Jilin,2005,Autumn,0.6280557086695057,3,1.3135601165494248,-1.2869074243493575,,,-0.7163004148902652
Province:Jilin,2006,Winter,-0.6913482783474487,3,-0.8879649114137107,0.7242570264153633,,,-0.46182289721327213
Province:Jilin,2006,Spring,-0.3282435047581918,3,-0.01965086685403623,0.16864506757743983,,,-0.7964345798430994
Province:Jilin,2006,Summer,-0.0742667164374868,3,0.06475598658015223,-0.5020442198548527,,,-0.7896003557474653
Province:Jilin,2006,Autumn,0.2731588741364765,3,1.042107356040024,-0.8726523283116122,,,-1.095283061942207
Province:Jilin,2007,Winter,0.926180596503786,3,2.590364479972181,-1.1558067980393818,,,-0.967629488500205
Province:Jilin,2007,Spring,-0.23239736012261533,3,-0.5109497621435674,-0.7887550025766782,,,-0.9749973208009568
Province:Jilin,2007,Summer,0.48246905303911497,3,0.7424301690222918,-0.7102590307513895,,,-0.0052820406563362675
Province:Jilin,2007,Autumn,-0.02644565276077948,3,0.2355047921042328,-0.8794211534744517,,,-1.194262903861023
Province:Jilin,2008,Winter,-0.361806362941606,3,-0.7285694488579101,-1.0293126989814145,,,-1.3861623389483224
Province:Jilin,2008,Spring,0.5725499295493575,3,1.8864289333727082,-1.0266796974695511,,,-1.1954588421941872
Province:Jilin,2008,Summer,-0.08591929975028312,3,0.06655098893119292,-0.673737099192648,,,-0.9980459873746903
Province:Jilin,2008,Autumn,0.6193592699268601,3,1.2749107418015948,-0.7991818738295494,,,-0.21601480585056396
Province:Jilin,2009,Winter,0.6667479176239919,3,1.2195961774165693,-0.22420491779784868,,,0.5564426576575577
Province:Jilin,2009,Spring,0.2886440550787571,3,1.1555572200640039,-0.6750561252896393,,,-0.9646811801173717
Province:Jilin,2009,Summer,-0.48059929297277365,3,-0.6632084104622527,0.777068946247611,,,-0.0015205222084573677
Province:Jilin,2009,Autumn,-0.7231903799442989,3,-0.26742267562578426,0.7818147023440049,,,-1.1203337618631077
Province:Jilin,2010,Winter,-0.7102764504047882,3,-0.568843195106941,1.000455384174596,,,-0.5615307719328273
Province:Jilin,2010,Spring,-1.445429672596769,3,-1.0498734484388141,2.617495055848021,,,-0.6689205135034715
Province:Jilin,2010,Summer,0.18941461498485737,3,1.2114524384041419,-1.1505325542464533,,,-1.793741147696023
Province:Jilin,2010,Autumn,-0.03395550085423967,3,1.0226109749914962,0.10294841958144912,,,-1.021529057972766
Province:Jilin,2011,Winter,-1.0011401839186396,3,-0.42860754652882643,1.3077118610125227,,,-1.2671011442145694
Province:Jilin,2011,Spring,-0.4539712875423098,3,-0.4825726265520666,-0.24851235890351617,,,-1.127853594978379
Province:Jilin,2011,Summer,-0.04009705707148722,3,0.4249185628323732,-0.9057966524206107,,,-1.4510063864674456
Province:Jilin,2011,Autumn,-0.18025352614352183,3,0.7315737291760375,0.21035939156967973,,,-1.0619749160369232
Province:Jilin,2012,Winter,-1.001526278414191,3,-1.5991597222191407,0.2964120376770925,,,-1.1090070753463397
Province:Jilin,2012,Spring,-0.6460284433184857,3,-0.43814924385919907,0.4742934368471242,,,-1.025642649249134
Province:Jilin,2012,Summer,-0.5381461535394022,3,-0.3079003939027332,-0.088137430872439,,,-1.3946754975879123
Province:Jilin,2012,Autumn,-0.06221816544934777,3,-0.16287752594132873,-1.1463534998850875,,,-1.170130470291802
Province:Jilin,2013,Winter,-1.5939330740503903,3,-0.9313817489412717,2.7283336404909,,,-1.1220838327189993
Province:Jilin,2013,Spring,-0.7475275559331505,3,0.1096773131599693,1.8584106155945312,,,-0.4938493653648894
Province:Jilin,2013,Summer,0.12093994392167344,3,0.03495929957972856,-1.0786448809852853,,,-0.7507843487999936
Province:Jilin,2013,Autumn,0.23191974034376447,3,0.3607144400224882,-0.5113227238541801,,,-0.17627794284537487
Province:Jilin,2014,Winter,0.3609721301059359,3,0.1713872812003996,-0.6729830315031169,,,0.2385460776142912
Province:Jilin,2014,Spring,0.43909943066399365,3,1.5893449854307096,-1.0791070023443359,,,-1.3511536957830645
Province:Jilin,2014,Summer,0.07845847212905337,3,0.24298831923568162,-0.47106506028730283,,,-0.47867796313582434
Province:Jilin,2014,Autumn,0.5148797082226361,3,1.1696619879284256,-0.3637922897780552,,,0.011184846961427308
Province:Jilin,2015,Winter,0.28701001116976427,3,0.23363353718555813,-0.2711331961652119,,,0.3562633001585228
Province:Jilin,2015,Summer,-0.25553812008211385,3,-0.1361836256372526,-0.22961725338873737,,,-0.8600479879978263
Province:Jilin,2015,Autumn,0.3769489064358562,3,1.190386969342661,-0.2719053801038226,,,-0.33144563013891476
Province:Jilin,2016,Winter,-0.33384667573369015,3,-0.4312223459670597,0.09256889519683915,,,-0.4777487860371716
Province:Jilin,2016,Spring,0.6638891108920892,3,0.81333563328949,-1.0600383513909326,,,0.11829334799584529
Province:Jilin,2016,Summer,0.10729583689198463,3,0.5501598210040555,-0.5556360444184476,,,-0.7839083547465492
Province:Jilin,2016,Autumn,-0.2384930913439868,3,0.21898696697428868,0.6493912094943614,,,-0.2850750315118878
Province:Jilin,2017,Winter,0.6646314300026805,3,1.0760507893955034,-0.7782405014394083,,,0.1396029991731301
Province:Jilin,2017,Spring,0.7513527158109098,3,1.353031783329693,-1.104986195588505,,,-0.20395983148546884
Province:Jilin,2017,Summer,0.47328350525985413,3,1.4191594652937727,0.387919754393298,,,0.3886108048790876
Province:Jilin,2017,Autumn,0.3366856017866633,3,0.1252326407296298,0.45749795638046964,,,1.3423221210108298
Province:Jilin,2018,Winter,-0.6473336075474373,3,-1.0325069011373387,1.0111132377988967,,,0.10161931629392389
Province:Jilin,2018,Spring,0.65461791520411,3,1.999572328504297,-0.4074643426693164,,,-0.4431829255612834
Province:Jilin,2018,Summer,1.2197359124558085,3,2.141102452265188,-1.2181175489388452,,,0.2999877361633926
Province:Jilin,2018,Autumn,0.21786263512353346,3,0.10451747893823729,-0.9332601157380879,,,-0.3841896893057248
Province:Jilin,2019,Winter,1.2548948577880739,3,2.524306524954936,-0.4379322936791796,,,0.8024457547301057
Province:Jilin,2019,Spring,0.9078459017724803,3,2.2617503633216365,-0.37788917731780275,,,0.0838981646780014
Province:Jilin,2019,Summer,0.21082004253536227,3,0.22898757884414536,-0.6860613855911207,,,-0.2825888368291792
Province:Jilin,2019,Autumn,0.8995106516983876,3,1.8413578946387983,-0.7161354517990887,,,0.14103860865727608
Province:Jilin,2020,Winter,2.8746816409634492,4,0.9047361136750027,-0.2777816583806167,11.362572391298283,,-1.046363599500106
Province:Jilin,2020,Spring,0.5252173217165427,4,0.4186298330181509,0.34393743925176096,2.768159026314,,-0.7419821332142195
Province:Jilin,2020,Summer,1.1729754177331204,4,1.081695811478015,-0.916093397292835,2.823640402813403,,-0.12952794065177073
Province:Jilin,2020,Autumn,3.5729089504525415,4,0.5403679107814936,-1.0592864646813072,11.963974737524666,,0.7280066888226999
Province:Jilin,2021,Winter,1.3939350007608007,4,0.4536473387058575,0.24680189471695183,4.697693131035525,,0.6712014280187725
Province:Jilin,2021,Spring,1.0506686649858223,4,2.0914338837400113,-0.40119341068430214,2.302204980638589,,-0.5921576151196133
Province:Jilin,2021,Summer,1.346627596551373,4,1.083186459252217,-1.0081351912319851,3.536630697646749,,-0.24144196192545928
Province:Jilin,2021,Autumn,0.4362129201934118,3,1.1490449109934868,-0.8826695463345944,,,-0.7230756967478458
Province:Jilin,2022,Winter,-0.29796670612320314,3,-0.2968593206579379,-0.10609431252218626,,,-0.7031351102338577
Province:Jilin,2022,Spring,1.311185232562257,4,1.535577839830888,-0.47091217743079483,3.2167437858435313,,0.021507127143814017
Province:Jilin,2022,Summer,1.519741768101748,4,0.42014584300670393,-0.04463074323610437,6.368893379375077,,-0.7547028932108937
Province:Jilin,2022,Autumn,1.805319186134014,4,2.205652815179716,0.04300493312288665,4.993336925430489,,0.06529193704873829
Province:Jilin,2023,Winter,0.5249944755002904,5,-0.10381644319072586,-0.16247011462702968,5.8433430015068435,-3.4629310114374436,0.1859067159957486
Province:Jilin,2023,Spring,0.42054986570125086,5,2.413659755969192,-1.2404436908408691,2.2128144035256954,-3.5151927341968965,-0.2489757876326057
Province:Jilin,2023,Summer,0.8295310190097979,5,1.042808957436822,-1.264149254632298,5.179115456758619,-2.9661784062712364,-0.3722401675075135
Province:Jilin,2023,Autumn,1.1969385015540353,5,2.2561568426477865,-0.627326952225352,5.428396895415862,-2.0335954765164,-0.29359270600242404
Province:Jilin,2024,Winter,1.1009139483477177,5,0.8353931300867132,0.2371437607489046,4.700035420240446,-0.2953953759813169,0.5016803281416518
Province:Jilin,2024,Spring,0.9482581967191954,5,1.5926058215149246,-0.6414046762170076,3.879342718425492,-0.3627392047141264,-1.0093230278473215
Province:Jilin,2024,Summer,1.4223471385353454,5,2.253300232203199,-1.665169083505814,5.113732874148655,-1.1452933099869014,-0.7751731871940406
Province:Jilin,2024,Autumn,0.7340474001350271,5,2.7798220793978965,-1.376180897566614,1.6438870508348316,-1.640336233416863,-0.4893167937073429
Province:Jilin,2025,Winter,0.5086625596037466,4,0.8761618991268623,-0.5657898630260815,0.11307498595146272,,0.4796234903105797
Province:Jilin,2025,Spring,1.339316212592964,4,1.2927203880552576,-0.5160099139547629,4.565707521748741,,-1.0171729733869048
Province:Jilin,2025,Summer,3.0409025826162277,4,2.8170145332077015,-1.8327458088162374,7.924354125652096,,-0.41050413721112455
Province:Sichuan,1981,Spring,1.186708630102543,4,-0.6837538358730125,-0.016505253632507443,4.456836071812727,,0.9572470308379488
Province:Sichuan,1981,Summer,1.448680083755839,4,0.3948298631222461,-1.2907809944637805,2.8693931066128426,,1.239716370824486
Province:Sichuan,1981,Autumn,1.3604535221408223,4,-0.011480426733115858,1.598578202208092,3.8105850951864313,,3.2412876223180653
Province:Sichuan,1982,Winter,-0.682927957033481,4,-0.5572766170991708,0.4431959814684497,,-2.5072385328113347,0.7759993032450312
Province:Sichuan,1982,Spring,-0.6283414858701722,5,-0.7650631943787541,1.2326892954132935,-0.4818716399140823,-2.671726483553625,2.0096431839088935
Province:Sichuan,1982,Summer,-1.1346901379791212,5,-0.8431497462731293,2.002621521805463,-1.3522586688716451,-2.534033677873789,1.0586129249284204
Province:Sichuan,1982,Autumn,-0.386173020887074,5,-0.8183093297984572,0.6865258606539708,0.25140095605052754,-1.9056891550309478,1.2282582849974784
Province:Sichuan,1983,Winter,-0.9436732574247468,5,-2.0282637052283605,3.064163282088727,0.5114240362571747,-0.9948102033744409,0.8574468673106193
Province:Sichuan,1983,Spring,-0.31085160882527285,5,-0.8401764017435321,1.3154835528800997,-0.09387406523964167,-0.8027669734988425,1.4980429492357517
Province:Sichuan,1983,Summer,0.23426887236409585,5,-0.4531402995333864,1.1499221422401662,1.0084309637184417,-0.39661787375394936,2.1625937136295397
Province:Sichuan,1983,Autumn,0.5446398872369829,5,-0.03358682257192998,-0.9507009047792946,0.7654930362679283,0.09814859832512092,0.9424437193845003
Province:Sichuan,1984,Winter,0.2870186162742616,5,-0.167226367158544,1.3760607681404948,-0.3475851541165804,0.7857555433443255,2.540209827442602
Province:Sichuan,1984,Spring,0.4109664365355801,5,-0.9028388007507212,-1.0265352957636398,-0.14122243524242967,1.3808699932950743,0.6914881296123375
Province:Sichuan,1984,Summer,0.702865505836567,5,-0.864510501285525,-0.12206175537779396,0.7525028071500435,1.9939421609208514,1.5103313070196713
Province:Sichuan,1984,Autumn,0.5074523453012267,5,-0.5748987394878546,0.06470855671986431,-0.5841471817620563,2.243113690114417,1.5179025143614917
Province:Sichuan,1985,Winter,0.3314575142163585,5,-0.38521483507782023,0.614115935106454,-0.49589202788378894,1.8893552820406998,1.263155087109156
Province:Sichuan,1985,Spring,0.1311093062773419,5,-0.8183813851324305,0.855317702168277,-0.26866872768409056,1.6302926453268096,0.9676217010446982
Province:Sichuan,1985,Summer,0.23669797973612444,5,-0.928211214499747,-0.22559077538848268,0.3520522089981771,1.0002048256309062,0.5338533031628033
Province:Sichuan,1985,Autumn,-0.29712085284894263,5,-0.6800143011938454,1.827939571327725,-0.33856502837127084,0.15875466382300987,1.2021599728251182
Province:Sichuan,1986,Winter,0.2187117785328429,5,-1.3398424007124212,0.10730144512195611,1.464373929151531,-0.04645390618416996,1.1227827155312309
Province:Sichuan,1986,Spring,-0.04613200813034322,5,-0.6296566256763954,0.903670550804388,-0.30882155735238415,0.2492344155684559,1.3622542776129956
Province:Sichuan,1986,Summer,-0.17122906233196078,5,-0.7111480133720898,0.9201002717770932,-1.4313780201471715,0.6276619686701816,1.5788190249663687
Province:Sichuan,1986,Autumn,-0.5507313495954905,5,-1.890766559590778,1.5554259696916606,-0.5688230009223189,0.8972396444657336,0.36411913776157134
Province:Sichuan,1987,Winter,0.551353207520727,5,1.4122648359127137,-1.233223730452531,-1.5511192058698267,0.9401177073942448,0.7222789697139721
Province:Sichuan,1987,Spring,0.6298478001669006,5,0.09291596281813985,-0.39038005242453594,-0.6084155742344229,0.9556897872711057,2.318668772555144
Province:Sichuan,1987,Summer,-0.029807634595813592,5,-0.3744482006845281,1.2049118268088024,-0.33825655858353554,0.8233751149412158,0.9452032981565823
Province:Sichuan,1987,Autumn,0.3216340378590181,5,0.28167799337900157,0.46136112696017506,-0.09257829675827751,0.5289426217938917,1.35148899784065
Province:Sichuan,1988,Winter,0.30645564409307563,5,-0.049646338539592716,0.3417114958961601,-0.14765446981123753,0.48680295986224,1.5844875648501286
Province:Sichuan,1988,Spring,-0.10683929053673254,5,-0.12282810971981399,1.8042125460067187,-0.45096763725713845,0.8154051691113523,1.0284066711886561
Province:Sichuan,1988,Summer,0.641306576506263,5,0.14763125336098007,-0.6796869432367507,0.5770691737261573,1.1467357342878448,0.6554097779195818
Province:Sichuan,1988,Autumn,0.28922461761388923,5,-0.5304523351854412,-0.4555830372580096,0.10965505022873011,1.2681301523292066,0.14320718343894132
Province:Sichuan,1989,Winter,0.5398204037494072,5,-0.08959392080184617,1.1050534444016773,1.637232854542218,1.005282695367581,1.2512338340407607
Province:Sichuan,1989,Spring,-0.1478620319097868,5,-1.3430782794041085,0.1255242552499565,-0.4864904816075254,0.4097214097145033,0.806061446998153
Province:Sichuan,1989,Summer,-0.03614995258953759,5,-0.17980236493296334,1.178144049463687,0.2969961367085818,-0.49250618392882634,1.372706698669207
Province:Sichuan,1989,Autumn,-0.218674533095158,5,-0.3990686541965637,0.07107076571480012,-0.1448249954921122,-1.3279289767901907,0.8495207267178766
Province:Sichuan,1990,Winter,0.12462899782810795,5,-0.4550371694580016,-0.03199942672563939,1.9574137010115047,-1.2563048757675024,0.3450739066288996
Province:Sichuan,1990,Spring,-0.7252223530504216,5,-1.168568681661769,1.594026652678029,0.16739409906477745,-1.2763455389849752,0.2454350090078868
Province:Sichuan,1990,Summer,-0.35675648911653945,5,-0.704692879540131,0.23376502543123656,-0.0229734304573736,-1.0905064020002826,0.2681552918463266
Province:Sichuan,1990,Autumn,-0.035777728180332646,5,0.08989858329904588,-0.2878978979103287,-0.28910434518795497,-0.6896270849138958,0.422046307990813
Province:Sichuan,1991,Winter,-0.06909974190916587,5,-0.3239541444973739,-0.5099780307865242,-0.40729032474917737,-0.22968288376657525,0.10545061268077296
Province:Sichuan,1991,Spring,-0.2101524975923418,5,-0.06000036913343978,0.9425507277460131,-0.22509362614039025,-0.28503331339129284,0.46191554844942684
Province:Sichuan,1991,Summer,-0.050419727917008814,5,-0.47790145538404444,-0.01756690160576189,1.0347173817827127,-0.31244125630205566,-0.5140402112874185
Province:Sichuan,1991,Autumn,-0.3492876902845582,5,-1.6602478920095296,-0.4016925293607495,0.5059466837890151,-0.2807172049309609,-0.7131125676320652
Province:Sichuan,1992,Winter,-0.4194662975174512,5,-0.9081464516962121,1.6655310718171612,0.8125626059282804,0.04925479032804628,-0.38547136033020946
Province:Sichuan,1992,Spring,-0.2755715323793046,5,-1.3777360410514332,0.23379483378078966,0.26453602271423887,0.4006539756729596,-0.4315167854514987
Province:Sichuan,1992,Summer,-0.17481260066776844,5,-0.718491106381759,1.773035628247255,-0.2694537296391214,0.8057571059381519,1.0811603549911415
Province:Sichuan,1992,Autumn,-0.3798764667243195,5,-0.749560888581301,2.0918708683776925,-0.5492910276193796,1.0686441915752949,0.4226962593814804
Province:Sichuan,1993,Winter,0.0633325307876445,5,0.11805880552664953,0.8058191462005779,-0.1842451669912413,0.9917454714348505,0.19692269016854175
Province:Sichuan,1993,Spring,-0.011181356159466726,5,-0.4729127961792946,0.16428090252672675,-0.16981777333715753,0.7011497932137334,0.049954898032111894
Province:Sichuan,1993,Summer,-0.43885494339660536,5,-0.6633409254639153,1.540451030483913,0.1678224755147072,0.17998967206960184,-0.3382949086195076
Province:Sichuan,1993,Autumn,-0.5853479791656225,5,-1.236274965596015,0.6688870426909386,-0.566787744218736,-0.39174044150956316,-0.06304970181285952
Province:Sichuan,1994,Winter,0.2983055570286076,5,-0.23542819460082862,-0.6142147179084131,0.6344299500495326,-0.4503307984334061,0.9286421102193274
Province:Sichuan,1994,Spring,-0.017168965646010233,5,0.11332825237623373,-0.30848394140317276,0.052365893393395445,-0.5383511709425637,-0.0216717444602894
Province:Sichuan,1994,Summer,0.13698330395806063,5,0.5816953732192063,-0.8145572565692004,-0.2573027304700148,-0.5699371356521475,0.11590375612405879
Province:Sichuan,1994,Autumn,-0.10690851136484811,5,-0.13336247955315497,-0.03528887512172937,0.37304577775850684,-0.4930920483948487,-0.3164226817564731
Province:Sichuan,1995,Winter,-0.14785901424641806,5,-0.5999008321686955,-0.022436395842443828,0.08332455267672093,-0.2731530522997834,0.02799786471722377
Province:Sichuan,1995,Spring,-0.10999339155272192,5,-0.15100573614914603,-0.32030312148367196,-0.31529257433810637,-0.5279884208195265,0.12401665205949734
Province:Sichuan,1995,Summer,-0.36788633904045087,5,-0.41769567086955356,0.09665324308534376,0.020026094761906744,-0.7960280168907005,-0.5490808591185634
Province:Sichuan,1995,Autumn,-0.29746547543045043,5,0.2660250700506671,-0.633374907591717,-0.8564110367928092,-0.9195058547583852,-0.610810463243442
Province:Sichuan,1996,Winter,-0.8121475584829531,5,-1.1828105900518822,0.5681520473724468,-1.179188116972667,-0.5318349192855868,-0.598752118732183
Province:Sichuan,1996,Spring,-0.7940818280790789,5,-0.8218860400894259,2.141997045366346,-0.3539479656802784,-0.16162244552597144,-0.49095564373337214
Province:Sichuan,1996,Summer,-0.1497752130473117,5,-0.10760579505316356,-0.7344363490895787,-1.0130217737496525,0.3894644787542256,-0.7521493242775467
Province:Sichuan,1996,Autumn,-0.10667403259097503,5,-0.11230357640720542,-0.23921445530110558,-1.0619209271555905,0.8827320529124685,-0.4810921676056533
Province:Sichuan,1997,Winter,-0.4635260509381773,5,-1.0561378379877386,-0.1456151101182784,-1.1457620965927269,0.9477245619881952,-1.2090699922168946
Province:Sichuan,1997,Spring,-0.15614498010490402,5,-0.6189267649517641,-0.558029973039396,-0.3329648117926251,0.6393250135804975,-1.0261883104000245
Province:Sichuan,1997,Summer,-0.45196325813976934,5,0.18040819394359525,0.8111835328070977,-1.1069400700626078,0.10331170175704989,-0.6254125835297865
Province:Sichuan,1997,Autumn,-0.8744915104640759,5,-0.833175062426201,1.8157230626887764,-0.7329717022263328,-0.46900950126538093,-0.521578223713688
Province:Sichuan,1998,Winter,-0.6262904863099973,5,-1.0405622452683359,-0.24997272132981485,-0.5350937579923877,-0.44182893638951193,-1.363940213229566
Province:Sichuan,1998,Spring,0.4871277389031786,5,2.1790361389500013,-0.5655920404748881,0.19296644726178824,-0.29065410755825916,-0.2113018246125251
Province:Sichuan,1998,Summer,0.15946777009640883,5,-0.5227911627636479,-1.3252671898022568,0.9684022622521201,-0.026510096077712916,-0.9470293427309717
Province:Sichuan,1998,Autumn,0.313807402587807,5,2.6705393266868533,-0.5187265611511821,-0.8224979478225042,0.25084228519247426,-1.0485732122689702
Province:Sichuan,1999,Winter,0.6986066957664292,3,1.8692354245256775,-1.1681431815128764,,,-0.9415585187392661
Province:Sichuan,1999,Spring,0.39257605192480627,3,1.7130145429107495,0.09903993972611826,,,-0.4362464474102123
Province:Sichuan,1999,Summer,-0.5090243080096363,3,-0.6815532662342064,-0.32713755160558095,,,-1.1726572094002832
Province:Sichuan,1999,Autumn,0.29289143947975155,3,0.5183300727580135,-1.331971317598287,,,-0.9716270719170459
Province:Sichuan,2000,Winter,-0.7411626603062026,3,-1.1966129508443606,0.02889636482985144,,,-0.9979786652443957
Province:Sichuan,2000,Spring,-0.2906950786160933,4,-0.4963538368906239,-0.7066901716501283,-0.23910328963761296,,-1.1340133595862645
Province:Sichuan,2000,Summer,-0.7430508734125145,4,-0.3311797460961272,0.5453783156007984,-0.880382732388566,,-1.2152626995645666
Province:Sichuan,2000,Autumn,-0.6322489506795015,3,-0.10654997482286188,1.165651242676879,,,-0.6245456345387637
Province:Sichuan,2001,Winter,0.03148475583543594,3,0.24445828490941243,-0.8986241863356454,,,-1.04862820373875
Province:Sichuan,2001,Spring,-0.5614999160729307,3,-0.4647865253437772,0.04051911275581864,,,-1.179194110119196
Province:Sichuan,2001,Summer,-0.2940440798079527,3,0.04350538966050917,-0.2570558454419334,,,-1.1826934745263007
Province:Sichuan,2001,Autumn,-0.06881124163966586,3,-0.03503578971027628,-1.344229924283999,,,-1.5156278594927204
Province:Sichuan,2002,Winter,0.08553144143921254,3,0.5632405193483014,-0.9765612961476892,,,-1.2832074911783529
Province:Sichuan,2002,Spring,-0.31642434567057304,3,0.3768469082997516,0.18271574668508228,,,-1.1434041986263883
Province:Sichuan,2002,Summer,0.07849317211810397,4,0.5054886377882478,0.3553937625267339,1.7971937576236856,,-1.6333159444127836
Province:Sichuan,2002,Autumn,-0.4128959020793412,4,0.1813025515498488,-0.07570644323752584,-0.9204107510138603,,-0.9881818520908792
Province:Sichuan,2003,Winter,-0.17379235068824644,4,1.0787331584105146,-0.7733756163560104,-1.6138212524373672,,-0.9334569250821436
Province:Sichuan,2003,Spring,-0.03438378638474704,4,0.4923291635138461,-1.0897779626843542,-0.5194993789056666,,-1.2001428928315219
Province:Sichuan,2003,Summer,-0.10874748658556857,4,0.2565338350706394,-0.036694925139387616,0.2831279027365237,,-1.011346609288825
Province:Sichuan,2003,Autumn,0.2657544704309347,4,0.6313742849013428,-0.49146507791734684,0.5974548385414019,,-0.6572763196363529
Province:Sichuan,2004,Winter,-0.15783228029051818,5,-0.16812050053277897,-0.5622184041144893,-0.13097352865500844,-0.3644009034478674,-0.6878848729314254
Province:Sichuan,2004,Spring,0.09190174502308626,5,0.9890882394459389,-0.4602761986346736,-0.004712801938805331,-0.6278537484794354,-0.3572891625469404
Province:Sichuan,2004,Summer,-0.47007150645150186,5,-0.7791406440016002,0.3872536582617214,-0.25357902646627467,-0.8518621204905762,-0.0785220830373372
Province:Sichuan,2004,Autumn,-0.306022207740185,5,-1.4371717332708853,-0.10538636652390758,0.6176650398956405,-0.9192376329374269,0.10324692108783907
Province:Sichuan,2005,Winter,0.4410308786924243,4,0.4306510354151279,-0.4233763523323991,0.637863472455043,,0.2722326545671269
Province:Sichuan,2005,Spring,0.19246330637713063,4,-0.07545644784258429,-1.7414661032530472,-0.1333341939445709,,-0.7628222359573694
Province:Sichuan,2005,Summer,0.4922160564556505,4,0.9234737965937696,-0.7099310262273563,0.4488776142877194,,-0.11341821128624338
Province:Sichuan,2005,Autumn,0.38438275787947124,3,0.46396000046927116,-0.8148913185252428,,,-0.1257030453561001
Province:Sichuan,2006,Winter,0.6460959312017095,3,1.1477274740421874,-0.614723878919987,,,0.17583644064295378
Province:Sichuan,2006,Spring,0.01737974726784843,3,0.4843064500091803,0.2545157499126427,,,-0.17765145829299234
Province:Sichuan,2006,Summer,2.246998090665728,3,4.243158597178762,-2.0808145336975468,,,0.41702114112087474
Province:Sichuan,2006,Autumn,0.6961902406722124,3,1.0240248045251257,-1.2896615204288189,,,-0.22511560293730723
Province:Sichuan,2007,Winter,0.18132705685204065,3,0.8431073857122567,-0.7366595965022907,,,-1.0357858116584255
Province:Sichuan,2007,Spring,0.9925313234583931,3,2.5628656107307,-0.9434015104248,,,-0.5286731507803205
Province:Sichuan,2007,Summer,0.1345217886455357,4,0.4722074448138129,-0.9159280794765988,-0.5527745724649333,,-0.29727379724333547
Province:Sichuan,2007,Autumn,0.32705666400894157,3,0.9888164125014318,-0.4214322491847401,,,-0.42907866965934716
Province:Sichuan,2008,Winter,-0.17561783273390597,3,0.6013688052413166,1.289603710449107,,,0.1613814070060724
Province:Sichuan,2008,Spring,0.1771038034708093,3,0.20855695147920897,-1.7163358510881914,,,-1.3935813921549725
Province:Sichuan,2008,Summer,-0.6102205961855602,4,-0.4667679191015797,-0.21650430013920888,-1.45659231355031,,-0.7340264522295601
Province:Sichuan,2008,Autumn,0.41993428655241927,4,0.9539272998530657,-1.3112238084992882,0.4970875076250203,,-1.0825014697676973
Province:Sichuan,2009,Winter,0.8573383611397953,3,2.1425702083271334,-1.266929202116964,,,-0.8374843270247115
Province:Sichuan,2009,Spring,0.752491263377105,3,1.6203523508833302,-1.6655487559620765,,,-1.0284273167140918
Province:Sichuan,2009,Summer,0.07636095877742857,4,0.893394748378296,-0.965077761265937,-1.0362002904129648,,-0.5168283841215539
Province:Sichuan,2009,Autumn,0.649270303277291,3,2.1767482151800395,-0.14003545598436645,,,-0.36897276133253315
Province:Sichuan,2010,Winter,0.501999551325212,3,1.3323591643526693,-1.1815528453910653,,,-1.0079133557680986
Province:Sichuan,2010,Spring,0.12136848182355046,3,0.9807693005549561,-0.38101238178121516,,,-0.9976762368655199
Province:Sichuan,2010,Summer,0.29983319026481225,4,1.5832437783410256,-1.4797218200121625,-0.6054979686094547,,-1.2581348686844844
Province:Sichuan,2010,Autumn,0.3699287305635714,3,0.9956349159817057,-1.1592596190529332,,,-1.0451083433439248
Province:Sichuan,2011,Winter,-0.5467236337299748,3,-0.0771436415574585,0.44607795168272785,,,-1.116949307949738
Province:Sichuan,2011,Spring,-0.4117005189630148,3,1.054078536856664,1.2654792738540404,,,-1.0237008198916682
Province:Sichuan,2011,Summer,0.4340827450806355,3,1.900128150807735,0.4672579881584407,,,-0.13062192740738776
Province:Sichuan,2011,Autumn,0.6906727158848924,3,1.835739874792544,-0.697599074047691,,,-0.4613208011855577
Province:Sichuan,2012,Winter,-0.16569210916014812,3,-0.35976532933741845,-0.5917340874050127,,,-0.7290450855480386
Province:Sichuan,2012,Spring,0.24039267225467698,4,1.4342663770591213,-1.0355087644474246,-0.30387948662822123,,-1.204324965859617
Province:Sichuan,2012,Summer,-0.14844248766716983,4,0.6799590932255858,-1.6759520338583067,-1.6285225071870704,,-1.3211585705655016
Province:Sichuan,2012,Autumn,-0.06758226770788395,3,-0.4392174086962875,-0.8964285840031228,,,-0.6599579784304871
Province:Sichuan,2013,Winter,1.0446175971683422,3,2.193134199801536,-0.8062276676313795,,,0.13449092407211127
Province:Sichuan,2013,Spring,1.1272090305391143,3,2.879016917137075,-1.4434370063091702,,,-0.9408268318289019
Province:Sichuan,2013,Summer,2.2832534146487666,3,3.5142399469216867,-2.1107002660209626,,,1.2248200310036508
Province:Sichuan,2013,Autumn,0.4353110734863377,3,0.6746116465336137,0.4315115578931502,,,1.0628331318185495
Province:Sichuan,2014,Winter,0.6119281603156669,3,1.2388573467112292,0.2019746647614939,,,0.7989017989972653
Province:Sichuan,2014,Spring,1.2904655357234158,3,2.0695496773451914,-2.01280970933943,,,-0.21096277951437445
Province:Sichuan,2014,Summer,0.7775943756044525,4,1.2130468319280021,-0.7918332002441534,0.21938134259097866,,0.8861161276546758
Province:Sichuan,2014,Autumn,1.2530208438515305,3,1.2599596038048348,-1.6966798859389622,,,0.802423041810794
Province:Sichuan,2015,Winter,1.163830258196233,3,1.6217897849116965,-0.9492569379674145,,,0.9204440517095879
Province:Sichuan,2015,Summer,-0.1964779301933563,4,0.644341851165683,0.3202471879312144,-1.7782534948247617,,0.6682471108168679
Province:Sichuan,2015,Autumn,1.6577964080376137,3,2.2895036824750705,-1.8421343120592113,,,0.8417512295785592
Province:Sichuan,2016,Winter,0.7417597513649659,3,0.5197162205358338,0.044044608487965015,,,1.749607642047029
Province:Sichuan,2016,Spring,0.6848834275666843,3,1.5223554523004232,-1.288606178087976,,,-0.7563113476883462
Province:Sichuan,2016,Summer,2.0960644810248374,3,3.461448516181229,-1.5707144531513573,,,1.2560304737419257
Province:Sichuan,2016,Autumn,1.7031481149548202,3,2.679191783724955,-1.2214296768344843,,,1.2088228843050213
Province:Sichuan,2017,Winter,1.7551259081370711,3,2.8892351222613857,-1.6409062780545551,,,0.7352363240952727
Province:Sichuan,2017,Spring,0.32526897734010685,3,0.05179919780281844,-1.1993816167655353,,,-0.2753738825480333
Province:Sichuan,2017,Summer,1.3975066263228213,4,2.3532124228798197,-1.2369408657922294,0.873543837153015,,1.126329379466221
Province:Sichuan,2017,Autumn,1.3422252820020517,3,2.1901852285796264,-1.3459183635293979,,,0.4905722538971311
Province:Sichuan,2018,Winter,1.5847040278516757,3,1.9053600988740342,-0.44587789328682353,,,2.4028740913941693
Province:Sichuan,2018,Spring,1.8808425063186665,3,3.121937981870742,-1.5978238059288705,,,0.9227657311563867
Province:Sichuan,2018,Summer,2.298082050160144,3,2.193257122495818,-2.104395772897657,,,2.596593255086958
Province:Sichuan,2018,Autumn,0.7238199321585143,3,0.24190031223855435,0.34056721947098695,,,2.2701267037079753
Province:Sichuan,2019,Winter,1.8492447213011278,3,1.3168594701827694,-0.8423521144886136,,,3.3885225792320006
Province:Sichuan,2019,Spring,1.3698104072070034,3,2.2117244921337678,-1.4320587411934396,,,0.46564798829380294
Province:Sichuan,2019,Summer,1.3895106900871648,4,2.4002091630383138,-0.9920584779496496,-0.2234074205404034,,2.3891825399010993
Province:Sichuan,2019,Autumn,1.3733081104490008,3,1.3290496797888465,-0.9037055240667775,,,1.8871691274913784
Province:Sichuan,2020,Winter,1.3916348873489814,4,1.626834974523266,-0.7500266898240149,1.7632629807821467,,1.4264149042664982
Province:Sichuan,2020,Spring,0.8312845827445187,4,1.8683225953841103,-0.13554390748228098,0.8177266367520185,,0.5035451913596649
Province:Sichuan,2020,Summer,3.077739683369461,4,2.5003023371615667,-1.2899481453073312,6.3086579260314535,,2.2120503249774925
Province:Sichuan,2020,Autumn,2.12661828529287,4,3.027456398922506,-1.5579462648171363,2.278115747885052,,1.642954729546786
Province:Sichuan,2021,Winter,1.3401364428081481,5,3.0516744681910493,-0.5728327259350446,1.873477694008736,-2.3110861217621244,3.5137834476680343
Province:Sichuan,2021,Spring,0.3503769372491262,5,2.348805738648515,-2.3959637163946645,0.3112760254874791,-4.000449359982498,0.6962885656974698
Province:Sichuan,2021,Summer,1.8703483170514423,5,2.335826548795655,-1.440172158330474,7.903203385628587,-4.780622834846648,2.4531623273491436
Province:Sichuan,2021,Autumn,0.39482366608092356,4,2.3825164977767606,-0.4890891650816484,,-4.667116430553351,3.3748054320186367
Province:Sichuan,2022,Winter,0.9948865720808961,4,1.3496824225916666,-0.24696797664387127,,-3.515339316950643,5.89823520603869
Province:Sichuan,2022,Spring,0.9186288263881541,5,3.660855434217523,-0.1528954414748141,1.645143673103389,-4.070215878058207,3.2044654612032515
Province:Sichuan,2022,Summer,2.5676642072227764,5,6.5606889721370685,-1.9073197314074322,2.45980585068464,-4.176036728470407,6.086543210355149
Province:Sichuan,2022,Autumn,1.6160960112595564,5,3.217392563919667,-0.6649591731369165,2.7824287921849034,-3.4835014919308684,4.899201018987164
Province:Sichuan,2023,Winter,2.011304471814557,5,2.6767928799641565,-0.7116116875688603,0.5100843403335407,-0.3267781758051804,6.484811627011409
Province:Sichuan,2023,Spring,2.127998253351495,5,3.807725173029022,-1.5955237877608015,0.6945351197973663,0.2015685770128704,4.340638609157415
Province:Sichuan,2023,Summer,2.777823884813973,5,3.2726047172988615,-1.3139219141452327,2.8295770180316397,0.9152600712088252,5.557755703385307
Province:Sichuan,2023,Autumn,2.8046809749551613,5,3.532365463019503,-1.6669695224913144,1.6921953114131172,1.4752017684008913,5.656672809450982
Province:Sichuan,2024,Winter,3.25580463043231,5,3.966359536761484,-0.8128311546091773,1.2137174573601222,2.1815781909984526,8.104536812432316
Province:Sichuan,2024,Spring,2.6961129293472306,5,4.322962678838444,-2.3640759635658544,0.47950801292932177,2.4376164673556575,3.876401524046876
Province:Sichuan,2024,Summer,3.2365832233006993,5,4.462821690321763,-2.439747259590755,1.8498057189740997,1.714871788859575,5.715669658757304
Province:Sichuan,2024,Autumn,3.42995304714056,5,6.55211852691223,-2.017237112736731,2.608455694270175,0.6407330230506043,5.331220878733063
Province:Sichuan,2025,Winter,3.2152025860014968,4,2.756939753774281,-1.1942655011945358,1.433789031627431,,7.47581605740974
Province:Sichuan,2025,Spring,1.8298053169904305,4,3.072015418137066,-0.36221388286395606,0.23027639856656992,,3.6547155683941304
Province:Sichuan,2025,Summer,3.422338083287484,4,5.579002296302215,-2.2606699807385002,0.39748841029440823,,5.452191645814812
Province:Tianjin,1981,Spring,1.0126450851927464,4,1.3123232189554523,-0.7379461494809519,-0.6558292549181477,,2.6561402272527292
Province:Tianjin,1981,Summer,1.2520009492739936,4,1.0272044483647471,0.7233120233471579,1.5178933886074197,,3.1862179834709656
Province:Tianjin,1981,Autumn,-0.2931943768356694,4,-0.6994266197905471,2.0562032044055,-0.6195180128871718,,2.2023703297405413
Province:Tianjin,1982,Winter,-0.6901445728220026,4,-0.7556666249724607,-0.08420073786395853,,-1.1616206594628948,-0.9274917447166136
Province:Tianjin,1982,Spring,-0.239936615586749,5,1.1859083481657828,-0.9548702435413966,-1.2162057154167194,-1.1811027964016767,-0.9431531578225284
Province:Tianjin,1982,Summer,-0.7069804970189706,5,-0.7892746894167602,0.44917090754923217,-0.5919697004449213,-1.0016024934662748,-0.7028846942176645
Province:Tianjin,1982,Autumn,0.1003276557053983,5,1.4340481541460663,-0.9496463125187344,-0.7992124641389758,-0.6779593683225549,-0.4048843556762785
Province:Tianjin,1983,Winter,-0.4142463669338993,5,-0.5379053862830918,0.4014224681486373,-0.32635040227241846,-0.4204961663214098,-0.38505741164393936
Province:Tianjin,1983,Spring,0.44145738326089623,5,0.2031346752525485,-0.2820378839979825,2.4650024954474152,-0.3547481897319522,-0.38813994866151325
Province:Tianjin,1983,Summer,0.4223201632272164,5,0.7802270217365596,-1.0177245366326515,-1.139138725682929,-0.18527710398188943,1.6380650874316893
Province:Tianjin,1983,Autumn,0.10176740601368002,5,-0.08986239866580055,-0.9571986982396496,-0.2729644283301212,0.004992337027412182,-0.0905271782027399
Province:Tianjin,1984,Winter,-0.1013612280957216,5,0.03731298006618452,0.6012084552345448,-0.35451624284539124,0.13140505197544064,0.28020052555970293
Province:Tianjin,1984,Spring,-0.5236606917158644,5,-1.4157912506667638,1.173927221899241,0.4582788859149811,0.24623697875512018,-0.7331008506834193
Province:Tianjin,1984,Summer,0.19544467361017243,5,-0.31125386368478436,-0.13758727012352134,1.2220215898364544,0.3921237812631636,-0.46325540948749305
Province:Tianjin,1984,Autumn,0.28340139447414836,5,0.7374033300034989,-1.1724416912857316,-0.6374874580123521,0.4722750827931794,-0.32762567369931606
Province:Tianjin,1985,Winter,-0.3631503380044733,5,0.5303572940798501,2.3635647860839235,-0.054080610067014076,-0.6195748200642024,0.6911112321129231
Province:Tianjin,1985,Spring,-1.2051854844545833,5,-1.5340503233409704,1.3651145590372602,-0.8374532460678823,-0.9651237514766353,-1.3241855423501683
Province:Tianjin,1985,Summer,-0.32845035911461284,5,-0.8012252100600595,-0.4309663589598979,-0.31160210073619005,-1.2280830131098088,0.26769216937309614
Province:Tianjin,1985,Autumn,-0.5220609987768114,5,-1.0794147056864933,0.232302052804488,-0.2498608560263179,-1.2935145238024595,0.24478714443570135
Province:Tianjin,1986,Winter,-0.497645725964484,5,-0.7556666249724607,1.021785060800566,-0.26688918328503125,-1.232579387529633,0.7886916267652712
Province:Tianjin,1986,Spring,-0.013532657839259388,5,-0.17203203805872785,-0.5063153371791207,-0.16854537622373741,-1.4346434143571607,1.2012422022642084
Province:Tianjin,1986,Summer,-0.3905940938736197,5,-0.4188085494744793,-0.15201574990235978,-0.22697501418816304,-1.449585938915023,-0.009616716692792956
Province:Tianjin,1986,Autumn,-0.8242172247271983,5,-1.1942027733008935,1.112154989291104,-0.937833897961796,-1.2440903872310802,0.3671959241488823
Province:Tianjin,1987,Winter,-0.5763104060793421,5,0.813857774637708,0.7607274991868584,-0.20116888861476126,-1.1005173102943149,-1.632996106938484
Province:Tianjin,1987,Spring,-0.5654768561306147,5,-1.1548057109719627,1.1592205036578547,1.0873180747750375,-1.4815953806452131,-0.11908076015308075
Province:Tianjin,1987,Summer,-0.4545273193349707,5,-0.07224345081879682,-0.7147264612770495,-0.9802206852950306,-1.7158872092651123,-0.21901171257296334
Province:Tianjin,1987,Autumn,-0.2447151426236724,5,1.8179944492700948,0.2134210885022002,-0.6400545216016635,-1.6799214097241515,-0.5081731425604413
Province:Tianjin,1988,Winter,-0.10848198193508747,5,1.134194899346012,-0.1418586123669488,-0.2689755418459922,-1.4651663295261625,-0.08432155001624328
Province:Tianjin,1988,Spring,-0.9016651066636093,5,-0.5251410246486398,2.029549048221246,-0.6558292549181477,-1.444033807614771,0.1462276020847574
Province:Tianjin,1988,Summer,-0.5176841327738151,5,-0.46553814942584204,0.7806559814425408,-0.08033113139119948,-1.1758182778074548,-0.08607712380203832
Province:Tianjin,1988,Autumn,0.08653917448510169,5,0.46708493772012194,-1.4045473386569605,0.02866554341397835,-0.7408628148679468,-0.7267391324976057
Province:Tianjin,1989,Winter,0.5871022694752985,5,0.6614249075551494,-1.2322925948532744,-0.3075731752237698,0.36004984241270743,0.9893171777791314
Province:Tianjin,1989,Spring,0.2506482155690902,5,-0.234802555697377,-1.3228008195446455,-1.078880258693749,1.297961023607497,-0.053837950915565244
Province:Tianjin,1989,Summer,-0.22169495377334741,5,-0.752228075422532,0.26063877177241307,-1.3290651641952953,1.8953571204356294,-0.6618998779121259
Province:Tianjin,1989,Autumn,0.3697849690474957,5,-0.27985644161377354,0.11146388126984545,-0.8338678225946807,2.179654346168097,0.8944586445476812
Province:Tianjin,1990,Winter,-0.07489444836816421,5,0.1235957350185762,0.477213373133262,-0.07911691279854557,1.9211418598809418,-1.8628795508085314
Province:Tianjin,1990,Spring,0.6741724225113304,5,-0.17814888664532483,0.34115930148075296,1.4948645915012724,1.3355225966379392,1.059783112543518
Province:Tianjin,1990,Summer,0.20642607283024397,5,-0.9725160059473507,-0.2169439089071315,0.8318325801035659,0.441899719646358,0.5139701614415152
Province:Tianjin,1990,Autumn,0.051182749224083245,5,0.7314660161613742,-0.47195791567085094,-0.38719875805448223,-0.4802628220370382,-0.08004860562028844
Province:Tianjin,1991,Winter,-0.14515473251980487,5,0.3680635407170183,-0.4350845572372212,-0.32843676083337936,-0.9960502939738396,-0.20443470574604491
Province:Tianjin,1991,Spring,-0.40557377210337703,5,-0.8020674424782084,1.4772532856278284,1.0297299800202435,-0.6176792009450462,-0.16059891148604544
Province:Tianjin,1991,Summer,-0.08069354465853705,5,-0.79524994973841,-0.06544487122933065,0.7245952032564481,-0.22509785468844468,-0.1731599933516093
Province:Tianjin,1991,Autumn,-0.07402984062812731,5,-1.3129490501433765,-0.774053344507457,0.09027506955745404,0.18471647001424576,-0.1062450370764168
Province:Tianjin,1992,Winter,0.5948425970198248,5,-0.4407133174861451,-0.9964986682344417,-0.21994611566340977,0.48225654074986696,2.1561172092643703
Province:Tianjin,1992,Spring,0.26312938881364484,5,-0.1577593913566686,0.26394903071347625,-1.1519728404979106,0.9035645067878556,1.9857636998484238
Province:Tianjin,1992,Summer,0.14399293564716395,5,-1.0960047192614444,1.7020439016783486,-0.40721132828663303,1.3428442043821736,2.5823804230800724
Province:Tianjin,1992,Autumn,0.5214385123115759,5,-1.3169072593714592,0.8950238998147936,0.939973117619555,1.5596060873635214,2.319544515761056
Province:Tianjin,1993,Winter,0.5730630629380113,5,-0.9487756479611462,-0.7712950532548748,-0.26793236256551173,1.3850092478211444,1.9257190241406952
Province:Tianjin,1993,Spring,0.0015217932278221102,5,-0.47991341691743866,0.13342690632117404,-1.271578883450175,0.9786876528487402,0.913840519979158
Province:Tianjin,1993,Summer,-0.3082465876047032,5,-1.5780090518745196,1.2451420420151391,1.0928199309845053,0.36225821823324705,-0.1731599933516093
Province:Tianjin,1993,Autumn,-0.05100920663405266,5,-0.5061811906909349,1.6311117795425598,0.43169452693588123,-0.2825662757515215,1.7331186858788719
Province:Tianjin,1994,Winter,1.0671549988616351,5,-0.6858186804871916,-0.5950875788714289,4.22817033630534,-0.534818561540043,1.7331543211586418
Province:Tianjin,1994,Spring,0.20237469438414282,5,-0.09659090549069989,-0.13497070158412164,0.19027275263305543,-0.3923097627623941,1.175530685956631
Province:Tianjin,1994,Summer,0.7640009386258657,5,0.786202282058209,-2.1840266520887393,1.6122105995693432,-0.12056838408373677,-0.6418664565032263
Province:Tianjin,1994,Autumn,0.05344927255057728,5,-0.3923924246673685,-0.5848530608438409,0.4727675443648651,0.15775785006622076,-0.555739667854672
Province:Tianjin,1995,Winter,-0.02430944325158866,5,-0.4310791182467975,-0.9964986682344418,-0.27836415537031645,0.30485972058302246,-0.7134623314582935
Province:Tianjin,1995,Spring,-0.049358319004349005,5,-0.8000284929493426,0.5488916966403316,0.5668102952605543,0.39648327087688817,0.13883502843048684
Province:Tianjin,1995,Summer,-0.307237331540822,5,-1.5182564486580228,1.1657854032315291,1.1884291585349476,0.491675658029552,-0.5322496223790577
Province:Tianjin,1995,Autumn,0.06105643788975521,5,-0.3926654046141325,0.7968428854428964,0.7679798571356861,0.5082199093905456,0.21859071297957325
Province:Tianjin,1996,Winter,0.0018495676208671124,5,-1.0932886365513588,-0.8040691419133253,-0.3180049680285746,0.5768681781721842,0.03960412259875941
Province:Tianjin,1996,Spring,-0.19989379099223914,5,-1.3362722190410041,-0.2691695055367699,-0.7754352978704119,1.0162492258791818,-0.1731801694657316
Province:Tianjin,1996,Summer,-0.34691980041172266,5,-1.0860459520586951,2.3849919445433567,0.4661918855525482,1.4623064565018395,-0.1920594475109488
Province:Tianjin,1996,Autumn,-0.07533784723501194,5,-1.1882654594587692,0.5551665423736108,0.43426159052519286,1.6674405671556214,-0.7349593920234941
Province:Tianjin,1997,Winter,0.2511938585595225,5,-0.6858186804871916,-0.2456072947756594,-0.11562818761536223,1.507215946158304,0.30459291996620314
Province:Tianjin,1997,Spring,-0.062441654137086446,5,-0.3066027069638599,-0.7287544505800853,-1.019077237217617,1.222837877546613,-0.9381206546306539
Province:Tianjin,1997,Summer,0.2298587435319947,5,2.138602868191589,-0.2650388415032586,-1.6934138421577938,0.7256225684305652,-0.2865567183076457
Province:Tianjin,1997,Autumn,-0.5071186780640613,5,-0.35308331233330476,1.1442526286049937,-0.28066561909805576,0.13978543676753727,-0.897377267051489
Province:Tianjin,1998,Winter,-0.09714902025003887,5,-0.7248513553466067,-0.0013921564918684386,-0.16674397235890553,1.093290032435666,-0.6888319624722166
Province:Tianjin,1998,Spring,0.3585394266607003,5,0.7026773098246281,-0.6791192765154073,0.7329297993609208,0.7720990011813088,-1.0941282535787633
Province:Tianjin,1998,Summer,-0.4006079451120993,5,-0.048342409532198066,0.10048264622730932,-1.2819065587143335,0.2925719044967753,-0.8648800155834309
Province:Tianjin,1998,Autumn,-0.02323401855534386,5,1.7942451939015986,-0.3492316477059792,-0.9891751697480254,-0.21067662255678798,-1.059795142079484
Province:Tianjin,1999,Winter,0.4812497853972835,3,1.8956791736360254,-0.8772917386660318,,,-1.3292215561102068
Province:Tianjin,1999,Spring,-0.35518808666430096,3,-1.042663486884353,0.3227759036790204,,,0.2998751305704705
Province:Tianjin,1999,Summer,0.42818000128642736,3,1.1427261479166406,0.14617283219363003,,,0.2879866881362715
Province:Tianjin,1999,Autumn,-0.32523156404080034,3,0.1515883642472487,0.5495022530829248,,,-0.5777808032867249
Province:Tianjin,2000,Winter,-1.3495535299701211,3,-1.343211099172079,2.0078411898917183,,,-0.697608300846566
Province:Tianjin,2000,Spring,0.21893521264128035,3,-0.6756525716885394,-1.3445982769381284,,,-0.012140067325747933
Province:Tianjin,2000,Summer,0.8934533314671241,3,2.3616792535331785,-1.5275308221516015,,,-1.2088500812834075
Province:Tianjin,2000,Autumn,-0.37668761957783703,3,-0.028373665657135425,0.04225538108594189,,,-1.0594338119904338
Province:Tianjin,2001,Winter,-0.8741764436522382,3,-0.7043078422627039,0.5151088256255744,,,-1.4031126630684365
Province:Tianjin,2001,Spring,0.8673225640377104,3,2.399083317840834,-0.8390548373904813,,,-0.6361704631181847
Province:Tianjin,2001,Summer,0.40490372399579594,3,1.037163215567496,-1.159604587791227,,,-0.9820566313713351
Province:Tianjin,2001,Autumn,0.03618425231270498,3,-0.042363887928807145,-0.8911153231816419,,,-0.7401986783147197
Province:Tianjin,2002,Winter,1.012558267838387,3,3.057209403399886,-1.1536946193136635,,,-1.1732292191983886
Province:Tianjin,2002,Spring,0.49357295049726996,3,1.7323468219017724,-0.9934753789250351,,,-1.2451033493349977
Province:Tianjin,2002,Summer,-0.003921117036667717,3,0.4734969918918752,0.31210034965026906,,,-0.1731599933516093
Province:Tianjin,2002,Autumn,-0.7180580587383252,4,-0.9364950796296476,1.7383286839734087,-0.8081971867015655,,0.6107887153513212
Province:Tianjin,2003,Winter,-0.3118768274435017,4,-0.3106941315751275,0.45999667372934727,-0.25541421119974556,,-0.22140229326978647
Province:Tianjin,2003,Spring,0.1319290103007984,4,0.08283665304947592,-1.0045054176060746,0.2124220198464388,,-0.7720480492987958
Province:Tianjin,2003,Summer,-0.5965391744672477,4,-0.9685324990662508,0.30007661650123707,-0.01831433514226376,,-1.0992332471592392
Province:Tianjin,2003,Autumn,0.6970304992019695,4,-0.5720814746249876,0.6394147072258889,3.6122863140928105,,0.38733186456594376
Province:Tianjin,2004,Winter,0.5708566688625456,5,1.8125558693165376,-0.9964986682344417,-0.23872334271205842,-0.231272891476775,0.5152250409505821
Province:Tianjin,2004,Spring,0.09392455064145873,5,0.7781184423926565,-0.5485971521231057,0.6864163382128183,-0.29840583018628875,-1.2451033493349977
Province:Tianjin,2004,Summer,-0.6160652454293514,5,-0.4825446595720759,1.7357103544956378,-0.5958457502104796,-0.30473935610155517,0.0385138932329915
Province:Tianjin,2004,Autumn,0.29992036832572494,5,-0.01595307807935852,-1.0021223719244035,0.6781326315097838,-0.2645938624528376,0.09989377872663356
Province:Tianjin,2005,Winter,-0.15150148002334074,4,-0.30781803974338123,0.42247549731103323,-0.18030530300515174,,0.30459291996620314
Province:Tianjin,2005,Spring,-0.11962061602874459,4,0.09710929975153558,0.14813362456256074,-0.09323786769823769,,-0.3342202716057155
Province:Tianjin,2005,Summer,0.5347004713904305,3,1.4514479312018753,-0.4429900921089299,,,-0.29033660913951365
Province:Tianjin,2005,Autumn,0.12649187184698238,3,0.45241226558153885,-1.4688728308316517,,,-1.5418094808722433
Province:Tianjin,2006,Winter,-0.11197758079554003,3,-0.43724217217196854,0.7944123458466915,,,0.8957217756320399
Province:Tianjin,2006,Spring,-0.2676581352141872,3,0.1236156436267884,0.45145968829114896,,,-0.47513036097820105
Province:Tianjin,2006,Summer,0.3513025099643043,3,0.07315455034134542,-0.5944891297867312,,,0.3862638497648363
Province:Tianjin,2006,Autumn,1.0097162748650688,3,2.289021347411945,-0.9930725304139965,,,-0.2529450532307348
Province:Tianjin,2007,Winter,0.6607530533177897,3,0.6125313464154608,-1.114395631543858,,,0.25533218199405033
Province:Tianjin,2007,Spring,0.3486892826065404,3,0.309160050753561,-0.4621951824549625,,,0.2747126146110977
Province:Tianjin,2007,Summer,0.5153882445663539,3,0.6268620068142173,-1.6670061266803706,,,-0.7477033997955266
Province:Tianjin,2007,Autumn,-0.29681517352096987,3,-0.3313131615788496,-0.6683199444146446,,,-1.2274523033987046
Province:Tianjin,2008,Winter,0.460927127239906,3,-0.14913711109530517,-1.0642555436996235,,,0.46766294911539946
Province:Tianjin,2008,Spring,0.6035025824623498,3,1.3082453198977206,-0.6754425969550606,,,-0.17318016946573184
Province:Tianjin,2008,Summer,0.01868452283149502,3,0.2205443049420382,-0.35641921343590105,,,-0.5209099498834542
Province:Tianjin,2008,Autumn,0.7793260659918171,3,1.9604899814810743,-1.1176868948090966,,,-0.7401986783147197
Province:Tianjin,2009,Winter,0.21221751270990677,3,0.417367972118385,-0.4729800097295336,,,-0.25369544371819813
Province:Tianjin,2009,Spring,0.5243145224887894,3,1.726543657858078,-0.7024520506483756,,,-0.8560521410400852
Province:Tianjin,2009,Summer,0.014379402429227342,3,0.2962309356829343,-0.1544204965321657,,,-0.4075132249274179
Province:Tianjin,2009,Autumn,-0.5968952053416815,3,-0.8340057335453614,1.348167043069703,,,0.3914871605900196
Province:Tianjin,2010,Winter,-1.0262332382587511,3,-1.1521564274917835,2.1572451002924438,,,0.23070181300797377
Province:Tianjin,2010,Spring,-0.6651670762107715,3,-1.04878033547095,2.7714444908698055,,,1.8247235977084408
Province:Tianjin,2010,Summer,0.49841034798637374,3,-0.25946827423048735,-0.2193486555369379,,,1.5353506626526707
Province:Tianjin,2010,Autumn,0.717632041321982,3,-0.26996091854356646,-0.2604911154852262,,,2.1623659270242865
Province:Tianjin,2011,Winter,0.22899328436780486,3,-0.9035799191765603,0.9389764794284757,,,2.5295362517084508
Province:Tianjin,2011,Spring,0.7894415393889345,3,-0.4207838805803352,-0.8335398180499614,,,1.9555686806971775
Province:Tianjin,2011,Summer,1.533188323837102,3,0.1408741673200422,-1.5323403154112138,,,2.9263504887800496
Province:Tianjin,2011,Autumn,-0.1961903550635863,3,-0.8241102104751543,-0.6456627872518993,,,-0.41012364196750395
Province:Tianjin,2012,Winter,0.027783259476359772,3,-0.8830364060926578,-0.007248286442787525,,,0.9591378980789496
Province:Tianjin,2012,Spring,0.54306301046593,3,0.808702685325641,-0.22872603037295838,,,0.5917603156991904
Province:Tianjin,2012,Summer,0.5211106217064764,3,-0.1319960540352939,0.06681619341001965,,,1.7621441125647426
Province:Tianjin,2012,Autumn,0.16256044597411254,3,-0.8379639427734443,-0.7665009587865419,,,0.55914432190924
Province:Tianjin,2013,Winter,-0.29530930810658923,3,-0.9343951888024147,1.86530976257389,,,1.9137770270565369
Province:Tianjin,2013,Spring,-0.4791004789289832,3,-0.6206009344091671,0.6334553265283022,,,-0.18324517584948047
Province:Tianjin,2013,Summer,1.5224858681710287,3,1.1267921203922413,-1.0057008034836197,,,2.434964680637225
Province:Tianjin,2013,Autumn,0.3821459122960515,3,-0.26996091854356646,-0.3700007084384962,,,1.0463979469932247
Province:Tianjin,2014,Winter,0.30533366919821575,3,1.6006743257511824,-0.4392951630697003,,,-1.1239684812262354
Province:Tianjin,2014,Spring,1.5161659455483265,3,3.6142972370447506,-1.394233451002806,,,-0.46003285140257744
Province:Tianjin,2014,Summer,0.8575864623608082,3,0.9475343107427507,-1.2389612265748373,,,0.3862638497648363
Province:Tianjin,2014,Autumn,-0.14579795174369947,3,-0.23631614010486318,-0.3662245155780382,,,-0.5673022307042734
Province:Tianjin,2015,Winter,0.693301590189502,3,1.1014669578123462,-0.9529890746321571,,,0.0254487381240029
Province:Tianjin,2015,Summer,0.4870658390959646,3,0.6567383084224655,-0.6449888090126648,,,0.15947039985276376
Province:Tianjin,2015,Autumn,-0.2775713475699875,3,0.12981821349279313,1.3330622716278726,,,0.3705300154251167
Province:Tianjin,2016,Winter,0.4164733421346998,3,-0.3336036906486938,-0.3622943138803402,,,1.220729403172453
Province:Tianjin,2016,Spring,0.9508784818528305,3,1.9199301785574099,-1.5688757301192662,,,-0.6361704631181847
Province:Tianjin,2016,Summer,0.6098774719647987,3,0.839979624953057,-0.7243454477962746,,,0.26530734314506427
Province:Tianjin,2016,Autumn,0.36133815474794506,3,0.6879257146524642,0.14733771344419228,,,0.5434264630355631
Province:Tianjin,2017,Winter,1.3312652515555403,3,1.4137283566876677,-1.3066799645604061,,,1.2733874334185473
Province:Tianjin,2017,Spring,1.1527704115866995,3,2.6784194032954254,-1.5670373903390928,,,-0.7871455588744194
Province:Tianjin,2017,Summer,1.967656363165996,3,3.634409702044563,0.3024813631310439,,,2.5710407505844692
Province:Tianjin,2017,Autumn,0.4608546121399912,3,0.590949588564436,-0.7249628373215082,,,0.06665141053402929
Province:Tianjin,2018,Winter,-0.1989971633315983,3,-0.41053560516289495,0.6470411417099212,,,0.4605852568780212
Province:Tianjin,2018,Spring,0.9441895681438135,3,3.1086377538860734,-0.04305371257545857,,,-0.3191227620300918
Province:Tianjin,2018,Summer,2.492396832529043,3,4.118405788098187,-1.3736270378439934,,,1.9851576716449477
Province:Tianjin,2018,Autumn,0.5446244479282939,3,-0.6390942601674809,-1.0489558442972051,,,1.2240117596551576
Province:Tianjin,2019,Winter,-0.10943572449711499,3,1.4219457619212288,0.8561678980563857,,,-0.894085037356188
Province:Tianjin,2019,Spring,1.1204024047046508,3,3.0880217086497663,-0.3792656323715909,,,-0.1060801269074051
Province:Tianjin,2019,Summer,0.9311624876280445,3,1.1526849151193903,-0.8085115798394976,,,0.8322909679252456
Province:Tianjin,2019,Autumn,1.0352722601496884,3,2.7046333163606353,-1.1309035698206982,,,-0.7297201057322684
Province:Tianjin,2020,Winter,0.5205608382610544,3,1.6895781496142785,-0.7837420792737707,,,-0.9116377141048861
Province:Tianjin,2020,Spring,0.5533479870743143,3,1.1104672155977544,-0.7177244118990459,,,-0.16814766627385727
Province:Tianjin,2020,Summer,1.0491633787910855,3,1.4016540951881276,-1.2461754664642561,,,0.4996605747208725
Province:Tianjin,2020,Autumn,0.1786648278197717,3,0.5276182409151114,-1.062932098332462,,,-1.0545558557882584
Province:Tianjin,2021,Winter,0.21602213301185272,3,0.5900019604001148,-0.12248918023396882,,,-0.06442474159852539
Province:Tianjin,2021,Spring,0.5844637464009924,3,1.1614409538193953,-0.7802279644249367,,,-0.18827767904135503
Province:Tianjin,2021,Summer,0.5852727428620789,3,-0.7115963052353141,-1.3856507709930255,,,1.0817637628285255
Province:Tianjin,2021,Autumn,0.4641403961097222,3,1.1906182866189756,0.3625807064902747,,,0.5643836082004657
Province:Tianjin,2022,Winter,-0.056201245448805816,3,1.294575980801032,-0.16981638979103447,,,-1.632996106938484
Province:Tianjin,2022,Spring,0.36716729533611625,3,2.7946395264407666,0.6040418900455296,,,-1.0890957503868886
Province:Tianjin,2022,Summer,1.7237551353472047,4,1.7502109472843599,-0.301110040950354,4.567052537513437,,0.2766470156406677
Province:Tianjin,2022,Autumn,0.998128003358701,4,2.9122199419491888,0.22553559884886518,1.0195520888882115,,0.2862755814462688
Province:Tianjin,2023,Winter,-0.15050639685865208,4,0.45023759305262945,0.30036792816913765,-0.03843292085980699,,-0.7134623314582932
Province:Tianjin,2023,Spring,1.1110161626766037,4,2.9900271381896495,-0.7001650974470461,1.6919930697003738,,-0.938120654630654
Province:Tianjin,2023,Summer,3.36932968958288,4,3.909635985565707,-1.0122516649924025,7.6640163001946755,,0.8914148075787353
Province:Tianjin,2023,Autumn,1.14524878931168,4,3.7091965532800306,-0.6137208380484483,0.6293584233128655,,-0.37128065739462435
Province:Tianjin,2024,Winter,0.15385962677800488,4,0.7651909005389452,0.9637561367414562,0.5833019303065567,,0.23070181300797377
Province:Tianjin,2024,Spring,1.378938412571207,4,3.076961216562626,-0.9205983376395951,3.0652476369300747,,-1.547053540847467
Province:Tianjin,2024,Summer,2.097618719475442,3,4.865313328304398,-1.604482714305405,,,-0.17693988418347725
Province:Tianjin,2024,Autumn,1.4997743042484315,3,3.673709502566824,-0.7797176337981433,,,0.04589577638032797
Province:Tianjin,2025,Winter,0.9687194412434206,3,1.412084875640955,-0.7143880774583384,,,0.7796853706309685
Province:Tianjin,2025,Spring,1.082065371163533,3,2.9638723373366154,-0.9033967296965453,,,-0.6210729535425611
Province:Tianjin,2025,Summer,1.471751818323459,3,3.3670168026507388,-1.7042796994423692,,,-0.6560410471227307
Province:Ningxia,1981,Spring,1.014784497268518,4,-0.6631899083761585,-0.19630895654067476,4.256278864817509,,0.26974007609204675
Province:Ningxia,1981,Summer,1.7120497399630836,4,0.1706010790339827,-1.2391081199260119,4.098219433376446,,1.3402703275158938
Province:Ningxia,1981,Autumn,0.2066762155808783,4,-1.0748885135453248,2.011181607091141,3.6300154648409246,,0.28275951811905414
Province:Ningxia,1982,Winter,-0.41751158298661256,4,-0.5540967059442878,-0.6709586102057522,,-1.4365290765769094,-0.35037915963100535
Province:Ningxia,1982,Spring,-0.26531961354288514,5,-0.3389828926099841,-0.510807513425248,-0.39432397479320597,-1.7301986644638834,0.6260999507273997
Province:Ningxia,1982,Summer,-0.8097579604608016,5,-0.8960762606566525,1.2489807048510573,-0.7150156183440307,-1.7084511532853208,0.5197339348330532
Province:Ningxia,1982,Autumn,-0.3962205792651034,5,-0.7669637055308621,-0.7248987842365628,-0.3446366118801743,-1.4022399856527514,-0.19216137749829199
Province:Ningxia,1983,Winter,-0.2772690165526021,5,-1.3140594236721785,0.48412502561526416,0.15438434672634582,-1.4246679139120695,1.682122933710156
Province:Ningxia,1983,Spring,-0.7055116011067101,5,-0.9843443068794666,1.4304503989761472,-0.26365875418102724,-1.3478120423837614,0.498707496886852
Province:Ningxia,1983,Summer,-0.783430821633313,5,-0.9463191021345909,1.5428537060444345,-0.5238581932169053,-1.0096849914393677,0.1055618846687331
Province:Ningxia,1983,Autumn,-0.11899192727215675,5,-0.8538740689742971,-1.4696932172195798,0.10147413566405473,-0.5460270451809547,-0.7662258750891665
Province:Ningxia,1984,Winter,-0.6093398635652265,5,-1.4736848797490447,0.8375856796765722,-0.5540911332241565,-0.011889056409235788,-0.16944856876712344
Province:Ningxia,1984,Spring,-0.43179065473628064,5,-0.7289370810635664,0.3189093736577895,-0.21024927988059558,-0.18393700188101447,-0.7169205371984375
Province:Ningxia,1984,Summer,-0.6120202317058328,5,-0.9139630842327986,1.646540478385274,-0.3746202718589766,-0.27337834989435117,0.14840102584223674
Province:Ningxia,1984,Autumn,-0.2985370515077731,5,-0.7746953802759998,-0.42430884417227216,-0.6761345532605448,-0.3051357314013328,-0.16102843677326037
Province:Ningxia,1985,Winter,-0.6591244868663197,5,-1.167244465020282,1.7157344998187645,-0.15958408071269697,0.2735704386606075,-0.5266298274404624
Province:Ningxia,1985,Spring,-0.24151135278824648,5,-0.8909035713292692,1.0946093066661167,-0.27829820758372903,1.103170522388418,-0.046916200750535396
Province:Ningxia,1985,Summer,0.14789104133985687,5,-0.7607958683426497,-0.0956963436655827,0.8279818167058041,1.0807188027206998,-0.5041458880501524
Province:Ningxia,1985,Autumn,-0.3340115540444216,5,-1.3388863527053518,0.741207586445285,-0.035296731714191315,0.8794616111148046,-0.43412871047208434
Province:Ningxia,1986,Winter,-0.3993780166307776,5,-0.9624133045666635,0.779272130015397,-0.967159043873235,1.1223036840500031,-0.41034928874859583
Province:Ningxia,1986,Spring,-0.26254427122333096,5,-0.6650943582035739,-0.009586616386233893,-0.45673157896452593,1.0822142933086194,-1.2826963286434083
Province:Ningxia,1986,Summer,-0.6564345724863417,5,-1.335814645695572,1.5879148777684664,-0.43219898557720077,0.9409237875527512,-0.8671681409432209
Province:Ningxia,1986,Autumn,-0.545444185274264,5,-1.2590064813380364,1.9265730329277775,0.2584237556108704,0.6598957826646505,-0.45996095038102724
Province:Ningxia,1987,Winter,0.44607396785972053,5,1.174258802370313,-0.8921358988057007,-0.21017163611450057,0.7680092041963011,-0.39386242995921156
Province:Ningxia,1987,Spring,0.07829851005162111,5,-0.038428263154093416,-0.48752713235632783,-0.43656640372346234,0.392465510695665,-0.013505425916331467
Province:Ningxia,1987,Summer,-0.5377569526316555,5,-0.9485428396576243,0.8086379176983765,-0.5418250562936475,-0.03974916914862779,-0.35002978036000143
Province:Ningxia,1987,Autumn,0.12895667325859048,5,2.175918175041076,1.0395688210154448,-0.42604028444842074,-0.40869287720641956,0.34316717392216145
Province:Ningxia,1988,Winter,-0.23495755882470476,5,0.1536660219498705,0.22171087378304385,0.10294776118440276,-1.2330230681722256,0.02333236469747237
Province:Ningxia,1988,Spring,-1.3155485938007767,5,-1.6486151500786599,2.1996665094078547,-0.34285126012124384,-1.3735327043144612,-1.0130773450816637
Province:Ningxia,1988,Summer,-0.6731531316815313,5,-0.7793976683239523,-0.04302878077759122,-0.45092029517114546,-1.3525533421309064,-0.8259231335592437
Province:Ningxia,1988,Autumn,-0.5323672272706035,5,-0.40297306930362514,-1.1286246088883425,-1.1484078920343506,-1.1068612263395305,-1.1322185575638537
Province:Ningxia,1989,Winter,0.06644798658031584,5,-0.4194402840553984,0.6922079535735725,2.5140727898066975,-0.07150171222209345,-0.998682907054054
Province:Ningxia,1989,Spring,-0.25878622358572284,5,-1.6104377926580422,-0.8704844351585164,0.6886992942835076,-0.1663537455659819,-1.076323309146614
Province:Ningxia,1989,Summer,-0.4612209246494288,5,-1.267833175874613,-0.03655237257364867,-0.19447068633723422,-0.626214698587988,-0.2541384350209573
Province:Ningxia,1989,Autumn,-0.21812555757103858,5,-0.6504842632028157,-0.8491857727114859,0.21922008571559998,-0.9205590477777745,-0.5879903353016884
Province:Ningxia,1990,Winter,0.21788606734214383,5,0.5547389262137498,-1.141892459098972,1.526696674938713,-0.7565589342621664,-1.377338789278549
Province:Ningxia,1990,Spring,-0.5640366840434925,5,-0.5131264664448626,1.0952065810171057,0.5495374327564277,-0.8084128747736736,-0.9529749307382485
Province:Ningxia,1990,Summer,-0.42349209032545154,5,-0.654069608363967,0.008478121168843115,-0.08874749625475865,-0.6479197604116894,-0.7182454654279996
Province:Ningxia,1990,Autumn,0.07392177170102605,5,0.6668494835342805,-0.7546609094245975,-0.458757287030177,-0.3994777864011249,-0.1936664610224457
Province:Ningxia,1991,Winter,0.06584958232640539,5,-0.2877111535687931,-1.0638262310228348,0.1132784550807191,0.10579019212127848,-0.6659358130240124
Province:Ningxia,1991,Spring,-0.33203435284405824,5,-0.3269772127611846,1.5317676645091258,0.09676173183245844,0.23875926337144426,-0.13694788215388357
Province:Ningxia,1991,Summer,0.09835091858432317,5,0.3277323258768107,-0.9014761160944235,-0.46737547195671225,0.44802338877739417,-0.7181017658703002
Province:Ningxia,1991,Autumn,-0.15278560933967816,5,-0.8523317985841535,-0.5541838139016851,-1.1716562275192115,0.5545460071753966,0.15133015832789257
Province:Ningxia,1992,Winter,-0.1613518512732845,5,-0.6071126579703849,0.1736451703558437,0.0801007047176241,0.8955342547776405,-1.0016363875354584
Province:Ningxia,1992,Spring,0.14204326945797213,5,-1.1586145772039858,-1.1505392360671982,-0.2967016342252239,0.6383617752992942,0.376631547352578
Province:Ningxia,1992,Summer,-0.14961700109802117,5,-1.2662550278311746,1.2116486362171452,0.09852202229948256,0.3083861865935796,1.3229104496651516
Province:Ningxia,1992,Autumn,0.21331188434210882,5,-1.099036881025246,0.23666083098488383,1.1536238828023284,-0.03024981496114564,1.2788830658794912
Province:Ningxia,1993,Winter,0.3347873413422765,5,0.03733205973354659,1.2854823855000987,1.8896469711317276,0.02857051656917707,1.0038695447770298
Province:Ningxia,1993,Spring,0.19235603210842006,5,-0.2536510502075681,-0.2553543246076152,-0.3169394879379445,-0.37988908015994316,1.6569054542399408
Province:Ningxia,1993,Summer,-0.5028839523711719,5,-0.9812435278016828,1.5739047120945056,-0.4256006707614082,-0.7228596051119845,1.1891887539137218
Province:Ningxia,1993,Autumn,-0.48369287788349186,5,-0.5640456868920994,1.5421838718593426,-0.4620462009473105,-0.899364224834286,1.0491755951155797
Province:Ningxia,1994,Winter,-0.1812977314247482,5,-0.8626881280347924,-0.14842787384581801,-0.6569715389213403,-0.6717404960518026,1.1364836320383762
Province:Ningxia,1994,Spring,0.2050944826602407,5,0.7717111350653603,0.05731747630435983,-0.37064224068068186,-0.7174583060142213,1.3991793012351061
Province:Ningxia,1994,Summer,0.2051017961206722,5,-0.5513277588078153,-0.42425827481987755,-0.018140761863614553,-0.5647382316622948,1.7354574581172082
Province:Ningxia,1994,Autumn,0.01722477462247094,5,0.8625625211999312,0.479019509491772,-0.6896724647350533,-0.33704030634276766,0.7292936324820165
Province:Ningxia,1995,Winter,0.530820289841732,5,-0.5956966374994834,-1.134550468988855,0.8796470801796679,0.3354657150933016,0.9001348224463194
Province:Ningxia,1995,Spring,0.10790937413372473,5,-1.261056505290612,-0.19889774756002976,-0.5092289356402688,1.1310060461157954,0.9799285179236793
Province:Ningxia,1995,Summer,0.4045557437529214,5,-0.6897783973617766,0.5536333003461874,0.36085542230639067,1.9934693368091565,0.9118656573570239
Province:Ningxia,1995,Autumn,0.6457309317888971,5,-0.10202384672597435,0.04074975175626035,-0.4971438206721286,2.407774854198458,1.4607972239003906
Province:Ningxia,1996,Winter,0.23517655060585393,5,-1.1352903164694088,-0.13541442846473842,-0.953480636588874,2.8597297011907488,0.2695095764320653
Province:Ningxia,1996,Spring,0.09721243343547097,5,-1.4292696710398942,1.7579890101441396,-0.3733265560971718,2.311295568972638,1.735351835485922
Province:Ningxia,1996,Summer,0.3294544234488862,5,-0.4670006556058289,-0.1214460353951793,-0.22348709983630752,1.348974178665608,0.8673396586257803
Province:Ningxia,1996,Autumn,0.9235834357204806,5,0.4970218954301081,-0.871551395744348,0.6170012021818324,0.28578416947093194,2.346558515775183
Province:Ningxia,1997,Winter,0.4078148716924906,5,0.441187720196664,-0.9899119345810917,-0.7160275669538949,0.0039175987129930895,1.3200846719255992
Province:Ningxia,1997,Spring,0.27323065179193506,5,0.6494286692169229,-1.448673748114693,-0.36176348493113475,-0.2783815520798632,-0.09180412136094293
Province:Ningxia,1997,Summer,0.8288526929267377,5,1.7024545899255341,-0.6270642255595585,-0.11027795205369509,-0.4855451147663524,2.410567715968643
Province:Ningxia,1997,Autumn,-0.4891500337556803,5,-0.05048273555745827,1.5985194838364356,-0.816263069164062,-0.5839321370334225,0.6034472568129774
Province:Ningxia,1998,Winter,0.05246177161283366,5,0.7251811783766308,-0.17435484422345862,-1.0304332398837972,-0.29607636611071325,0.6892824414585894
Province:Ningxia,1998,Spring,0.27139049869847287,5,1.8382551650712768,0.6573280141240114,0.06866196214780787,-0.2870976790639667,0.39446105946125765
Province:Ningxia,1998,Summer,0.07409114315354684,5,-0.06796230808757882,-0.7556016975803828,-0.345457922859851,-0.14008005603970383,0.16835430517448516
Province:Ningxia,1998,Autumn,1.1187339220039114,5,2.9743406538096626,-1.118352906829705,0.010334898057789,0.011247066364393309,1.4793940849580067
Province:Ningxia,1999,Winter,1.216035333005838,3,1.6094591381029753,-0.95400396297056,,,1.084642897943979
Province:Ningxia,1999,Spring,1.2130758485256143,3,0.7316234300300448,-1.2171138073662566,,,1.6904903081805416
Province:Ningxia,1999,Summer,0.9413731210847374,3,1.0353752219287156,-0.9759480629531956,,,0.8127960783723011
Province:Ningxia,1999,Autumn,0.6045753976744828,3,0.5069498357475433,-0.7050666461869571,,,0.6017097110889478
Province:Ningxia,2000,Winter,0.30694061609617157,3,-0.5689392464399341,0.17790203968597026,,,1.667663134414419
Province:Ningxia,2000,Spring,0.7580449707996326,3,0.057510647576031027,-1.1585852071129492,,,1.0580390577099175
Province:Ningxia,2000,Summer,0.6996523636614994,3,0.3957277458508511,-0.7310928189735276,,,0.9721365261601193
Province:Ningxia,2000,Autumn,0.24012099709933957,3,0.09710072931104007,0.482365087237227,,,1.1056273492242057
Province:Ningxia,2001,Winter,1.3115779447077254,3,0.9091908921514553,-1.3414166515364223,,,1.684126290435299
Province:Ningxia,2001,Spring,0.2791225583727288,3,0.3441310823804584,-0.10315249934536676,,,0.3900840933923613
Province:Ningxia,2001,Summer,0.8565931263969121,3,0.8886661652200587,-1.5892709669111718,,,0.091842247059506
Province:Ningxia,2001,Autumn,0.3962890748593197,3,-0.46700036021597746,-0.9800626497853445,,,0.6758049350085921
Province:Ningxia,2002,Winter,1.098429597389921,3,1.411081116854068,-0.8492989439272711,,,1.0349087313884235
Province:Ningxia,2002,Spring,0.43250207933037327,3,0.9860632126379131,-0.45517788531248854,,,-0.14373485995928173
Province:Ningxia,2002,Summer,0.9037396680358816,3,2.1333998408751214,-1.2465298391681614,,,-0.6687106759356382
Province:Ningxia,2002,Autumn,-0.014435146266888799,4,0.08189791380688488,0.2219770922767325,0.3529766630480754,,-0.27063806964578296
Province:Ningxia,2003,Winter,-0.19475315178645325,4,0.8120272029646265,0.9137806086379043,-0.40856578263429705,,-0.2686934188382381
Province:Ningxia,2003,Spring,0.47536150877074385,4,0.0645229259586175,-0.8473956502978167,-0.28138936269800935,,1.2709168215245505
Province:Ningxia,2003,Summer,-0.1557605205612886,4,-0.1449277901766958,0.5936184729211778,-0.11387437193390945,,0.22937855278662855
Province:Ningxia,2003,Autumn,0.35053628569449735,4,0.7461765559703818,0.7142520128768438,0.7038087605729458,,0.6664118391115055
Province:Ningxia,2004,Winter,-0.3423526971968308,5,-0.5127668760989038,-0.3612187392652881,-1.1691140307190195,-0.490904681654828,0.099803363223309
Province:Ningxia,2004,Spring,0.6114268674080001,5,1.6679364319464602,-1.0771493061550546,-0.3575198017911038,0.37580067054889404,0.293767730180696
Province:Ningxia,2004,Summer,-0.1528256446358228,5,-0.3256901114312423,0.8573864875328984,-0.3597078403687269,1.4506787913593957,-0.6720225752056421
Province:Ningxia,2004,Autumn,-0.0036276887848772253,5,-0.6877419995175615,0.011064338475081351,-0.32082370508879476,2.1408706921428733,-1.1393790929858216
Province:Ningxia,2005,Winter,-0.21004726467710255,4,0.04886441757505719,0.08155664850822682,-0.4351760941400874,,-0.3723207336351531
Province:Ningxia,2005,Spring,-0.12473574025661616,4,0.8391309545086286,-0.0963896809461282,-0.4097483225883814,,-1.02471527389284
Province:Ningxia,2005,Summer,0.49915721726692847,3,1.7799788637037615,-0.8037592632458358,,,-1.086266475148812
Province:Ningxia,2005,Autumn,0.05361019723696536,3,0.16096818479500527,-0.7124070356901812,,,-0.7125446287742904
Province:Ningxia,2006,Winter,-0.8022259621546789,3,-0.4355397444226349,0.6924757416353441,,,-1.2786624004060578
Province:Ningxia,2006,Spring,0.06984948881521709,3,1.5357538536247572,0.7069525090981665,,,-0.6192528780809394
Province:Ningxia,2006,Summer,0.6307822929971224,3,1.6799536171460348,-1.398016715094267,,,-1.1856234532489343
Province:Ningxia,2006,Autumn,0.3191396098962,3,1.1982990032230272,-0.7810637588522742,,,-1.0219439323867014
Province:Ningxia,2007,Winter,0.059556864764543395,3,0.10440438234847699,-1.2072993463959647,,,-1.1330331344508116
Province:Ningxia,2007,Spring,-0.11637824777019416,3,0.987630278985739,-0.07365665082434883,,,-1.4104216731206702
Province:Ningxia,2007,Summer,-0.3343761887093732,3,0.6444010819415594,0.4258445856783231,,,-1.2216850623913558
Province:Ningxia,2007,Autumn,-0.7464417152716788,3,-0.6705971889027103,-0.006540516114435715,,,-1.575268473026762
Province:Ningxia,2008,Winter,-1.9729876557803652,3,-1.1692985892164423,3.138741879283706,,,-1.6109224988409476
Province:Ningxia,2008,Spring,0.1430880712162005,3,0.8414842660109493,-1.2133417105080877,,,-1.6255617628704353
Province:Ningxia,2008,Summer,-0.15221036425098725,3,0.8514625652574541,0.18061308340036472,,,-1.1274805746100511
Province:Ningxia,2008,Autumn,-0.3711060341908807,3,-0.3014729781092983,-0.5219411365819173,,,-1.333786261045261
Province:Ningxia,2009,Winter,0.5784331210939836,3,2.538292519069849,-0.22399821308846224,,,-1.0269913688763608
Province:Ningxia,2009,Spring,0.4456218465671988,3,1.5234480320241899,-0.940000983316948,,,-1.1265834756395416
Province:Ningxia,2009,Summer,-0.39861167044920326,3,0.40450466540156227,0.41140432423023393,,,-1.1889353525189381
Province:Ningxia,2009,Autumn,-0.8586122404095894,3,0.6137909168414375,1.666073032762108,,,-1.5235546053080977
Province:Ningxia,2010,Winter,0.14691079536162474,3,1.5462980348213502,0.09448797033147727,,,-1.0110776784049988
Province:Ningxia,2010,Spring,-1.048604923690892,3,-0.3270012777364324,1.4599462474971656,,,-1.3588672458390785
Province:Ningxia,2010,Summer,0.4026740153514665,3,0.9827400682247657,-1.6626097755988773,,,-1.4373277977692434
Province:Ningxia,2010,Autumn,0.3912064039805308,3,1.3346294416964093,-1.1088540626966468,,,-1.2698642924514634
Province:Ningxia,2011,Winter,-0.676823192303902,3,0.5701923654272658,1.2766150179971958,,,-1.324046924341776
Province:Ningxia,2011,Spring,-0.7752741154331515,3,0.4274077134905706,0.9975734105628304,,,-1.7556566492271948
Province:Ningxia,2011,Summer,0.7131863116245616,3,2.561554936969491,-1.2157017015086833,,,-1.6376977036044895
Province:Ningxia,2011,Autumn,-0.1322010779123853,3,0.9154514834853174,-0.329356017680439,,,-1.6414107349029121
Province:Ningxia,2012,Winter,-1.0622780601004813,3,-1.2871811684632635,0.055758865431927145,,,-1.843894146406253
Province:Ningxia,2012,Spring,0.10492653990869243,3,0.2546681751379466,-1.880815536993705,,,-1.8207040924055744
Province:Ningxia,2012,Summer,0.47990792463162774,3,1.1697720631345845,-1.856314975679725,,,-1.5863632649194264
Province:Ningxia,2012,Autumn,-0.7795934487478918,3,-1.1280768238930639,-0.24071613652566784,,,-1.451419658876279
Province:Ningxia,2013,Winter,0.22542220325158965,3,1.8760681949933036,-0.41624256111043756,,,-1.616044146348972
Province:Ningxia,2013,Spring,1.2100110299985969,3,3.973781474737976,-1.47695570766339,,,-1.8207040924055744
Province:Ningxia,2013,Summer,0.7211877313554499,3,3.046170080029521,-0.6540778899061942,,,-1.5366847758693654
Province:Ningxia,2013,Autumn,0.09897622053189603,3,0.4906779325544019,-1.3857370568689569,,,-1.5794863278276707
Province:Ningxia,2014,Winter,-0.03660721409952076,3,1.2083689020260966,-0.45143971321524046,,,-1.7696302575398992
Province:Ningxia,2014,Spring,0.7816324684797027,3,2.6752174166725986,-1.3602891948153248,,,-1.6906092060488151
Province:Ningxia,2014,Summer,-0.27766186118782327,3,1.101908260015202,0.44623160712436555,,,-1.4886622364543063
Province:Ningxia,2014,Autumn,0.31713228386178244,3,1.3750000826378397,-1.0958695792869844,,,-1.5194728103394766
Province:Ningxia,2015,Winter,0.18723052899692635,3,1.0361017930761478,-0.990207650753434,,,-1.4646178568388029
Province:Ningxia,2015,Summer,-0.20453075439362509,3,0.2045955743626177,-0.7168409886908703,,,-1.5350288262343632
Province:Ningxia,2015,Autumn,0.02328730181297778,3,1.3671236183510609,-0.34414902199078456,,,-1.6414107349029121
Province:Ningxia,2016,Winter,-0.5383398806146955,3,0.04244950360083663,0.036366665637731596,,,-1.6211024798071916
Province:Ningxia,2016,Spring,0.4344767450344737,3,2.235384662773018,-0.8215339734516518,,,-1.7534884011212488
Province:Ningxia,2016,Summer,0.9705004866351551,3,3.336582356978622,-1.0619253897461478,,,-1.4870062868193044
Province:Ningxia,2016,Autumn,0.6545910232125021,3,2.8925142352007707,-0.6527427237829623,,,-1.5814838893462269
Province:Ningxia,2017,Winter,0.7443694639706265,3,2.622004557368727,-1.2985133579810164,,,-1.6874095234378645
Province:Ningxia,2017,Spring,0.2877168968812082,3,0.5816203874499277,-2.1022343955992713,,,-1.8207040924055744
Province:Ningxia,2017,Summer,0.413021504739187,3,2.6130565283293787,-0.2637056894926718,,,-1.6376977036044895
Province:Ningxia,2017,Autumn,0.13654377324751166,3,1.020265903414371,-1.0927005583063176,,,-1.7033351419781535
Province:Ningxia,2018,Winter,-0.3988398981889085,3,0.4429316139370027,-0.13017894903617097,,,-1.7696302575398992
Province:Ningxia,2018,Spring,1.9339729640398282,3,5.878426603273624,-1.7441963812514354,,,-1.8207040924055744
Province:Ningxia,2018,Summer,1.0192969249125303,3,2.798403666582031,-1.8971848117600498,,,-1.6376977036044895
Province:Ningxia,2018,Autumn,-0.5161649453929669,3,-0.27420958977837134,-0.42904989557762435,,,-1.7033351419781535
Province:Ningxia,2019,Winter,-0.7324108838706636,3,-0.2623172452767594,0.173241994031013,,,-1.7616734123042184
Province:Ningxia,2019,Spring,0.3297084242978842,3,1.6060553313308272,-1.2037740339683995,,,-1.8207040924055744
Province:Ningxia,2019,Summer,-0.15501251676114713,3,0.7230475961361534,-0.3999340681348335,,,-1.5880192145544283
Province:Ningxia,2019,Autumn,0.23485957090493828,3,1.0736140491904973,-1.2743729599457858,,,-1.6434082964214682
Province:Ningxia,2020,Winter,0.6480916758504287,4,2.377321200211678,-1.1108490575644898,0.8738267031654464,,-1.7696302575398992
Province:Ningxia,2020,Spring,0.09084699384616635,4,1.0471067112143195,-1.5317964652169396,-0.3948111086410194,,-1.8207040924055744
Province:Ningxia,2020,Summer,0.21210192956251417,4,1.2949794643277606,-1.4442035065021228,-0.3044119876604008,,-1.5863632649194264
Province:Ningxia,2020,Autumn,0.37126222403105175,4,0.24844266051826075,-0.5303427258819615,2.4095986517021384,,-1.7033351419781535
Province:Ningxia,2021,Winter,2.082607921940893,4,2.6756808724134173,0.32829098933197565,7.035100459008509,,-1.0520586543263797
Province:Ningxia,2021,Spring,0.7791998722284793,4,3.396472414707728,-0.9893952271501807,0.5516359394615832,,-1.8207040924055744
Province:Ningxia,2021,Summer,0.893428892080512,4,3.667004967124013,-1.8909193901832642,-0.3465110853807392,,-1.6376977036044895
Province:Ningxia,2021,Autumn,0.07890929416493779,3,1.6526717248120453,-0.22546689258568017,,,-1.6414107349029121
Province:Ningxia,2022,Winter,-0.04403709679750937,3,0.5633642334146586,-1.0741547337327126,,,-1.7696302575398992
Province:Ningxia,2022,Spring,1.0992879681751582,4,4.989422519458443,-1.5675308690814533,-0.33909742343368987,,-1.8207040924055744
Province:Ningxia,2022,Summer,1.2864532248418963,4,4.3554513817164215,-1.6776685639865268,0.7503906572691263,,-1.6376977036044895
Province:Ningxia,2022,Autumn,0.39369573849981804,4,1.9793303581446622,-0.41326969927894724,0.8855180385538165,,-1.7033351419781535
Province:Ningxia,2023,Winter,0.11152784829415423,5,0.8109535217656796,-0.5820370261235613,2.395562580148689,-1.4612836290272597,-1.7696302575398992
Province:Ningxia,2023,Spring,-0.08002154173179048,5,3.240618778110835,0.3231334490273983,-0.09068645664161358,-1.4757359624376067,-1.7511706186631686
Province:Ningxia,2023,Summer,0.539310632200096,5,3.653156135261962,-2.1677801132592074,-0.3282813403135875,-1.1584040436026122,-1.6376977036044895
Province:Ningxia,2023,Autumn,0.5580083614819691,5,3.1005134580093294,-0.9368058100375081,1.063095268604741,-0.6878085530138938,-1.6225641762278387
Province:Ningxia,2024,Winter,0.8430317144203795,4,2.723419174849256,0.5496677401262451,2.814419569307479,,-1.616044146348972
Province:Ningxia,2024,Spring,1.4045217215789818,4,5.067883280814833,-2.41088779834023,-0.03998010043356173,,-1.8207040924055744
Province:Ningxia,2024,Summer,0.9447964627311244,3,2.39933288998654,-1.9717412740761993,,,-1.5366847758693654
Province:Ningxia,2024,Autumn,1.1332831556837535,3,3.927329509617861,-1.0210440817234492,,,-1.54852412429005
Province:Ningxia,2025,Winter,-0.27265206793578317,3,0.22322990068510162,-0.8027080419138019,,,-1.843894146406253
Province:Ningxia,2025,Spring,0.4902507749243025,3,3.006481891878214,-0.21775883401594223,,,-1.7534884011212488
Province:Ningxia,2025,Summer,0.9885868980494147,3,3.2481141770118214,-1.304009782055849,,,-1.5863632649194264
Province:Anhui,1981,Spring,0.12111933754468958,4,-0.4612183436674869,-0.451678714299182,-0.41568276820058286,,0.9096997477476461
Province:Anhui,1981,Summer,0.6122073364454795,4,0.32969810691162443,-0.46279074183363633,0.9695741247560702,,0.6867663722805872
Province:Anhui,1981,Autumn,-0.2543790394269002,4,-1.8651706385674698,2.796843385552929,2.1358563527426364,,1.5086415136701619
Province:Anhui,1982,Winter,-0.164547747005096,4,-0.7087902435539597,0.2761577049524633,,-1.4769855393863656,1.8037424998724045
Province:Anhui,1982,Spring,-0.42551170370482627,5,-0.3650710106994809,0.6600429513080269,-0.9660053825550787,-1.947274071572251,1.810834897610706
Province:Anhui,1982,Summer,-0.8658257872959517,5,-1.4178567854589417,1.3118883719745302,0.1427442066095829,-1.9947502481542845,0.25262226249841424
Province:Anhui,1982,Autumn,-0.5169782804181694,5,-1.1855889658598673,-0.8310535908475181,-0.6001326350046851,-1.5529471860482544,-0.07727620602555842
Province:Anhui,1983,Winter,-0.40260914558294425,5,-1.1671542249340439,0.39833693575892876,-0.652850687373888,-0.9795272492724125,1.1848233694245522
Province:Anhui,1983,Spring,0.2773467359737745,5,-0.5310738480985939,0.1829299573312886,-0.294711579460065,-0.39588370922164917,2.791332773980469
Province:Anhui,1983,Summer,0.3934259581269154,5,-0.7627362473033796,0.2680900514458477,0.11449576181617029,0.5460890918308383,2.3373712357367955
Province:Anhui,1983,Autumn,0.9397684625386251,5,-0.3459987064556771,-1.0798589587362648,1.8686289128512032,1.1854030939506053,0.9109500536107288
Province:Anhui,1984,Winter,-0.8416072649028514,5,-1.705533456095184,2.489325073922566,-1.1581278653312157,1.6353497148237826,-0.49039964398907454
Province:Anhui,1984,Spring,-0.28688232170527705,5,-1.1860267557311797,0.6416335287510424,-1.7441321306257893,1.52387682117075,0.6135039854108759
Province:Anhui,1984,Summer,0.19803477243356576,5,-0.905133950240326,-0.3229145701073347,-0.3349164524290453,0.9625949728128069,0.9447147219170584
Province:Anhui,1984,Autumn,-0.022097356544337775,5,-0.6647331572973715,0.020110098517000574,1.3461575475324876,0.2713002183117432,-1.0431012927515477
Province:Anhui,1985,Winter,-0.3016983350963018,5,-0.6907687269260202,1.4734918226287606,0.020999776037473616,0.03660402064190607,0.5981650773938922
Province:Anhui,1985,Spring,-0.49709382458555024,5,-0.6356918712243339,0.5286460996480052,-0.8477949812142404,-0.49685968374003014,0.023523512898858675
Province:Anhui,1985,Summer,-0.38579157046667234,5,-1.187343346099301,-0.6853415138573234,-1.238313553318277,-1.049768630925137,0.8611261641520302
Province:Anhui,1985,Autumn,-0.34830864494380254,5,-0.6451409314292307,0.1652439571292351,0.8043161623913334,-1.249309920108993,-0.4861645784428872
Province:Anhui,1986,Winter,-0.9042562921405957,5,-1.5520436656392353,0.9476942387508641,-1.7370686900090988,-1.124980570195911,0.8405057038921305
Province:Anhui,1986,Spring,-0.17767652621780555,5,0.0476904633194509,-0.33922553543131645,0.45039076883966667,-1.4209864267521615,-0.3047029719273002
Province:Anhui,1986,Summer,-0.6434809079467978,5,-0.7033469829864725,0.3753719010217555,-0.5614211645644728,-1.3680805922782917,-0.20918389888299652
Province:Anhui,1986,Autumn,-0.8361307527930443,5,-1.3692414670500126,1.5538345683628851,-0.005739876412503752,-0.9951289519027698,-0.2567089002370504
Province:Anhui,1987,Winter,0.30469975899073487,5,0.8372508411457167,-0.2393166539429401,-0.29532161561284653,-0.6127849350094937,1.355037850487358
Province:Anhui,1987,Spring,-0.5163134274625977,5,-0.25157623019762465,1.8532555560707025,-0.48828064790667486,-0.7949818788346382,0.8065271756966524
Province:Anhui,1987,Summer,-0.8331788294312374,5,-1.111928820143581,1.5368737561921229,-0.33574761809634174,-0.782485396069947,-0.39885855665419473
Province:Anhui,1987,Autumn,0.09901462601657812,5,1.0591828146072222,1.1341606063901812,0.20682533587794155,-0.5837099372758291,0.9469355232637372
Province:Anhui,1988,Winter,-0.24580685390506735,5,-0.029008279926661554,0.5693866040841539,-0.4294819638510116,-0.15990515393211405,-0.04125226773139553
Province:Anhui,1988,Spring,-0.4596340975532437,5,-0.6331019645500834,1.3657080458779232,-0.7988919890110509,0.329768658710807,0.1697628529620327
Province:Anhui,1988,Summer,0.23588191894063382,5,1.2332965840784302,-0.2738435846307568,-0.6280630064669104,0.933788470132552,-0.6334560376716595
Province:Anhui,1988,Autumn,-0.07459192310450764,5,-0.9443271754250097,-0.3928598055453312,-1.2481492514919688,1.203105025834571,0.22355198001453813
Province:Anhui,1989,Winter,0.434833150945151,5,-0.02218837717161565,-0.416493774089502,0.42567278952019055,1.4921371594977288,-0.13794959121005035
Province:Anhui,1989,Spring,-0.14000074732496057,5,-1.3976607062413866,-0.16681491608828344,-0.2894899930577985,1.1750647780441072,-0.35473273145800843
Province:Anhui,1989,Summer,-0.795443922175292,5,-1.1133182872404217,2.0131638952429713,-0.2780748034932024,0.38539288043231684,-0.9580555053321813
Province:Anhui,1989,Autumn,-0.5745267682130621,5,-1.0321594416742386,0.61335329799922,-0.014733169221244924,-0.3537305776498543,-0.8586573545207526
Province:Anhui,1990,Winter,-0.06982966296912761,5,-0.7283566643401239,-0.5637654659927956,-0.18212812835459666,-0.2948802622028515,0.29245127405913846
Province:Anhui,1990,Spring,0.023097737475671565,5,-0.4764883186644028,0.11955441882482959,0.5204136926383598,-0.6329525540846339,0.8240702863138643
Province:Anhui,1990,Summer,0.29720106168941457,5,0.36603851444485996,-1.4783443871814073,-0.7429385495835981,-1.1079863695302425,1.4925473259346462
Province:Anhui,1990,Autumn,0.19847454391618408,5,0.16657957649734995,-0.7048027422607211,0.14460893238947695,-1.2297673017770243,1.2061487702103966
Province:Anhui,1991,Winter,0.08327463800955148,5,-0.7783504732786466,-1.0753779941034944,1.1428223318387365,-0.839158632404719,-0.18431803021110796
Province:Anhui,1991,Spring,-0.21412827412666724,5,-0.9002371066660051,2.551728996256888,2.8341698494891028,-0.34623152101254623,-0.1066135961869998
Province:Anhui,1991,Summer,0.5672280534066007,5,-0.24326004846008897,0.5074416138636944,3.5724193516304013,0.3112852444790564,-0.29686266675267114
Province:Anhui,1991,Autumn,-0.3159408982551926,5,-1.2607569177993145,-0.26018651675926363,-0.5525519996391178,0.7743821278489876,-0.8009642184457821
Province:Anhui,1992,Winter,0.640173798781783,5,0.6211707219596831,-0.10392195133355225,1.8399859923140243,1.1609209354512289,-0.5251306071495734
Province:Anhui,1992,Spring,0.010595340776420919,5,-0.7765025202221094,0.4307342129146757,0.23018826282554405,1.0872839976787305,-0.05725882348538495
Province:Anhui,1992,Summer,-0.3108787132653327,5,-0.25880180261845487,1.3030068787101476,-0.7769831144485659,0.703819072793324,0.08057915665718095
Province:Anhui,1992,Autumn,-0.29602973683387285,5,-1.0867303454836106,1.2478639646091716,-0.5513529760723856,0.22040263673959348,1.18539596525621
Province:Anhui,1993,Winter,0.4608227930792285,5,-0.3658901912445459,0.2715078214506403,0.9496356109008328,0.1857150721961265,1.8061612949943697
Province:Anhui,1993,Spring,0.32311193021795026,5,-0.733371838425911,0.45778369205695746,1.2883112090687299,0.09953965281576724,1.4188643196881225
Province:Anhui,1993,Summer,-0.6009592428945709,5,-0.9228780956139718,1.9883929023722744,-0.14536841392346125,-0.01552358240718788,0.0673667798440401
Province:Anhui,1993,Autumn,-0.3068162636101333,5,-0.7155980458286348,0.6776321507016615,-0.23873751485516412,-0.10594949085375675,0.20383588418855075
Province:Anhui,1994,Winter,0.014925423560602535,5,-0.7732261251136047,-0.5440121658593664,-0.6995640235301323,0.021537670860845397,0.9818674297265378
Province:Anhui,1994,Spring,0.06915858020797994,5,0.5085002162402565,-0.7049220587404863,-0.7759854368774786,-0.15657059433372403,0.06492665727035941
Province:Anhui,1994,Summer,0.608304974988193,5,1.142135677842921,-1.2570910357256637,-0.6034394487454011,-0.3230289898450805,1.568766599962862
Province:Anhui,1994,Autumn,0.12796530904611916,5,0.45524091363193425,-0.10229049106010935,0.008800845326303004,-0.381419317519267,0.45491361273151615
Province:Anhui,1995,Winter,0.11152099961903703,5,-0.4496961741242407,-1.268626393873182,-0.32253145104948755,0.002182863005310686,0.059023366390420585
Province:Anhui,1995,Spring,0.10560447834857851,5,-0.980199554160357,-0.6301137698692386,0.5282580424246714,0.8319264843148054,-0.48207635070546595
Province:Anhui,1995,Summer,0.1957382551271807,5,-0.8710149393175598,-0.8566252717519164,-0.4258684887219851,1.7547544398461812,-0.3358050079226492
Province:Anhui,1995,Autumn,0.441858641770868,5,0.2581019423405388,-0.4857929892854002,-1.469670704965989,2.0871592827030896,0.8479096994913001
Province:Anhui,1996,Winter,-0.11376956611641045,5,-0.9166319690154218,0.7873991210521903,-1.3845467996101846,2.3365666232440385,0.1831634358517059
Province:Anhui,1996,Spring,-0.33793699310408154,5,-1.509189815314757,1.0606822595697007,-0.8987109664374987,2.0321404655929167,-0.2532423897913678
Province:Anhui,1996,Summer,0.49490386769699307,5,-0.3955398176348838,0.36689816394653263,0.35492962407227635,1.0606987398240675,1.821328956170038
Province:Anhui,1996,Autumn,0.1887647116482703,5,-0.6061563098173871,-0.6488113769507665,0.06090366995082543,0.010094468074039048,0.8301703530831075
Province:Anhui,1997,Winter,-0.2318290327563322,5,0.364071698441939,-0.6947471579265717,-1.0871456520661051,-0.4642013052758069,-0.6666170628082597
Province:Anhui,1997,Spring,-7.645838429795048e-05,5,0.8234217848871497,-1.5711262845252743,-0.7868611088907121,-0.8836213879089999,-0.7244478645342015
Province:Anhui,1997,Summer,-0.39184794426620795,5,-0.6617779591946802,-0.848525928956296,-0.4816092740802635,-1.1691470350714959,-0.4952313819408963
Province:Anhui,1997,Autumn,-0.5108026360071104,5,0.004825496593936022,1.0744562142831122,-0.6147490393919622,-1.1210992299978668,0.2514658070434529
Province:Anhui,1998,Winter,0.3902166869380819,5,0.5068207974157768,-0.3170629963447005,0.5450970125297776,-0.5578690063081332,1.139971634708288
Province:Anhui,1998,Spring,0.35630133458102076,5,1.3400157584430368,0.15468830785452933,-0.15051142155203398,0.029503086756079055,0.7171875571125513
Province:Anhui,1998,Summer,0.5057475809652355,5,0.5243772578706931,-1.284562728490892,0.009565814595908934,0.6989613543504631,0.011270749518219925
Province:Anhui,1998,Autumn,0.6057757442801103,5,1.2838660015852965,-1.9313254578795178,-1.6317171439989677,1.078416203100297,0.3669882028344074
Province:Anhui,1999,Winter,1.1609496260135546,3,2.4367568469134304,-1.2924281633762735,,,-0.2463361322490404
Province:Anhui,1999,Spring,0.28800578576437114,3,-0.41433381901334493,-0.21539009847001864,,,1.0629610778364398
Province:Anhui,1999,Summer,-0.47504849346568395,3,-0.9052036554236693,1.6051420263334817,,,1.0852002013600994
Province:Anhui,1999,Autumn,1.3101307825192305,3,1.689097862586062,0.0033000632905993517,,,2.244594548262229
Province:Anhui,2000,Winter,-0.23318196330954954,3,-0.8556098190328281,0.5729581177422267,,,0.7290220468464061
Province:Anhui,2000,Spring,0.8177447648504573,3,0.1951154855616229,-1.7926455733409767,,,0.4654732356487724
Province:Anhui,2000,Summer,0.345915061843391,3,-0.9553017176257014,-1.2425718673242232,,,0.7504750358316511
Province:Anhui,2000,Autumn,0.35965237723429255,3,0.3127556161500001,0.7938366246399361,,,1.5600381401928136
Province:Anhui,2001,Winter,0.6505906143080498,3,0.25994556013872167,-1.3566129590496958,,,0.33521332373573176
Province:Anhui,2001,Spring,-0.18494277148799199,3,0.1824092851510205,-0.6436877608859319,,,-1.3809253605009284
Province:Anhui,2001,Summer,-0.1576802867416616,3,0.5248989103378803,0.06818979153815982,,,-0.9297499790247052
Province:Anhui,2001,Autumn,-0.08835789302645662,3,-0.7979671841483823,-1.0766284408174298,,,-0.5437349357484174
Province:Anhui,2002,Winter,0.5860154801034151,3,1.696782919842916,-1.3333963974237886,,,-1.2721328769564597
Province:Anhui,2002,Spring,0.10606587474124936,3,1.2496787892443124,0.19634420692126076,,,-0.7351369580993035
Province:Anhui,2002,Summer,0.04836888264540421,3,1.3533066878875917,0.38398311889345016,,,-0.8242169210579289
Province:Anhui,2002,Autumn,-0.11869103695371633,4,0.5463206835598428,0.25046958641128675,-0.47281653550346797,,-0.29779870945995335
Province:Anhui,2003,Winter,0.354428212248872,4,-0.04503806800687971,0.23488002618290935,1.721505711041863,,-0.02387476785658612
Province:Anhui,2003,Spring,0.37451110724475345,4,-0.22997740067588432,-0.5139463398819586,1.2956612540748587,,-0.08158576430191912
Province:Anhui,2003,Summer,0.34274945191459477,4,1.540969815547054,0.5216615570022414,1.27501222029108,,-0.9233226711775135
Province:Anhui,2003,Autumn,0.5148369436273816,4,1.2075672455523572,0.31914762697371024,1.4298734188161955,,-0.2589452628853157
Province:Anhui,2004,Winter,-0.028277331470976996,5,0.9518808059522743,-1.0536443385391105,0.24330246782452628,-0.3607214057331531,-2.0294928639376426
Province:Anhui,2004,Spring,0.36681020968258576,5,0.6501183171800664,-0.8548223021649467,0.6534406585469384,-0.0337421176233417,-0.29058811185568073
Province:Anhui,2004,Summer,0.06475872795021054,5,0.13248937765717336,-0.49697853913904955,0.11400278410003331,0.4533865777800531,-0.8730636389252565
Province:Anhui,2004,Autumn,-0.13049296072398153,5,-0.163791934693856,-0.6709681801273323,-0.6056203313209442,0.7427988565706946,-1.2968195743031343
Province:Anhui,2005,Winter,-0.4072396727115363,4,-0.3712430895249225,0.8696672143990268,1.059745184781139,,-1.447793571703335
Province:Anhui,2005,Spring,0.35549465877363745,4,1.1320669786449757,-0.8374115037949561,0.6562246678811314,,-1.2037245152265135
Province:Anhui,2005,Summer,0.7243880207338993,3,1.752779861239415,-0.048529506772015674,,,0.371854694190267
Province:Anhui,2005,Autumn,0.821040560826786,3,1.9782538919909154,-1.0495152233178673,,,-0.5646474328284246
Province:Anhui,2006,Winter,-0.34541335068145185,3,-0.1405312696925894,0.9822239761265608,,,0.08651519377479451
Province:Anhui,2006,Spring,0.4032144641862489,3,1.4676227014241854,-0.2838690246312524,,,-0.541848333496691
Province:Anhui,2006,Summer,0.7036300602819067,3,1.7137088252335753,-1.405652542417391,,,-1.0084711868052463
Province:Anhui,2006,Autumn,0.2295915121377655,3,1.7404043380441585,-0.5422231840686805,,,-1.5938529856995425
Province:Anhui,2007,Winter,0.39487276394898685,3,0.9039786105773107,-1.659023395912198,,,-1.378383714642548
Province:Anhui,2007,Spring,1.0630565027217014,3,2.9810911652132743,-1.1241533350512585,,,-0.9160749920994288
Province:Anhui,2007,Summer,-0.05178897045046956,3,0.23470372282013016,-0.8370357053959555,,,-1.2271063395674944
Province:Anhui,2007,Autumn,0.05016628075410886,3,0.36360293743191074,-0.6620106740686641,,,-0.8751147692382484
Province:Anhui,2008,Winter,-1.1341640157322714,3,-0.4930595618225144,1.6769910559148098,,,-1.23244142945949
Province:Anhui,2008,Spring,0.17453212696767081,3,0.9132759280273363,-1.357340345283287,,,-1.747019892407611
Province:Anhui,2008,Summer,-0.5156403182137477,3,-0.9798699794881299,-0.2633666170856016,,,-0.8304175922387146
Province:Anhui,2008,Autumn,0.38383135293468645,3,0.8986833167335252,-1.2420177143325413,,,-0.9892069722620072
Province:Anhui,2009,Winter,0.5977767899248779,3,1.7548180762319492,-0.08112262730283039,,,-0.04261033376014572
Province:Anhui,2009,Spring,0.11078999682627226,3,0.8773006514400549,-0.44036855974960104,,,-0.9852992207108392
Province:Anhui,2009,Summer,0.30874243357284054,3,1.4066697200271894,0.08639491318188551,,,-0.3940475061267823
Province:Anhui,2009,Autumn,-0.6187452926019402,3,0.5493423461202762,1.4145634156992346,,,-0.9910148082268624
Province:Anhui,2010,Winter,-0.2222732762578692,3,1.4596435008233226,0.4495327221039021,,,-1.6769306074930281
Province:Anhui,2010,Spring,-1.374586837811884,3,-0.8865864212238078,1.7237838888221435,,,-1.5133902033897007
Province:Anhui,2010,Summer,-0.0938591973241123,3,1.140239372951023,-0.5723244010496339,,,-1.9941413659729936
Province:Anhui,2010,Autumn,-0.4178418667233894,3,0.16953623810473506,-0.3844702145027595,,,-1.8075320527776628
Province:Anhui,2011,Winter,-0.6415184277458907,3,0.6118156663271086,1.7560062537831962,,,-0.7803646957815847
Province:Anhui,2011,Spring,-0.5712358809787771,3,0.7641106368118687,0.3448478688555274,,,-2.1329704108926726
Province:Anhui,2011,Summer,-0.6397611847917696,3,0.391913398953339,0.3202725091481137,,,-1.9909244441805338
Province:Anhui,2011,Autumn,-0.22647229139657207,3,1.1103194538255374,0.21615233036109216,,,-1.5735839976541615
Province:Anhui,2012,Winter,-1.6163996493665966,3,-1.5009087601655258,0.3890281933146875,,,-2.959261994619577
Province:Anhui,2012,Spring,-0.3419275299002411,3,0.351273380680433,-1.1893249556009304,,,-2.5663809259820867
Province:Anhui,2012,Summer,0.35933567254852833,3,1.0900550548631849,-1.2811740711992157,,,-1.2932221084168156
Province:Anhui,2012,Autumn,-1.0799483838194686,3,-1.1650340462054376,0.16588950169039876,,,-1.9089216035625691
Province:Anhui,2013,Winter,-0.662664051737471,3,0.28149890003347766,0.444362192170452,,,-1.8251288630754388
Province:Anhui,2013,Spring,0.495605094489411,3,1.7831024808462743,0.09262458464525,,,-0.2036626127327915
Province:Anhui,2013,Summer,1.6463053030410189,3,3.5261238757602107,-1.1460223196031079,,,0.26676971375973874
Province:Anhui,2013,Autumn,0.17313822901753506,3,0.8362577864526555,-0.04428210150418622,,,-0.3611252009042365
Province:Anhui,2014,Winter,-0.1570980987373329,3,1.2168548009685012,0.644808798524641,,,-1.0433402986558589
Province:Anhui,2014,Spring,0.4021790560821868,3,1.0934909221748004,-1.4394417027005313,,,-1.3263954566287712
Province:Anhui,2014,Summer,-1.458352423715443,3,-0.8273449845124449,1.574176799627442,,,-1.973535487006442
Province:Anhui,2014,Autumn,0.27221783679115774,3,0.743715967816896,-0.8583785731058643,,,-0.785441030549287
Province:Anhui,2015,Winter,0.33296277079559544,3,0.6130732291560896,-0.5515976149368278,,,-0.1657825317061311
Province:Anhui,2015,Summer,-0.838596192080222,3,-1.1640442805585764,1.6221379929170892,,,0.2703936972349993
Province:Anhui,2015,Autumn,-0.0832133453407861,3,-0.012928131776254554,0.1731090934265303,,,-0.06360281081957345
Province:Anhui,2016,Winter,0.17078610190585874,3,0.8518291900360175,-0.13583500455003558,,,-0.4753058888684769
Province:Anhui,2016,Spring,0.04499764508559726,3,0.7619900017883612,0.3410784165526439,,,-0.28591864997892547
Province:Anhui,2016,Summer,0.0668206168078865,3,1.5012011432417471,0.24134326245098445,,,-1.0593960303671033
Province:Anhui,2016,Autumn,1.2667534846024604,3,1.8534331014788978,0.1611889016081921,,,2.1080162539366754
Province:Anhui,2017,Winter,1.4061838997938592,3,2.011562453384885,-1.4262385299434541,,,0.7807507160532386
Province:Anhui,2017,Spring,0.11987005380673121,3,0.6938854576032324,-1.4506673454482077,,,-1.7849426416312464
Province:Anhui,2017,Summer,0.445544252632246,3,0.9602400276484089,-0.7005416601691392,,,-0.3241489299208101
Province:Anhui,2017,Autumn,0.2560925931664857,3,0.10244031001057723,-0.38101667110867676,,,0.28482079838020313
Province:Anhui,2018,Winter,-0.8057868988822605,3,-0.5487705415914235,1.6076993547590364,,,-0.2608908002963216
Province:Anhui,2018,Spring,1.587789050447234,3,4.167036256646535,-0.6695605842420947,,,-0.07322968954692681
Province:Anhui,2018,Summer,0.8888686238331118,3,1.0160038084078868,-1.6627926985712025,,,-0.012190635479753595
Province:Anhui,2018,Autumn,0.11202888204080334,3,0.5745094535830862,-0.6321474361663024,,,-0.8705702436269785
Province:Anhui,2019,Winter,-0.3296513390612061,3,0.39373280611173106,0.26183038733305386,,,-1.1208564359622954
Province:Anhui,2019,Spring,0.3852926707837277,3,1.1658953229468114,-1.1640619921106896,,,-1.174079302706318
Province:Anhui,2019,Summer,0.2723127775258184,3,0.865623740403594,-0.641432482145995,,,-0.6901178899721337
Province:Anhui,2019,Autumn,1.0776382874580204,3,2.377261240691308,-1.012217056056143,,,-0.15656343437338985
Province:Anhui,2020,Winter,2.339331220164023,4,2.467816615201707,-1.6990690104875434,6.496511451355325,,-1.3060721963884832
Province:Anhui,2020,Spring,1.1099590863420739,4,1.9470972168791485,-0.7176528990070806,3.491902601531376,,-1.71681637204931
Province:Anhui,2020,Summer,1.804155316729633,4,1.4627113344649256,0.401278724527796,7.603164358498233,,-1.4479757015168317
Province:Anhui,2020,Autumn,1.6265781458594466,4,0.48152017581417333,-0.5766895490431353,6.584480188898534,,-1.1363773303180573
Province:Anhui,2021,Winter,1.4689432137517873,4,2.8511192809467407,-0.11015104209888746,2.79275333721799,,0.12174919474353103
Province:Anhui,2021,Spring,1.449175267132435,4,0.5968493797703465,-1.4578053814795948,5.284367080562554,,-1.542320773282756
Province:Anhui,2021,Summer,1.342709888347888,4,0.5518178184431279,-0.42179245747586747,4.791225733396344,,-0.3939964559237868
Province:Anhui,2021,Autumn,1.3695784941959532,3,3.567677436737934,-0.167541953073332,,,0.37351609277659337
Province:Anhui,2022,Winter,-0.1457805946921158,3,0.6994430187302022,-0.6588751480534464,,,-1.795659950859996
Province:Anhui,2022,Spring,2.656246867246695,4,2.84436520875511,-0.6242400610211911,8.270548937914501,,-1.1141667387040228
Province:Anhui,2022,Summer,1.7829780576918584,4,5.7473894689122265,-1.185208137641041,1.372079784047178,,-1.1727651598330124
Province:Anhui,2022,Autumn,1.3529249467563862,4,2.119335859908984,0.16996974911824544,3.6556430683658183,,-0.19330939213101267
Province:Anhui,2023,Winter,0.9362921593435033,5,0.9336959363199229,0.16265159315436176,6.133667234105661,-0.8097655604688849,-1.4134852200848205
Province:Anhui,2023,Spring,1.3486392081963543,5,3.2907494764716883,0.03187046007858553,5.281998689889037,-1.157270483670786,-0.6404111816295839
Province:Anhui,2023,Summer,0.44659336688018786,5,0.7632248810291397,-0.9042328983340878,2.798396860494761,-1.2655839213662643,-0.9673038840907854
Province:Anhui,2023,Autumn,1.1027606078776333,5,3.819432879140284,-1.1972358047773262,2.2907790913630652,-1.0492700625429403,-0.7443746733495675
Province:Anhui,2024,Winter,1.2918855600110697,5,1.9879450027664907,2.026152555643506,6.769470512586938,-0.4034719201106035,0.13163676045602923
Province:Anhui,2024,Spring,0.5435229208959033,5,1.8027628880896949,-1.2026720385496596,2.2485487784012195,-0.1581913239942082,-2.37817777656685
Province:Anhui,2024,Summer,1.0933907280777166,5,4.4122795360554266,-1.5314727389446097,-0.34763775124482416,-0.06567271851560127,-0.06348816485102739
Province:Anhui,2024,Autumn,1.8113130522472758,5,4.451578216048434,-1.3628660718179606,2.1513187364061355,0.025868055848092406,1.064934181115757
Province:Anhui,2025,Winter,-0.11913834262054102,4,0.8464870194693268,-0.30892965713667614,0.07702772706823101,,-1.708997774156398
Province:Anhui,2025,Spring,1.43182486132593,4,3.6943330780954056,-1.005871835649195,1.085041613372447,,-0.05794708181332789
Province:Anhui,2025,Summer,1.6817708249549463,4,3.619852528414498,-1.3447198093472001,2.1611212601982945,,-0.39861029814020765
Province:Shandong,1981,Spring,0.9107146126386543,4,0.8847716449424994,-0.6486100397451169,0.6782267300640972,,1.4312500358029039
Province:Shandong,1981,Summer,0.42756878421960126,4,0.15889226886795427,-0.2578816717895146,0.40007909998221525,,0.8934220962387209
Province:Shandong,1981,Autumn,-0.4782744625647582,4,-1.3708490421367203,2.6661086857729077,0.421631452887835,,1.7022284247627602
Province:Shandong,1982,Winter,-0.46451044658734797,4,-0.6891365243823804,0.45888127440027787,,-1.2125069555398604,0.5024829679731271
Province:Shandong,1982,Spring,0.2306805410350629,5,0.4826633957885549,-0.7398969155028041,-1.0752385240352427,-1.326762976286584,2.3328438942057823
Province:Shandong,1982,Summer,-0.5544634232196979,5,-1.0396150649711502,-0.1295270604376751,-0.9440805715507526,-1.321749571182534,0.40360103116827223
Province:Shandong,1982,Autumn,-0.181654937776714,5,-0.33078224361966335,-0.31690048672767995,0.042304795538202246,-1.132721430583579,0.19602370305379038
Province:Shandong,1983,Winter,-0.35829089090384575,5,-0.8552046297988029,0.6675344214545007,-0.4068648974893845,-0.7208552390538542,0.8590047332773133
Province:Shandong,1983,Spring,0.3032638907840666,5,-0.17168396628686713,-0.7343308715420056,-0.7348351625363277,-0.5362339310129415,2.2247416422144637
Province:Shandong,1983,Summer,0.01233101087607862,5,0.08894811391264906,-0.04763075971585275,-1.5740114212775553,-0.22921908394865737,1.728306685978104
Province:Shandong,1983,Autumn,0.26437911559008065,5,-0.022496451638111304,-0.7183569660376822,0.27167170886980957,0.11317293664247487,0.24119041803854804
Province:Shandong,1984,Winter,-1.0054515069692624,5,-1.3210588347290735,1.6749050830729315,-1.3408508614925316,-0.04218448616934116,-0.6482582693824347
Province:Shandong,1984,Spring,-0.8421591339793956,5,-1.3286148238500148,1.5089376421752,-0.9392609257893413,-0.07192967770109886,-0.362052600381323
Province:Shandong,1984,Summer,-0.16987607019823397,5,-0.706457611517094,1.2466654633314993,0.0667081791534689,-0.07576380063506807,1.1127983453390224
Province:Shandong,1984,Autumn,-0.007970620322193284,5,-0.3768172110650399,-0.45852643864979414,0.16778976695700776,-0.06909669354279926,-0.22025540260992915
Province:Shandong,1985,Winter,-0.6128857364368598,5,-0.440395590233064,2.449062129431475,-0.11901696786624881,-0.3733109204526649,0.317356925799153
Province:Shandong,1985,Spring,-0.950211249699844,5,-1.3885264411026923,1.1308674163539036,-0.5190628763752888,-0.637793231328223,-1.074806283339113
Province:Shandong,1985,Summer,-0.3411841317185113,5,-0.8160304247935303,-0.34917268386157657,0.7807712015997318,-0.9210375481222082,-1.0987965711381265
Province:Shandong,1985,Autumn,-0.4653342055770221,5,-1.0269467056368393,0.9157068195706275,1.3053493781300565,-1.079299980236348,-0.6100669005713517
Province:Shandong,1986,Winter,-0.6992945301298332,5,-1.318928880197811,2.015813409570763,-0.3337549592913478,-0.7840055776409885,0.9560301760517443
Province:Shandong,1986,Spring,-0.5453037366670307,5,-0.16322863789395198,-0.171639047288603,-2.1785914059732487,-0.7131319084333017,0.15679422167674595
Province:Shandong,1986,Summer,-0.6200869759299776,5,-0.7454696111674158,1.1020588885522222,-0.9733408624021428,-0.6105609915601279,0.3309954740320211
Province:Shandong,1986,Autumn,-1.0634981362746585,5,-1.526234836506857,1.5673935894580056,-1.4774881705281009,-0.4218526677867632,-0.3245214170935661
Province:Shandong,1987,Winter,0.12614020127921668,5,0.2659829062664869,0.5758671504299532,-0.4537226067610315,-0.22462067432976743,1.6189285316503486
Province:Shandong,1987,Spring,-0.7585968785093894,5,-1.2852263813550324,2.2456013215707022,-0.47776730423027924,-0.4337342548230055,0.6493448694320726
Province:Shandong,1987,Summer,-0.7042150399361579,5,-0.7493072845831109,0.6680381893013952,-0.9021600506996064,-0.6291033896736771,-0.5724662854229998
Province:Shandong,1987,Autumn,0.3953296600226883,5,0.9695320380796437,1.1076334308958562,0.6942192996802882,-0.7391267173009746,2.1596571105503406
Province:Shandong,1988,Winter,-0.32267297764558134,5,0.16372763590024,0.0005585403242466493,-0.98706219434952,-0.621805459770724,-0.16766632968365613
Province:Shandong,1988,Spring,-0.8898096782169723,5,-0.8435941822577412,1.4092302174546547,-1.7585448972143676,0.07582011387316615,-0.5134992080312643
Province:Shandong,1988,Summer,-0.04454763902984578,5,-0.13239068215968658,0.1968811717520399,-0.6182254628297474,0.9692659641942479,-0.24450684260200287
Province:Shandong,1988,Autumn,0.2114051371724636,5,-0.5060629042793531,-1.2984154017177292,-1.6400293582366952,1.7379242860695674,0.16677826059106968
Province:Shandong,1989,Winter,0.6564381516670481,5,-0.2016762055870632,-1.2237027162609144,-0.13133661347034017,2.1756585090728406,0.21584235205888852
Province:Shandong,1989,Spring,0.6578834031890801,5,0.007469623152538074,-1.25032019880337,0.24719723862354834,2.1454219663225125,-0.36099201095656863
Province:Shandong,1989,Summer,-0.14074026033060666,5,-0.8266167102308628,0.9173669615754504,-1.057919634154366,1.6396981791235001,0.4585038251841458
Province:Shandong,1989,Autumn,-0.07404653682584239,5,-0.673186501968494,0.25283740511034686,-1.0350912727580184,0.9000409398334921,0.6908415558741553
Province:Shandong,1990,Winter,0.17507556420599882,5,-0.544219299018955,-0.04338938139613584,1.0477258350905705,0.36705447383015094,-0.0385725702679081
Province:Shandong,1990,Spring,0.13231196143910418,5,-0.7836412768805422,0.609525202523785,0.6611582861963796,-0.060598857977736086,1.4541668583812046
Province:Shandong,1990,Summer,0.3307931498386788,5,-0.09645614553359685,-0.7724220833379858,1.062792692249503,-0.5637113988166168,0.4789185179561188
Province:Shandong,1990,Autumn,0.21503006257428262,5,1.0957015392813747,-0.4880085359354116,0.02255970437634831,-0.994062483551786,0.46294301683006445
Province:Shandong,1991,Winter,-0.23250276251724053,5,-0.17139368245890216,-0.30672792488586775,-0.4441024214354396,-1.0273593668988765,0.17361373332114788
Province:Shandong,1991,Spring,-0.2277020482917623,5,-0.8565958561917704,2.3569526384423782,1.9987253220291659,-0.9596669944306573,1.0359799255768285
Province:Shandong,1991,Summer,-0.19515690430361995,5,-0.21230078113275166,-0.512170527474666,-0.3411643181563909,-0.8359363889761425,-0.09855356072748067
Province:Shandong,1991,Autumn,-0.34672046553167074,5,-1.1196978276428085,-0.618317242528404,-0.5233665141781662,-0.5944616602832842,-0.11439356808249877
Province:Shandong,1992,Winter,0.5282340713518711,5,0.39184801005897135,-0.7966954062239686,0.11104573221146939,-0.2316221119790914,1.5732033202440372
Province:Shandong,1992,Spring,0.053558845295781074,5,-0.5475592689639321,0.13141768310477908,0.32009271317440957,-0.030019055552877517,0.6566975209260846
Province:Shandong,1992,Summer,-0.1970202429752806,5,-0.1859717476546999,1.2047743544878804,-1.270046457742822,0.2520010307189446,1.4236903142900548
Province:Shandong,1992,Autumn,0.3027277750683308,5,-1.0829377668272964,1.156559298716181,1.2260136981553005,0.502140301434355,2.024981941295476
Province:Shandong,1993,Winter,0.913017735535137,5,-0.14753200762876065,-0.7352659618779369,1.9075652919050328,0.5851874380893469,1.4846019934321286
Province:Shandong,1993,Spring,0.3049778117557934,5,-0.6023912150843608,0.04390879978481431,0.9638740768024765,0.34900335712223596,0.8583116397234297
Province:Shandong,1993,Summer,-0.2773589410491749,5,-1.3089159366864662,2.4131677979046398,1.3866005417463276,0.048210184178428754,0.900478303420475
Province:Shandong,1993,Autumn,0.2881234506481089,5,0.23303367491496002,0.4427238965639767,0.8593617357761136,-0.2626973490866307,1.0536430882000782
Province:Shandong,1994,Winter,0.2844502317009222,5,-0.3430268074452095,-0.644516010220612,-0.71605659072265,-0.28306474770957923,2.1198832941614376
Province:Shandong,1994,Spring,0.22366297497103424,5,0.4661613470450612,-0.2807800672377641,0.23592241041883383,-0.2720391040172907,0.4074901541708029
Province:Shandong,1994,Summer,1.285761575382958,5,2.0586756053709037,-1.7451936795198038,1.6398878532677401,-0.2065355357996889,1.1915862745560326
Province:Shandong,1994,Autumn,0.2342208808347555,5,-0.125158349778466,-0.8840326214065778,0.6298977004741848,-0.11154542477291235,-0.10612214315560682
Province:Shandong,1995,Winter,-0.08962923521246631,5,-0.5136142085590604,-1.2609324511851843,-0.28762196024656167,0.10178498772103495,-1.0096274461629287
Province:Shandong,1995,Spring,-0.05202478333489911,5,-0.7383325441022657,-0.22433746304503513,-0.5192484518568501,0.40250725482488753,0.3706123614146974
Province:Shandong,1995,Summer,0.18076211162828776,5,-1.0216056629118095,-0.444109154728501,0.5048794959714802,0.792729249625669,0.18369832072759804
Province:Shandong,1995,Autumn,-0.01593413343042783,5,-0.2703122007082399,0.5808782028675289,-0.42013063337783824,1.0770378520398742,0.1146125177615936
Province:Shandong,1996,Winter,-0.1342469514597348,5,-1.0186031704040703,-0.3773500657054547,-1.0973742460354834,1.2744235964312733,-0.2070310029958483
Province:Shandong,1996,Spring,0.1125193701138036,5,-1.3867062067519282,0.22577320069845047,1.1625742193248976,1.7029420404832223,-0.6904400017887231
Province:Shandong,1996,Summer,0.514328873055111,5,-0.6998196089344096,1.197379225590547,1.7514537438208941,2.110735372057205,0.6066540839224125
Province:Shandong,1996,Autumn,0.4128771934346612,5,-0.7631832397147559,0.17120061291248376,-0.07636567444894926,2.229377209503293,0.8457582847462022
Province:Shandong,1997,Winter,0.5945832499753937,5,-0.31136416170805764,-0.3267844066947423,0.596759595172931,2.033151592345796,0.3275848173715569
Province:Shandong,1997,Spring,0.5273369389678156,5,0.5433452641071702,-0.8952452551963485,0.13367499032997063,1.8695950548968017,-0.805175869691213
Province:Shandong,1997,Summer,1.1114091458007145,5,3.1641887337601577,-1.5384907500791942,-0.6585136951407428,1.5207892897907385,-0.007909349485776011
Province:Shandong,1997,Autumn,0.0053902577713695,5,-0.4954254171656903,0.9253694152930069,-0.5216790930919416,0.9563756358507751,1.0130495785567113
Province:Shandong,1998,Winter,1.0742209842978947,5,0.37501347658010625,-0.08576458832834467,2.9285589355074713,0.5247801467487155,1.4569877743248354
Province:Shandong,1998,Spring,0.24765952185610374,5,0.27356492221002116,-0.1476953801176814,1.2683929880609608,0.09273445759860764,-0.5440901387067523
Province:Shandong,1998,Summer,0.2774236649534857,5,-0.523385887435652,-0.40092106538540984,1.0710802401054857,-0.4470099513285853,0.8855128580407701
Province:Shandong,1998,Autumn,0.3437634400074911,5,2.8196715010948297,-1.3514625854382352,-1.2126873345858389,-0.9306497608368269,-0.30897979107294293
Province:Shandong,1999,Winter,1.2513156494073103,3,3.0130839724810206,-1.059910306654914,,,-0.3190473309140038
Province:Shandong,1999,Spring,0.37015121875714424,3,0.0811933932664469,-0.7728732800994796,,,0.25638698290550604
Province:Shandong,1999,Summer,0.37687225045297884,3,0.29958760084694414,-0.560578953517604,,,0.27045019699438827
Province:Shandong,1999,Autumn,0.5346178867449043,3,0.9888792616895771,-0.035961652366022605,,,0.5790127461791132
Province:Shandong,2000,Winter,-0.8238953358732944,3,-0.8705553341638181,1.0103880923628117,,,-0.5907425810932537
Province:Shandong,2000,Spring,0.1692847909368297,3,-0.4204792653226554,-0.6950440932090569,,,0.23328954492408752
Province:Shandong,2000,Summer,0.9569017084933553,3,1.1081196934789248,-1.6841609325882267,,,0.07842449941291407
Province:Shandong,2000,Autumn,-0.3153890362067688,3,-0.23724899772807628,0.04412381992785951,,,-0.6647942909643705
Province:Shandong,2001,Winter,-0.2222618512596748,3,-0.31681120210366587,-0.25871798312463085,,,-0.6086923347999894
Province:Shandong,2001,Spring,0.8346405079020193,3,1.782927587474056,-0.6015411293749975,,,0.11945280685700403
Province:Shandong,2001,Summer,0.4291045734577126,3,0.49730307132348667,-1.0433962172974738,,,-0.25338556824782266
Province:Shandong,2001,Autumn,0.08107940456668561,3,-0.01053297131079297,-1.1591025877452776,,,-0.9053314027344279
Province:Shandong,2002,Winter,1.1258350465481943,3,2.3554734776154875,-1.2686206400941789,,,-0.24658897806508326
Province:Shandong,2002,Spring,1.0210000247058424,3,2.309528192038693,-0.9653124346653394,,,-0.21184055258650594
Province:Shandong,2002,Summer,0.8625237117469706,3,1.2488587893601424,-0.0006749582417658662,,,1.3380373876390037
Province:Shandong,2002,Autumn,-0.5975341958872589,4,-0.36156326427955965,1.567191884325527,-1.0341795935587277,,0.5727979586147793
Province:Shandong,2003,Winter,-0.2798335985231499,4,-0.4265210562152703,0.6779101005140744,-0.10332887246439709,,0.08842563510114233
Province:Shandong,2003,Spring,0.17563241381036443,4,-0.40135117771936357,-0.5871640603610029,0.848539594504651,,-0.3318228219048324
Province:Shandong,2003,Summer,-0.7910506605695226,4,-0.9848495448364699,2.026584085591809,0.12698105230701254,,-0.27975006415682424
Province:Shandong,2003,Autumn,0.6979121992929574,4,-0.0863845523777929,0.1057780163948728,2.5705992038562537,,0.4132121620882416
Province:Shandong,2004,Winter,-0.0706794686567428,5,1.039068510751541,-0.9616739114532572,-0.014469264166735244,-1.540705204694416,-0.7989652966273607
Province:Shandong,2004,Spring,-0.21079995128722806,5,1.033013925279167,-0.30048055876545693,-0.04139053498854568,-1.5961142535577177,-0.7499894519345007
Province:Shandong,2004,Summer,-0.7620809670089841,5,-0.3247289041699897,0.3133217473049856,-0.4517716262497312,-1.4928016096454233,-1.22778094767479
Province:Shandong,2004,Autumn,-0.25193205380676276,5,0.16011399917124616,-1.0321550171728062,-0.2703807999371205,-1.180554993391928,-1.0009934920488177
Province:Shandong,2005,Winter,-0.40063696608997945,4,-0.0533612228768269,0.35992625291929037,-0.15609293409580446,,-1.033167454467996
Province:Shandong,2005,Spring,-0.15655501387239718,4,0.13430225364725154,0.1322740312302053,-0.2744384865299036,,-0.35380979137673124
Province:Shandong,2005,Summer,0.391140068374842,3,1.1121409242173652,-0.48345422596453747,,,-0.4221749450573768
Province:Shandong,2005,Autumn,-0.1101082720269951,3,0.08437573185422417,-1.0065214509926637,,,-1.4212219989278732
Province:Shandong,2006,Winter,-0.5990509096197185,3,-0.3487037955295337,1.0202518065113308,,,-0.42819712681829114
Province:Shandong,2006,Spring,-0.06834197856794626,3,0.29287692658410547,-0.2602093366451435,,,-0.7581121989330878
Province:Shandong,2006,Summer,-0.11118489757888535,3,0.38126514015838586,-0.6028374733866142,,,-1.3176573062816561
Province:Shandong,2006,Autumn,0.7754791584704895,3,2.8380017612002737,-0.903914481881682,,,-1.415478767670487
Province:Shandong,2007,Winter,0.3135915305131691,3,1.7095928275757073,-1.3403839343851163,,,-2.109202170421316
Province:Shandong,2007,Spring,0.7144220677882003,3,1.9074658656223353,-1.0533523976964778,,,-0.8175520599542122
Province:Shandong,2007,Summer,-0.39400355558228034,3,0.1769139302581676,-0.49802173974358804,,,-1.8569463367485968
Province:Shandong,2007,Autumn,-0.2749319532295979,3,-0.17283461423667368,-0.9294053396147562,,,-1.5813665850668763
Province:Shandong,2008,Winter,-0.40185187387736016,3,-0.576146906792237,-0.7766418046927194,,,-1.4060505195325628
Province:Shandong,2008,Spring,-0.03818273857617016,3,0.5173052047648702,-0.9297023763441694,,,-1.5615557968375502
Province:Shandong,2008,Summer,-1.159321598195752,3,-1.215600501856515,0.7648233176912242,,,-1.4975409750395174
Province:Shandong,2008,Autumn,0.16407769583541687,3,0.8916854766049178,-1.0013681085995858,,,-1.400820497698253
Province:Shandong,2009,Winter,0.2714775190892747,3,1.293845326295294,-0.4917573627694769,,,-0.9711701317969469
Province:Shandong,2009,Spring,0.13366302204298255,3,1.4882757557956945,-0.5768149653567747,,,-1.6641016550235213
Province:Shandong,2009,Summer,-0.12788151417069846,3,0.40859206099936324,-0.5337844833243681,,,-1.3260210868358266
Province:Shandong,2009,Autumn,-0.49110941769480726,3,0.4492106457700971,1.0522609699922456,,,-0.8702779288622732
Province:Shandong,2010,Winter,-0.766028643463789,3,-0.13938262369228763,1.0477365949618052,,,-1.1109667117372741
Province:Shandong,2010,Spring,-1.5717725974596082,3,-1.2869340579553488,2.040861717657763,,,-1.387522016765713
Province:Shandong,2010,Summer,-0.2496398049237162,3,0.8860361780207677,-0.44663278268934076,,,-2.081588375481257
Province:Shandong,2010,Autumn,-0.3034466602121449,3,0.028449468960092393,-0.353317130987119,,,-1.292106580583646
Province:Shandong,2011,Winter,-0.8975926170897545,3,-0.25712147794335005,1.362385482630024,,,-1.0732708906958894
Province:Shandong,2011,Spring,-0.5116911916660323,3,-0.2259937475757221,-0.09002914127668335,,,-1.399108968699058
Province:Shandong,2011,Summer,-0.9130353020946989,3,-0.5529428789857962,0.6415915183185128,,,-1.5445715089797876
Province:Shandong,2011,Autumn,-0.7468976792189522,3,-0.4417189674120121,0.22317852121054685,,,-1.5757955490342976
Province:Shandong,2012,Winter,-1.2813872043709804,3,-1.549757997517582,0.23842366231105738,,,-2.0559799532843024
Province:Shandong,2012,Spring,-0.2925788019220334,3,0.7051297621350827,-0.41178570940113046,,,-1.9946518773023134
Province:Shandong,2012,Summer,-0.14564262912934256,3,0.17221068375057558,-0.7173640352548278,,,-1.326502606393431
Province:Shandong,2012,Autumn,-0.44591387764416934,3,-0.7420100113902968,-0.8519302160557308,,,-1.447661837597942
Province:Shandong,2013,Winter,-1.4693299607942147,3,-1.0100433649339804,1.2569176552914325,,,-2.1410288621572318
Province:Shandong,2013,Spring,-0.8123240635909413,3,0.35847539766206094,1.4884482544506863,,,-1.3069993339841988
Province:Shandong,2013,Summer,0.7229859054271932,3,2.6016618135762712,-1.044378562986899,,,-1.4770826602815905
Province:Shandong,2013,Autumn,-0.18500701992925328,3,0.043786976899791025,-0.8677261052427844,,,-1.4665341419303353
Province:Shandong,2014,Winter,-0.020258586152566888,3,1.4229435402074357,-0.9731862879131036,,,-2.45690558657824
Province:Shandong,2014,Spring,1.514397140679793,3,4.5238170650193625,-1.7378827942014963,,,-1.7185084371814803
Province:Shandong,2014,Summer,-0.15894881600688904,3,0.37942654726683683,-0.7262407269021636,,,-1.5825137221896675
Province:Shandong,2014,Autumn,-0.24437401152526203,3,0.26006441532093183,-0.7725062883530679,,,-1.7656927382497858
Province:Shandong,2015,Winter,-0.2443840660992199,3,0.5162733961717186,-1.027794047682264,,,-2.277219642151642
Province:Shandong,2015,Summer,-0.02844630798598143,3,0.4322663388592251,-1.0848421006849,,,-1.6024473635020695
Province:Shandong,2015,Autumn,-0.2869924157535685,3,0.5400828553740861,0.2097745248721865,,,-1.191285577762605
Province:Shandong,2016,Winter,-0.3956782316971616,3,0.3634883330375284,-0.29426852827493805,,,-1.8447915564039512
Province:Shandong,2016,Spring,0.6505748508441658,3,2.4911490445584845,-1.446136252043738,,,-1.9855607440697252
Province:Shandong,2016,Summer,0.7179100746895072,3,2.198318136225783,-1.3407894086315912,,,-1.3853773207888527
Province:Shandong,2016,Autumn,0.11377312403710486,3,1.5182394992888302,-0.38262431570782174,,,-1.5595444428853373
Province:Shandong,2017,Winter,0.44042124410281397,3,2.027371480255833,-1.4454127250156612,,,-2.151520472963052
Province:Shandong,2017,Spring,0.7632729512068979,3,2.826771157303064,-1.7132466137573306,,,-2.2501989174397012
Province:Shandong,2017,Summer,0.7535297256573387,3,3.118933769484601,-0.9630955259682485,,,-1.8214401184808342
Province:Shandong,2017,Autumn,-0.2554876891327244,3,0.5058936998400471,-0.6905634357406165,,,-1.9629202029788368
Province:Shandong,2018,Winter,-0.9698604455005131,3,-0.036524478583858815,0.5171203090572782,,,-2.3559365488604023
Province:Shandong,2018,Spring,0.7602438535018118,3,2.876720596854237,-0.5268657215544801,,,-1.1228547579032817
Province:Shandong,2018,Summer,1.7667533966308644,3,3.9184413965594334,-1.7294048474734065,,,-0.34758605414024707
Province:Shandong,2018,Autumn,-0.4740489595330049,3,-0.12455075879402228,-0.7956825912384611,,,-2.0932787110434536
Province:Shandong,2019,Winter,-0.5170800785152806,3,1.150174510743016,0.14066478353134865,,,-2.560749962757509
Province:Shandong,2019,Spring,0.6436821100937674,3,2.7392521376082404,-1.1441591038221708,,,-1.9523649111491093
Province:Shandong,2019,Summer,0.6560074980621268,3,1.7715281184724416,-1.4464378672806226,,,-1.249943491566684
Province:Shandong,2019,Autumn,0.377135828942317,3,1.945023006806564,-0.9964834834285718,,,-1.8100990034081845
Province:Shandong,2020,Winter,1.72900205799484,4,3.1404352734263,-1.2493990042478982,4.646704406198766,,-2.120530451893604
Province:Shandong,2020,Spring,0.8955992968450104,4,1.7691781436058027,-0.6770784407443686,2.9719360106740464,,-1.8357954076441765
Province:Shandong,2020,Summer,1.0621453430697765,4,0.6875888135814291,0.28955221345612636,5.545801757287565,,-1.695256985133762
Province:Shandong,2020,Autumn,0.546460483315838,4,0.9752546070380662,-1.07362624458849,2.4427560045367147,,-2.3057949228999197
Province:Shandong,2021,Winter,0.816862291378468,4,2.061034406332349,-0.21104072272518454,2.7443975518286217,,-1.7490235153722826
Province:Shandong,2021,Spring,1.0417468152246419,4,1.2744539255288587,-1.0532845146747916,3.4044791419098255,,-1.5652303212149081
Province:Shandong,2021,Summer,1.7853875446874765,4,0.8944284351044861,-1.1100002071873634,6.6676630258172755,,-1.5305414893592197
Province:Shandong,2021,Autumn,0.42518665356813584,3,2.3065835779102493,-0.3029026685647779,,,-1.3339262857706196
Province:Shandong,2022,Winter,-0.19607173115499968,3,1.2617451538426758,-0.5849183665453981,,,-2.434878713853073
Province:Shandong,2022,Spring,0.7813920137616365,4,3.5245166128574437,-0.9538707132660059,0.08330557291328045,,-1.4361248439901844
Province:Shandong,2022,Summer,3.104476963108593,4,3.011638437610378,-0.7388637228807721,9.756097487262313,,-1.0886917953190918
Province:Shandong,2022,Autumn,2.2701319774304016,4,1.6770939865718786,0.2545968668897951,8.438864513623248,,-0.780833723583724
Province:Shandong,2023,Winter,0.021237426779781198,5,0.7967991616242313,-0.40459952313405806,1.353105264163699,-0.8655239847066779,-1.5827928303164045
Province:Shandong,2023,Spring,0.5886010556298326,5,3.7305935073249423,-1.1994319082544767,0.1439037149102427,-0.7473402875611246,-1.383583564779374
Province:Shandong,2023,Summer,1.7500884615022045,5,3.9204486295639023,-1.8038300456811711,4.062669151673564,-0.5042245155967991,-0.5322810038108154
Province:Shandong,2023,Autumn,0.9453817726436972,5,4.3510129439767065,-0.9624050147734801,1.098557294378156,-0.18818021516184746,-1.4968861747480087
Province:Shandong,2024,Winter,0.3544771053601317,5,1.1785839317537672,0.82731226151808,3.006045119181225,-0.5939033683027463,-0.9910278943135076
Province:Shandong,2024,Spring,0.7998354575122508,5,3.0650420325181575,-1.5485674179275335,1.9606610795842598,-1.3145419418373385,-1.260551300631358
Province:Shandong,2024,Summer,2.5975822555813686,5,5.732633008724495,-2.0933703050013674,7.856409402386139,-1.8156736693827935,-0.8788277688223645
Province:Shandong,2024,Autumn,1.1364938625775585,5,4.546335624377456,-1.0998373593217419,2.7654278649846677,-2.0697763622881027,-0.6593551735079716
Province:Shandong,2025,Winter,-0.10460996082869833,4,1.5277578869011712,-0.9334077658791077,-0.7736178861031924,,-2.10598760999188
Province:Shandong,2025,Spring,2.2545910594049277,4,4.007326140776093,-1.395754963321686,4.578374182148581,,-0.9630910486266483
Province:Shandong,2025,Summer,2.857147362104438,4,7.218231892475935,-2.1662883177995442,3.3180986844729357,,-1.274029446330663
Province:Shanxi,1981,Spring,1.3886123170345832,4,-0.09635120830631369,-0.8799923942088754,2.4311784620804127,,2.339629620155359
Province:Shanxi,1981,Summer,0.9331802314373301,4,0.044468362484935915,-0.08358341197502428,3.269883076957123,,0.33478607433223695
Province:Shanxi,1981,Autumn,-0.35042344957174887,4,-1.385014835821115,2.0365479235603807,0.10561090918185302,,1.9142580519126473
Province:Shanxi,1982,Winter,-0.533020699042008,4,-0.957991403510407,-0.3861644424338686,,-1.6071571206383772,0.04690128554688335
Province:Shanxi,1982,Spring,-0.0888601789318871,5,0.5398438820591162,-0.7983721082434377,-0.6146471454547238,-1.9694210715794491,0.8015513320721835
Province:Shanxi,1982,Summer,-0.48915978026272205,5,-1.2759046561771503,0.8164130504456063,0.6198057559953638,-2.1998982153529507,1.2266112646667329
Province:Shanxi,1982,Autumn,-0.433154426366383,5,-0.6632649315511325,-0.44546408412908134,-0.2772813987522405,-1.9700881855265133,0.2993982998688899
Province:Shanxi,1983,Winter,-0.29252971083215906,5,-1.367071246992124,0.517839182965741,-0.7451435338738429,-1.2306580993962337,2.3980635090671463
Province:Shanxi,1983,Spring,0.017384262143905805,5,-0.7070831902122104,0.007471710055035765,0.3236910739514459,-0.8503485763370114,1.3281337133723408
Province:Shanxi,1983,Summer,-0.5812104830340925,5,-0.9406065043712806,1.3232251387263747,-0.5583247689140696,-0.1917217737361011,0.10782577057736338
Province:Shanxi,1983,Autumn,0.03439281698983765,5,-1.0740640315301495,-1.010830913682014,0.2417793779118624,0.5198846904715874,-0.526466865586126
Province:Shanxi,1984,Winter,-0.43875950401307834,5,-1.618143503896599,1.0587159575576508,-0.8893951935699225,0.8798575745647145,0.49259956039406644
Province:Shanxi,1984,Spring,-0.338861961871937,5,-0.8606665139620632,0.966237513771101,-0.790801909868819,0.736348175089731,0.18704795315256678
Province:Shanxi,1984,Summer,-0.5271742270298634,5,-1.1054595452095055,0.9473634981433964,-1.1116501583421527,0.4991441404645169,0.029457926081220717
Province:Shanxi,1984,Autumn,-0.34704754749427946,5,-0.8275127650490198,-0.4759182348871134,-1.2101424658909063,0.15201597165298839,-0.3255167130715726
Province:Shanxi,1985,Winter,-0.7257396315943075,5,-0.8331863800263991,2.8753679281758853,-0.4365382927417777,-0.3071090585107083,0.8235035014832328
Province:Shanxi,1985,Spring,-0.7853702699996873,5,-0.7930778449874816,1.283954280972208,-0.6550776267913476,0.13883965436529616,-1.3335812516126955
Province:Shanxi,1985,Summer,-0.32899603768642105,5,-0.8697310021929864,-0.801293542365579,-0.845375589102494,0.7476599944170957,-1.4788271339192998
Province:Shanxi,1985,Autumn,0.22659823641274307,5,-0.9296514357118579,0.8294295750448053,1.8394023341757513,1.2101024217225662,-0.15743256307793907
Province:Shanxi,1986,Winter,-0.2348385172407473,5,-1.20520842018246,1.684471274525612,-0.726208059480745,1.821242154243056,0.6204530137420246
Province:Shanxi,1986,Spring,-0.0015166675575964627,5,-0.6905717868893874,-0.17204026271790387,-0.9408862532051203,1.7031757380615897,-0.2513412984729683
Province:Shanxi,1986,Summer,-0.49892469919401333,5,-0.6843896014618148,1.150495503706457,-0.9642748577162725,0.9672807414116428,-0.6627442744971657
Province:Shanxi,1986,Autumn,-0.8764781149232072,5,-1.2760787636183577,1.892823985116353,-1.301390825034151,0.013130122115632878,0.07477287703719294
Province:Shanxi,1987,Winter,0.2105019964723609,5,0.3163620379873626,-0.9326090845755908,-0.40992649148206994,-0.2540129747188028,0.4674783259997238
Province:Shanxi,1987,Spring,-0.41090020124101867,5,-0.47221999378636026,0.004048697982945392,-0.1679336012518252,-0.22343723481282435,-1.1868614783711382
Province:Shanxi,1987,Summer,-0.3954685620538583,5,-0.5797595368416542,0.8392011190508506,-1.0971956657688555,-0.11402673279729286,0.652840244189362
Province:Shanxi,1987,Autumn,0.09027909852850793,5,1.7877747228101242,1.133414313380942,-0.5479415289748071,0.021542116584430383,0.3234344956037342
Province:Shanxi,1988,Winter,-0.21638849828246082,5,-0.20944456303803338,0.718300507547689,-0.6234386611592007,0.33490966671019,0.1343315736224289
Province:Shanxi,1988,Spring,-0.5675175655590369,5,-1.4227460131179075,2.3187616657934114,-0.16854594821229968,0.6749409955332171,0.3975248037952166
Province:Shanxi,1988,Summer,-0.33142992586755426,5,-0.997542880129322,0.8683449745717511,0.45512169633835753,1.1060257806723206,-1.3524092516473762
Province:Shanxi,1988,Autumn,-0.14006493217355323,5,-0.7621036974408949,-0.9906383936529224,-1.5771118628483995,1.311670577603382,-0.6634180718347761
Province:Shanxi,1989,Winter,-0.027379238097770587,5,-0.39135412863630675,-0.44008489808300205,-0.1382867276575872,1.0256894453573893,-1.0730296776353503
Province:Shanxi,1989,Spring,-0.1759666027098808,5,-1.365036100798796,-0.8163595455778889,-1.0624169943436867,0.8550183991933152,-0.12375786317812537
Province:Shanxi,1989,Summer,-0.28318775142452624,5,-1.0148509895673106,1.3545564660221932,0.4945918063753165,0.2871380916258137,0.17173880046574236
Province:Shanxi,1989,Autumn,-0.129053891712754,5,-0.9679964780209741,-0.06576738997080946,-0.33107111232189046,-0.352155265734174,0.9401860075424592
Province:Shanxi,1990,Winter,0.18869505047559615,5,0.4360070020082822,-0.45424273510670815,1.7372823259992956,-0.5438998326042987,-1.140156978132006
Province:Shanxi,1990,Spring,-0.3576108871334496,5,-0.7956732404818658,1.419015697487248,1.9919146523551357,-1.0444417417229104,-0.5208384083303595
Province:Shanxi,1990,Summer,-0.38676069563973375,5,-0.48859039946231875,0.06873162639940944,-0.05067017084336959,-1.5686241387800413,0.24281285728647012
Province:Shanxi,1990,Autumn,-0.06728395426358263,5,0.5600314427611561,-0.8256136007732828,0.14145008609322596,-1.7714226150921928,-0.09209228585338529
Province:Shanxi,1991,Winter,0.01694381372584517,5,0.04220437234837089,-0.8157513658232436,0.07073631092047464,-1.420178864878989,0.5762058844161257
Province:Shanxi,1991,Spring,-0.5866261978971473,5,-0.35425332224106315,1.8838556939766877,1.1303590130021695,-1.5189035705969591,-0.30647741567319603
Province:Shanxi,1991,Summer,-0.6134631399307695,5,-0.04955203411004371,0.2013716017594849,-1.153150788274445,-1.4697673699247018,-0.19347390558517213
Province:Shanxi,1991,Autumn,-0.20226829803063998,5,-1.020407375660684,0.024436743154809835,-0.14958470485319333,-1.1092598120527852,1.2923471455682722
Province:Shanxi,1992,Winter,-0.4441668908736318,5,-0.06924632597981371,-0.26183143151684474,-0.7306493756831576,-0.47492557606682373,-1.2078446081552088
Province:Shanxi,1992,Spring,-0.23656713944156013,5,-0.9041264276499014,-0.5068695990489901,-0.3496116933903241,-0.11155473116406822,-0.32441244405249703
Province:Shanxi,1992,Summer,-0.15147273399850134,5,-0.6401189353599702,0.7694784151378312,-0.09953316132430888,0.4403749691230583,0.31139187270654534
Province:Shanxi,1992,Autumn,0.11373010132369243,5,-1.1844877799896902,0.8356329306954469,0.3784553589354612,0.9097521930623913,1.3005636653057466
Province:Shanxi,1993,Winter,0.10118778299650813,5,-0.05959470634687293,0.5496813922917643,-0.38269185909764697,1.0534547473585956,0.4444521253602291
Province:Shanxi,1993,Spring,-0.2970891661083556,5,-0.6804496078937212,0.7640710062076448,-0.49642326558713007,0.7871417001363793,-0.3316436509896612
Province:Shanxi,1993,Summer,-0.6742843611264214,5,-1.0286492489369539,1.4414078065427767,-0.7011166092603013,0.3762344184460613,-0.5764825593381365
Province:Shanxi,1993,Autumn,-0.2712980401932424,5,-0.49054011252142055,1.2142076691862995,0.0961292869331574,-0.12192903903042136,0.3740573328387722
Province:Shanxi,1994,Winter,0.2107491219397631,5,-0.8398801651801339,-0.6070185791568763,-0.7558108574025054,-0.2169065142386092,2.259324567363188
Province:Shanxi,1994,Spring,0.16217464622487934,5,-0.0747502099199268,0.39710032224409264,0.42462438721838125,-0.42920883556972433,1.2873082116397592
Province:Shanxi,1994,Summer,0.3828000207796534,5,-0.23886930828378092,-1.6031163221306455,-0.02766286131266043,-0.6287213015808503,1.2061372529449133
Province:Shanxi,1994,Autumn,0.2030846118204935,5,-0.15123415654654632,0.8323458578446954,1.461212344014853,-0.6992190063878614,1.2370097358667176
Province:Shanxi,1995,Winter,0.457039541036086,5,-0.6527510526381839,-1.0402432406672786,1.9526446824306682,-0.2796996869223866,0.2247605216430534
Province:Shanxi,1995,Spring,0.12284000165289984,5,-0.7365512151064605,0.7240641921441532,-1.085168500535137,0.3159107340434346,2.8440731820068152
Province:Shanxi,1995,Summer,0.3797319234909717,5,-0.6894136075572289,0.40544437331547545,0.1586907653694825,1.1371477415747544,1.697679091383326
Province:Shanxi,1995,Autumn,1.084424562182927,5,-0.2279317928471697,0.08709924359292834,2.170308557074279,1.7337668920413059,1.8330783982391479
Province:Shanxi,1996,Winter,0.6990376288258614,5,-1.029018183314689,0.0848101162867851,2.7870486654741766,1.8338742388410225,-0.011906460584418037
Province:Shanxi,1996,Spring,0.01589249708880076,5,-1.5527321406331585,1.0214974584141425,-0.38489333129313363,1.7672034822515654,1.271381933532873
Province:Shanxi,1996,Summer,0.31985112461017307,5,-0.8492006542578456,0.9070613839697808,1.021111119427626,1.5185418332828293,0.8158647085680366
Province:Shanxi,1996,Autumn,0.4821566427850296,5,0.021471386660237464,-0.6214118438207534,-0.27146378658062303,0.944424677731769,1.0949390922930111
Province:Shanxi,1997,Winter,0.6860987042316475,5,0.40200262674472764,-0.7347568865814884,0.3545918815904945,0.6028265078809559,1.3363156183605713
Province:Shanxi,1997,Spring,0.27108740925358366,5,-0.08747525213252708,-1.4114737353956646,-0.14551219791574738,0.34291288674849457,-0.1659621258279663
Province:Shanxi,1997,Summer,0.9965978434764484,5,1.7057639543081113,-0.8417374701836511,-0.742023127932919,-0.009016220889962307,3.1865271417133605
Province:Shanxi,1997,Autumn,-0.03950740941205799,5,0.34146496733446585,1.2865286794137025,-0.48883897268797827,-0.3657120220636425,1.6020776597705675
Province:Shanxi,1998,Winter,0.007678390571688778,5,0.6409980161409833,0.01439353016089789,-0.3551660767515399,-0.25675587306476816,0.023709416694666485
Province:Shanxi,1998,Spring,0.8281984842356724,5,2.31037696047509,-0.14365777499925933,1.90630485531491,-0.10983320854712345,-0.10951396106377298
Province:Shanxi,1998,Summer,0.24837946110190218,5,0.17861428443610508,-0.8248620312574715,0.3628337744609495,0.14586239849766966,-0.270275183142685
Province:Shanxi,1998,Autumn,0.5435104925862886,5,2.8189644841474384,-1.284789475404928,-1.5203033906866839,0.37559627532251805,-0.2414943812567575
Province:Shanxi,1999,Winter,1.2962900797814993,3,2.4092389297792445,-1.296448635093865,,,0.18318267447138897
Province:Shanxi,1999,Spring,0.402979989047024,3,1.04513189491137,-1.4152008790011554,,,-1.2513928067714535
Province:Shanxi,1999,Summer,0.5338497670393089,3,1.7195546594403606,-1.5153146566801787,,,-1.6333200150026126
Province:Shanxi,1999,Autumn,0.2688763796398806,3,1.5180854537311395,-0.718433951624876,,,-1.4298902664363735
Province:Shanxi,2000,Winter,-1.008937076081427,3,-0.8305431094537329,0.8854316531017337,,,-1.3108364656888143
Province:Shanxi,2000,Spring,0.3976251695596857,3,0.08214683637051247,-1.2430659931357018,,,-0.13233732082715727
Province:Shanxi,2000,Summer,-0.07711873235433327,3,0.17195912984947279,-0.8644141472421645,,,-1.267729474154637
Province:Shanxi,2000,Autumn,-0.7161158990794184,3,-0.0459896902304496,0.4485550097009957,,,-1.6538029973068102
Province:Shanxi,2001,Winter,0.12641023239747873,3,0.43317832865422967,-1.1133758282860213,,,-1.1673234597478148
Province:Shanxi,2001,Spring,0.39009976145577313,3,1.0701416019106877,-0.6130959248210527,,,-0.512938242364421
Province:Shanxi,2001,Summer,0.6276188834517197,3,1.355396240322318,-1.5881409794605146,,,-1.0606805694276737
Province:Shanxi,2001,Autumn,-0.23910128898993818,3,-0.12225104100375636,-1.0270255485334354,,,-1.6220783744994935
Province:Shanxi,2002,Winter,0.618471568094383,3,2.2733176550131806,-0.7375016175849698,,,-1.1554045683150014
Province:Shanxi,2002,Spring,0.4730821473418585,3,1.5771296003077897,-0.5933543623974109,,,-0.7512375206796252
Province:Shanxi,2002,Summer,0.3866672910334699,3,2.008608445287777,0.05150710775922383,,,-0.7970994644281435
Province:Shanxi,2002,Autumn,-0.03649509856670964,4,0.05486309808310102,0.4866672539190977,0.3858831860561402,,-0.10005942448698209
Province:Shanxi,2003,Winter,-0.4802461777167286,4,0.6294949655869545,1.0317102415389887,-0.00181576573383663,,-1.5169536691810437
Province:Shanxi,2003,Spring,-0.25784332660080544,4,0.048931748368293296,-0.614641437900343,-0.24650246200946735,,-1.4484440306623907
Province:Shanxi,2003,Summer,-0.6268024972554056,4,-0.5755044546906783,1.4895080974026735,0.3794661573106917,,-0.8216635942389623
Province:Shanxi,2003,Autumn,0.28171410692213117,4,0.8773043819093158,0.04606996785012093,1.2136956135269628,,-0.918073599897633
Province:Shanxi,2004,Winter,-0.09840545189293919,5,-0.0719049881329407,-1.0350817834865793,-0.31608490842634324,-0.9605507339159245,-0.17856841247606695
Province:Shanxi,2004,Spring,0.12535865864575507,5,1.6488291631220722,-0.8914637954750143,-0.6930252208433656,-1.06434279509295,-0.15613164943199567
Province:Shanxi,2004,Summer,-0.44190919273517515,5,-0.5218126668145108,0.7937562494248039,0.5894736065569383,-1.0436343564538615,-0.43981629753963797
Province:Shanxi,2004,Autumn,-0.37142649071724687,5,-0.4160071017587927,-0.38631335215941565,-0.35879700527267,-0.8020999924209874,-0.6665417062932
Province:Shanxi,2005,Winter,-0.5706590870856327,4,-0.41478864548696365,0.4796898607238339,-0.39114806335493374,,-0.9970097787767994
Province:Shanxi,2005,Spring,0.30758475934425844,4,1.0066419507514344,-0.2108906480095935,-0.4066262932203249,,0.4194327318363306
Province:Shanxi,2005,Summer,0.8382710711129122,3,1.6827375481885907,-1.1908998586541093,,,-0.35882419350396316
Province:Shanxi,2005,Autumn,0.24735854786273892,3,0.4888683319730669,-1.3355494646005337,,,-1.0823421529853838
Province:Shanxi,2006,Winter,-0.05792709801928168,3,-0.0092065503642788,0.6061075467184197,,,0.4415328030248534
Province:Shanxi,2006,Spring,0.5512080641501523,3,1.2991433247484774,-0.09171072421668167,,,0.2627701434852979
Province:Shanxi,2006,Summer,0.847845713225673,3,0.9438452280588939,-1.1013730995150894,,,0.49831881210303597
Province:Shanxi,2006,Autumn,0.7007400045850267,3,1.6566700420323222,-0.9096054622963392,,,-0.46405549057358136
Province:Shanxi,2007,Winter,0.6667135509004138,3,0.9925565732122965,-1.704557565528048,,,-0.696973486039103
Province:Shanxi,2007,Spring,0.43311591538570954,3,0.8917407399739232,-0.7089538248062381,,,-0.3013468186230328
Province:Shanxi,2007,Summer,0.5482210345313455,3,0.881436835368274,-0.7842558396443066,,,-0.02102957141854397
Province:Shanxi,2007,Autumn,-0.32189538820217894,3,-0.31343275339936183,-0.5908227032663713,,,-1.2430761144735463
Province:Shanxi,2008,Winter,-0.9022491492781995,3,-0.5871951400849232,1.2502727009864976,,,-0.8692796067631778
Province:Shanxi,2008,Spring,-0.02183472225276491,3,0.2950655170994364,-0.8121372871993792,,,-1.1727069710571103
Province:Shanxi,2008,Summer,-0.0288692998568877,3,-0.2980837937075913,-0.2381248509598983,,,-0.026648956822970096
Province:Shanxi,2008,Autumn,0.25175425581044675,3,0.3833791579157751,-1.0161515612294947,,,-0.6442679517139295
Province:Shanxi,2009,Winter,1.1187871890257772,3,2.0369924803267194,-0.2819054695731799,,,1.0374636171774319
Province:Shanxi,2009,Spring,0.24867044704638788,3,0.84798786386453,-0.5483311801367768,,,-0.650307702862143
Province:Shanxi,2009,Summer,0.6965041863420307,3,0.6305684011276348,-0.8270258997431253,,,0.6319182581553319
Province:Shanxi,2009,Autumn,-0.5208777030030752,3,0.5106643108981496,1.7437729510775017,,,-0.32952446882987324
Province:Shanxi,2010,Winter,0.08813434255807927,3,0.5341755254625158,0.0847816709160642,,,-0.1849908268722138
Province:Shanxi,2010,Spring,-0.9528336394277765,3,-1.0693470158435847,1.6815332382427093,,,-0.10762066419703599
Province:Shanxi,2010,Summer,0.8453084674397066,3,1.525086730259478,-1.1637243025663329,,,-0.15288563050669127
Province:Shanxi,2010,Autumn,0.6352112507606663,3,0.8384269624450826,-1.1931961235067152,,,-0.12598933366979895
Province:Shanxi,2011,Winter,-0.2163764596770292,3,-0.07097397488619035,0.8639209204893962,,,0.285765516344499
Province:Shanxi,2011,Spring,-0.020201874497945128,3,-0.334503501673273,-0.03459220726451597,,,0.23930567091492164
Province:Shanxi,2011,Summer,0.23664919232981352,3,0.2405587467604951,-0.7583447720386692,,,-0.2889559418097239
Province:Shanxi,2011,Autumn,0.1600961026793947,3,0.8285383235644687,-0.5365371115732626,,,-0.8847871270995471
Province:Shanxi,2012,Winter,-0.9024551576302459,3,-1.4552408365905396,-0.15323461780274786,,,-1.405359254102946
Province:Shanxi,2012,Spring,-0.12479502527517794,3,0.16609399374599002,-1.286252710447485,,,-1.8267317800190088
Province:Shanxi,2012,Summer,-0.05275637142932269,3,-0.2835027563537652,-0.5333730927752127,,,-0.4081394507094156
Province:Shanxi,2012,Autumn,-0.38309173597584345,3,-1.1199102194282877,0.2628154639549469,,,0.23345047545570421
Province:Shanxi,2013,Winter,-0.0021215574508738713,3,0.7774494614028878,0.21868733907603596,,,-0.5651267946794735
Province:Shanxi,2013,Spring,0.8680358481533315,3,2.2673349436767203,-0.19061886156993887,,,0.14615373921333544
Province:Shanxi,2013,Summer,0.5670712893672233,3,0.8108243130211478,-0.04898282566167463,,,0.8414067294188474
Province:Shanxi,2013,Autumn,0.32808026547100133,3,0.4838560953305993,-0.835880010105525,,,-0.3354953090231203
Province:Shanxi,2014,Winter,0.27434660032645924,3,1.3357891955165158,-0.43412273365500925,,,-0.9468721281921474
Province:Shanxi,2014,Spring,0.854083328402789,3,2.120618203926725,-1.358748965280055,,,-0.9171171839984132
Province:Shanxi,2014,Summer,-1.0478520722378022,3,-0.6208281387352206,1.2007930686083588,,,-1.3219350093698272
Province:Shanxi,2014,Autumn,0.39056674654195556,3,1.1467120037512877,-0.5523732384304934,,,-0.5273850025559144
Province:Shanxi,2015,Winter,0.7730764505539117,3,0.7189668683562118,-0.9963611851518239,,,0.6039012981536998
Province:Shanxi,2015,Summer,0.715508702255654,3,-0.1338985571587805,0.4610379656054748,,,2.741462629531217
Province:Shanxi,2015,Autumn,0.9942683726428522,3,1.6825297476704149,-0.042050673382659706,,,1.2582246968754818
Province:Shanxi,2016,Winter,1.4526259691875867,3,0.7520493459211539,-0.1909688326243195,,,3.414859729017287
Province:Shanxi,2016,Spring,0.4377793130172149,3,1.2797256682224145,-0.33890447421193076,,,-0.30529220338270047
Province:Shanxi,2016,Summer,0.9140545364824346,3,0.7032781360927334,-0.3065729466135819,,,1.7323125267409882
Province:Shanxi,2016,Autumn,1.0595596007543306,3,2.234655003455205,-0.3603723899066436,,,0.5836514089011431
Province:Shanxi,2017,Winter,1.523172785225041,3,2.7643393630676347,-1.4520828635458787,,,0.3530961290616089
Province:Shanxi,2017,Spring,0.4646104377289764,3,0.5345134988320358,-1.4753886835934955,,,-0.6160708692386022
Province:Shanxi,2017,Summer,0.5998791056409667,3,1.2051452409767758,-0.10312494405841745,,,0.4913671318877069
Province:Shanxi,2017,Autumn,0.48089848012502384,3,0.4750172499066405,-0.6562073757650251,,,0.31147081470340593
Province:Shanxi,2018,Winter,0.5936392944221124,3,0.0539903912894958,-0.10147550992248072,,,1.6254519820543605
Province:Shanxi,2018,Spring,2.017138220801754,3,4.548947359786787,-0.9987623502060662,,,0.5037049524124084
Province:Shanxi,2018,Summer,1.591068267158745,3,1.9957124261223247,-1.2638781890652953,,,1.5136141862886152
Province:Shanxi,2018,Autumn,0.5095230970119283,3,-0.27347354397710355,0.06850073762183234,,,1.870543572634721
Province:Shanxi,2019,Winter,-0.24027743531566226,3,0.33085249116218246,0.5872727365995742,,,-0.46441206050959505
Province:Shanxi,2019,Spring,0.6162145021238394,3,1.2480995249052351,-1.0705588601588159,,,-0.47001487869253267
Province:Shanxi,2019,Summer,0.9863631783997359,3,0.7267269996766761,0.004414445061001831,,,2.2367769805835334
Province:Shanxi,2019,Autumn,1.0031830304037745,3,2.136376987574579,-0.6603677737695194,,,0.21280432986722514
Province:Shanxi,2020,Winter,1.1876588677802553,4,2.7915759123395,-1.2014139955369758,1.1790072614221085,,-0.4213616981775629
Province:Shanxi,2020,Spring,0.9995316708032506,4,1.1447436497781254,-0.7086157411776032,1.7661695224999758,,0.37859776975729803
Province:Shanxi,2020,Summer,1.3354169360462034,4,0.17290552543605572,0.14621675961228237,4.204444003348121,,1.110534975012919
Province:Shanxi,2020,Autumn,0.5190744504567572,4,0.5023378965780646,-0.35133884729300807,1.5446539870219775,,-0.32203292906602143
Province:Shanxi,2021,Winter,1.6108329302892965,4,2.6489122709483715,-0.039776238373722086,1.0628745895067029,,2.6917686223283894
Province:Shanxi,2021,Spring,1.5333337352720422,4,2.025166566550284,-0.8302343732013417,1.9496674821116198,,1.3282665192249234
Province:Shanxi,2021,Summer,1.2558476496852824,4,0.8062836597957651,-0.3246547270516526,2.2189703230772544,,1.6734818888164578
Province:Shanxi,2021,Autumn,0.8511026006172284,3,1.875333966307317,-0.08073211452245284,,,0.5972417210219155
Province:Shanxi,2022,Winter,0.45863457480190584,3,1.092297357540449,-0.9090097107043665,,,-0.6254033438390982
Province:Shanxi,2022,Spring,1.199192514937339,4,2.6349515740722347,-0.12665664710951172,2.3429821445393895,,-0.30782030597177973
Province:Shanxi,2022,Summer,1.7506970220768932,4,2.36637296150824,0.3101651739007259,3.3602799657125937,,1.5863003349874647
Province:Shanxi,2022,Autumn,1.6468807130177912,4,2.3701245988767696,0.10914608139758847,3.4326276657316543,,0.8939166688603291
Province:Shanxi,2023,Winter,0.4455172338754533,5,0.6716863441733316,-0.3593252193978428,0.5600835189470181,-0.7453763903981311,1.3818674772572048
Province:Shanxi,2023,Spring,0.8346439285737528,5,2.5025079711804676,0.32545229165758505,3.5489613522743633,-0.8544060894115311,-0.6983912995169503
Province:Shanxi,2023,Summer,1.0168502853406927,5,1.899230232183318,-0.4513797558682401,2.3630744650837308,-0.8645971981180242,1.2351641716861983
Province:Shanxi,2023,Autumn,0.9350692016974094,5,2.554439309802187,-0.684406649685046,0.3638857365170115,-0.6923638073567477,1.76497811983955
Province:Shanxi,2024,Winter,0.4086019826307249,5,1.6833619137641658,1.0116043445949456,1.8401225145579583,-0.4306560565630247,-0.03821411401052931
Province:Shanxi,2024,Spring,1.2296448362004408,5,3.8433469620236007,-1.7346634291353686,1.6954069389732922,-0.7886684513215033,-0.33652469780855426
Province:Shanxi,2024,Summer,1.6628844618767147,5,3.0163547170873874,-1.2296698687851884,3.184674789556057,-1.5186184891208063,2.4023414230757476
Province:Shanxi,2024,Autumn,1.5877715013515552,5,4.630376171683728,-0.9899207712620726,1.6008039215848766,-1.941647128426083,2.659403770653182
Province:Shanxi,2025,Winter,0.3672345476888693,4,0.17974836026558305,-0.19185311754061177,0.4292793921581858,,0.6680573207910968
Province:Shanxi,2025,Spring,1.385995407871369,4,2.743472717351688,0.03781238582926296,1.5399872678660682,,1.2983340320969825
Province:Shanxi,2025,Summer,2.661738135547602,4,3.1814887322168643,-1.150973549183212,4.463724260256714,,1.8507660005336186
Province:Guangdong,1981,Spring,0.6004278940750097,4,0.41479154564516485,-0.2842350030676793,1.7891331060368298,,-0.0864480784496349
Province:Guangdong,1981,Summer,0.8368982780804415,4,-0.11351532436744008,0.17896063192199838,0.8443859225211696,,2.7956831460900347
Province:Guangdong,1981,Autumn,0.5949853853140439,4,-0.799765413018426,1.6519582353220703,3.0160306381761766,,1.8156345514204952
Province:Guangdong,1982,Winter,0.054235662550896624,4,-0.17000548818936237,0.20471477524148232,,-0.25326705596891314,0.8449299696033443
Province:Guangdong,1982,Spring,-0.5818970879376472,5,-1.2214573705846752,0.4859891767459413,0.16882617923833923,-0.9439043787819884,-0.42696069281396987
Province:Guangdong,1982,Summer,-0.8523503358447904,5,-1.0602671931030698,1.5155496776807038,0.21145379962294403,-1.4550441751540901,-0.44234443290903264
Province:Guangdong,1982,Autumn,-0.41119441137531343,5,-0.5980873991331622,-0.8807011807509417,-0.04324220269022686,-1.5475564109223727,-0.7477872248817469
Province:Guangdong,1983,Winter,-0.07895642630785242,5,-1.6483481531677826,1.5736153483500586,2.7932276001899474,-1.510697422759055,1.5446511925476867
Province:Guangdong,1983,Spring,0.1573306294132252,5,-0.30404662891839906,0.20395275734558396,1.1995588134645785,-0.7327732612067107,0.8278669810722412
Province:Guangdong,1983,Summer,0.22099341986540516,5,-0.5267162783359834,-1.4726659562632347,-1.3420496622793174,0.46192474480051743,1.0391423388785745
Province:Guangdong,1983,Autumn,0.3486571496881664,5,0.031816445476374626,-0.6377603620228219,-0.39092400635168234,1.261937010630686,0.20269593666263186
Province:Guangdong,1984,Winter,-0.6131341434018961,5,-1.8606265818416212,2.668103728086281,-1.197441187830023,1.9299400366327641,0.7305607441156806
Province:Guangdong,1984,Spring,-0.03881028584108426,5,-1.4225244782991937,0.6108527732272925,1.081244634278782,1.5543863676613847,-0.796305179619102
Province:Guangdong,1984,Summer,0.19053044970868258,5,-1.462821327188048,-0.5386094032966806,-0.7880459259464864,0.7430194857450639,1.9218906126362025
Province:Guangdong,1984,Autumn,-0.49165907414119286,5,-0.8275218612409463,-0.2921459206101202,-0.6796537536516347,-0.010203263730682328,-1.2330624126928214
Province:Guangdong,1985,Winter,-0.5789642037079862,5,-0.6836256445897833,1.1719929276719383,-0.06704982378897051,-0.4179608364170111,-0.5541917860722277
Province:Guangdong,1985,Spring,-0.6854472212622127,5,-0.6942370936658903,1.5157715584218043,-0.37366935479811475,-0.7721444176215043,-0.07141368180374948
Province:Guangdong,1985,Summer,-0.9289961178770018,5,-1.5015973154107298,0.7754167870843047,-0.7006165875838812,-0.9259811921267075,-0.7413687071793852
Province:Guangdong,1985,Autumn,-0.4355989241071643,5,-0.8576905660759371,0.1258309929355969,-0.32291111778530285,-0.8568792780075715,-0.014682665731413145
Province:Guangdong,1986,Winter,-0.7114163593642677,5,-1.2602788335341835,0.7767676171706763,-0.4726493083776587,-1.1296192459197616,0.08223320818094161
Province:Guangdong,1986,Spring,-0.6880424570534094,5,-1.0444849264778668,-0.40497996361023847,-0.6017837714160312,-1.4651441234727676,-0.7337794275106196
Province:Guangdong,1986,Summer,-0.6501887204973391,5,-0.6997499564682957,-0.6663406728193415,-0.4650644046835518,-1.4584857484665708,-1.2939841656876188
Province:Guangdong,1986,Autumn,-0.5692864059701988,5,-1.2019253049881693,0.7942611891809364,-0.2460796537873931,-1.163810915154132,0.5596450332596374
Province:Guangdong,1987,Winter,-0.2118649153226758,5,0.8672584706134429,-1.557657098340012,-1.0514524145326989,-1.1171491063234755,-1.3156386247106595
Province:Guangdong,1987,Spring,-0.005032569085296512,5,0.8130260470576478,0.013054504685537646,0.21250702656518472,-1.3508814342718851,0.31324001990810774
Province:Guangdong,1987,Summer,-0.666506728649425,5,-0.28627350155533,0.7086207540873031,-0.02330152387169842,-1.2029206362289289,-1.1114172275038638
Province:Guangdong,1987,Autumn,-0.10681242371467052,5,0.8961198008201069,0.8938046764549977,-0.4000120788706806,-0.8535364232004004,0.7171712591326193
Province:Guangdong,1988,Winter,-0.3621743926775299,5,0.31408280656490756,0.47051672566023844,-0.7741384294458218,-0.6909576263391765,-0.18934198850732026
Province:Guangdong,1988,Spring,-0.7096296371071411,5,-0.030253585027729107,2.586126250192155,-0.367553960324596,-0.777235205727981,0.2130208157367556
Province:Guangdong,1988,Summer,-0.5227483626378926,5,0.35388451323186676,0.40681959867115186,-0.6594514872966574,-0.608036858426412,-1.2933183820271086
Province:Guangdong,1988,Autumn,-0.15110830550125706,5,-1.176085514735543,0.41823133669356993,-0.2401986429900324,-0.3609642755167259,1.439938242429586
Province:Guangdong,1989,Winter,-0.2660255202825059,5,-0.6932758055040962,0.08918209198541115,0.2162198972032622,-0.20565932504488618,-0.5582302760813983
Province:Guangdong,1989,Spring,0.04803856410046485,5,-0.875419336583088,-0.07928948454986806,-0.05266140952409226,-0.4267981029501441,1.5157821850097806
Province:Guangdong,1989,Summer,-0.4608964635129114,5,-0.19391796184181517,0.044485022687467,-1.2832111577112588,-0.5146931665715629,-0.2681750087524534
Province:Guangdong,1989,Autumn,-0.21253201065659771,5,-0.36537187869690246,-0.13508443363448377,-0.691755840630801,-0.47806571583457674,0.3374489482448078
Province:Guangdong,1990,Winter,-0.19940837182848575,5,-1.2171223847377264,-0.1454722770145368,0.9459759334660167,0.39901293115837366,-1.2703806160436297
Province:Guangdong,1990,Spring,-0.44288053268728345,5,-1.1762887879295025,0.6977971355139111,-1.023403861506479,0.7644537720081961,-0.08136665049472018
Province:Guangdong,1990,Summer,0.633794207647842,5,1.1162132771375917,-1.1480754921409242,-1.0287171099350323,0.5176394976847118,1.4157598812110141
Province:Guangdong,1990,Autumn,0.10753331735071466,5,-0.3850250458218217,-1.3371601289013293,0.16991674321333078,0.23058753816537372,-0.8149727777046389
Province:Guangdong,1991,Winter,-0.11921478022582215,5,0.005947112585642593,-0.9401128673350282,-0.24802155134540135,0.3730026562971228,-1.667114986001503
Province:Guangdong,1991,Spring,0.05999522566163431,5,2.1293637896252333,0.35538276108902017,-1.7084631281352798,0.44763231388077374,-0.21317408597353563
Province:Guangdong,1991,Summer,0.5024657867653333,5,-0.34469137287322726,-0.6454532416194919,1.3175401576476669,0.40433567998149195,0.4896912274512428
Province:Guangdong,1991,Autumn,-0.39669931358728217,5,-0.9272061799547323,-0.6892886124205947,-0.4322018240119063,0.29170270046759045,-1.6050798768579575
Province:Guangdong,1992,Winter,0.1761935938573894,5,-0.43048318602179236,-0.11031810606486403,1.8637382373882725,0.5479086656878493,-1.2105138538322466
Province:Guangdong,1992,Spring,-0.08388117242769913,5,-1.1996094912106152,0.778276155811283,1.4202064866601336,1.0527060007994185,-0.9144327025761495
Province:Guangdong,1992,Summer,-0.3285642015343976,5,-0.5632562246766311,1.2847544277160257,-0.517043139702016,1.434557070219479,-0.7123242857967945
Province:Guangdong,1992,Autumn,-0.21562550614322654,5,-0.25357708520339445,0.8721604979554578,-0.7936513704804454,1.4346329153835307,-0.5933714924603655
Province:Guangdong,1993,Winter,0.2616393994166354,5,0.793950926511865,0.6159873135085916,-0.21949152974682085,1.6196447885523453,-0.26991987472562085
Province:Guangdong,1993,Spring,0.13087144515157542,5,-0.6414196529750418,0.2597986765510087,1.208618695916968,0.8694101885793347,-0.522453329212375
Province:Guangdong,1993,Summer,0.23939911867898722,5,-0.5230563455680257,-1.6054283307987418,0.12576088935560562,-0.20576925803832188,0.1946319768469362
Province:Guangdong,1993,Autumn,-0.3354660875862495,5,-1.1620814549272818,1.6674291953793527,1.1365796317572328,-0.9674496835549262,0.9830502641730797
Province:Guangdong,1994,Winter,-0.056197085129431244,5,0.3592997066376177,-0.38441190765072314,-0.8673831454134667,-1.2348936950837386,1.0775798005617083
Province:Guangdong,1994,Spring,0.2417606222002684,5,1.4425857120044914,-0.9002041646591273,-1.3176635363147393,-0.6548572637218637,0.838534034374326
Province:Guangdong,1994,Summer,-0.29477661053844006,5,-1.131637718290567,1.3514764214554817,0.8361476063408524,0.2810918238882883,-0.10800834317529188
Province:Guangdong,1994,Autumn,-0.33534530714530414,5,-0.5842793840230704,0.08855947158260065,-0.6770213871151392,0.9238840087876514,-1.2507503017933619
Province:Guangdong,1995,Winter,0.35678632424286477,5,-0.48254230137124954,-0.9580298682868786,0.8039561814588138,1.4385388487839286,-0.9340509759440478
Province:Guangdong,1995,Spring,-0.21234816502142473,5,-0.11151776708310801,-0.4670593040551839,-1.4960703528712416,1.2215228827328592,-1.1427348919408171
Province:Guangdong,1995,Summer,-0.09036669926700154,5,-0.9616799356380088,1.2818807963701988,0.5950214532710443,0.6367853817655171,0.5599204006366383
Province:Guangdong,1995,Autumn,-0.22398915989594542,5,-1.4436119601567226,0.05822779416496897,0.2606097208333222,0.07382877391514892,0.047455460093493274
Province:Guangdong,1996,Winter,-0.6849484475516175,5,-1.1946678207667363,0.779594782462956,-0.8027145757928409,0.03849602153153065,-0.686261080267085
Province:Guangdong,1996,Spring,-0.4922753828543419,5,-1.0859635649440995,2.0806460724894627,-0.20197478138270525,0.45768484277167437,0.4495226617728837
Province:Guangdong,1996,Summer,-0.011554562297687785,5,-0.1864867900556326,0.0455358152014173,-0.6224416165684866,0.8983573137416657,-0.10166590340456814
Province:Guangdong,1996,Autumn,0.4857225576605903,5,0.5966192880815026,-1.4477517145309067,-0.8485761155328594,1.0488470735078836,0.183970827715518
Province:Guangdong,1997,Winter,-0.2152225363086316,5,-0.7209146569133437,-0.850916283074202,-0.2198519432805613,-0.21987455586335983,-0.7663878085600951
Province:Guangdong,1997,Spring,-0.47417559255247055,5,-0.491666158633134,-1.033041905807636,-0.6772145146423859,-0.781155098684631,-1.4538840966098376
Province:Guangdong,1997,Summer,-0.6240927602950028,5,-0.5442766847841565,1.5970888767262141,0.5965229491530334,-1.1811887488475314,-0.39443244027014585
Province:Guangdong,1997,Autumn,-0.7233984344638369,5,0.5608759889485976,1.2052545720659948,-0.647990851757572,-1.2451642854028768,-1.0794584520413386
Province:Guangdong,1998,Winter,0.2746024762438964,5,1.476189972695666,-0.03303041612072107,0.45703992635193086,-0.7187950414381563,0.1255471074893201
Province:Guangdong,1998,Spring,0.34544416045573295,5,1.557502166796749,-0.9288487986483459,0.6925345909108881,-0.28766840648251557,-1.1639963475948023
Province:Guangdong,1998,Summer,0.6134413850389742,5,3.055809448817782,-0.6278088564178151,-1.0706106227887568,-0.023789650820250134,0.4779888935682804
Province:Guangdong,1998,Autumn,0.30953353899491554,5,0.5520307320090991,-1.6777682127804552,-0.08247587900849572,0.17790451672505558,-0.7775598875315362
Province:Guangdong,1999,Winter,0.8403870699602113,3,1.6396113035013442,-1.0523414465536844,,,-0.17079154017439466
Province:Guangdong,1999,Spring,0.3837986156466622,3,1.2841699938896807,0.6768980502326873,,,0.5441239032829932
Province:Guangdong,1999,Summer,0.2832483371293389,3,-0.1601686916800042,-0.7790235991851271,,,0.23089010388289385
Province:Guangdong,1999,Autumn,0.6655304557020183,3,0.7105639410702438,-0.7586815359796175,,,0.5273458900561937
Province:Guangdong,2000,Winter,0.11967443735019408,3,-0.44951552278075846,0.08208037302634515,,,0.8906192078576859
Province:Guangdong,2000,Spring,-0.010644615042175806,3,-0.1206091510954281,-1.4219908642962529,,,-1.3333155583273522
Province:Guangdong,2000,Summer,0.3561288745602922,3,1.8737164427908706,0.2518328650957526,,,-0.5534969540142414
Province:Guangdong,2000,Autumn,0.5525233090543729,3,1.0212667969887093,1.0438884789095733,,,1.6801916090839826
Province:Guangdong,2001,Winter,0.5650580773878972,3,0.9772983495311003,-1.34339018644544,,,-0.6255143038128486
Province:Guangdong,2001,Spring,-0.21204357648901584,3,-0.07312496528532478,-1.076596710165597,,,-1.6396024743473199
Province:Guangdong,2001,Summer,0.5264707293060633,4,-0.15974843275441525,0.555937425841667,3.013570900805777,,-0.19200212498544153
Province:Guangdong,2001,Autumn,-0.23004618045677147,3,0.8270675840268096,-0.09580157274456255,,,-1.6130076981416865
Province:Guangdong,2002,Winter,0.06746915741352925,3,0.32923877441256333,-1.014850955761676,,,-1.1416822579336516
Province:Guangdong,2002,Spring,0.9269244259851391,3,2.1834847074886112,-1.5020237192345072,,,-0.9047351487677014
Province:Guangdong,2002,Summer,-0.053145543447305744,3,0.2966901661422597,-0.46861712471829003,,,-0.924743921202467
Province:Guangdong,2002,Autumn,-0.23443817360367822,4,-1.014037729057046,1.8163534600973272,2.5097087643329528,,-0.6170702695932925
Province:Guangdong,2003,Winter,0.25171849906043314,4,1.2150478614380256,-0.1817907416805824,0.10670910049141116,,-0.4966737073682866
Province:Guangdong,2003,Spring,0.5599451078269687,4,1.2849925720010866,-1.4326631094934854,-0.917343304052203,,0.43946805386550597
Province:Guangdong,2003,Summer,0.8897682521986401,4,1.5010423937487003,-1.503767461583367,0.6194743152842317,,-0.06521116182173872
Province:Guangdong,2003,Autumn,0.13814415747045583,4,0.4138643541473368,-0.20265163350868268,-0.034326011326048546,,-0.02961334644814766
Province:Guangdong,2004,Winter,0.23214402888746002,5,-0.8184575755279839,-0.03134517301291462,-0.32304748023526414,1.1523299625136136,1.1185500646740199
Province:Guangdong,2004,Spring,0.8220206954824633,5,-0.12309402948275024,-1.0439948165193913,-0.13908174088118977,1.8247653244883526,1.503519106768512
Province:Guangdong,2004,Summer,0.6031600190127254,5,1.1082934717260675,-0.43601337692555386,-0.32342628493977116,2.198198436853631,-0.403278905501854
Province:Guangdong,2004,Autumn,0.18513517755098638,5,-0.1445135423777967,-0.27456978446174846,-0.5618247623227939,2.040305713741343,-0.6828613057475689
Province:Guangdong,2005,Winter,0.03328694473739363,4,-0.19722859125350325,0.4379161501241415,-0.9436254867601234,,1.7119180070873428
Province:Guangdong,2005,Spring,0.47352537559645147,4,0.02368217210662171,-0.30987755081742185,1.1042541827773498,,0.45628759668441266
Province:Guangdong,2005,Summer,-0.03428897772809453,4,-0.06298125490721346,-0.06576138401205053,0.6641015293045817,,-0.8040375693217968
Province:Guangdong,2005,Autumn,1.4871668828120812,3,2.200213572619899,-1.842412519350728,,,0.4188745564656163
Province:Guangdong,2006,Winter,0.991723376347537,3,0.46238154098907935,-0.36907252823792736,,,2.1437160598156044
Province:Guangdong,2006,Spring,0.5269836498713815,3,0.3809144229356916,0.864817384530919,,,2.064853911209372
Province:Guangdong,2006,Summer,0.1087865566669346,3,0.3202105013178036,-9.001584889415026e-05,,,0.006059152834106046
Province:Guangdong,2006,Autumn,0.17984678603187212,3,0.8882889736020447,-0.16273914061108924,,,-0.5114877561175175
Province:Guangdong,2007,Winter,0.32909755413077274,3,-0.06306910038916404,-1.5275679584476893,,,-0.477206195666207
Province:Guangdong,2007,Spring,0.12311805420623854,3,0.5744787329267529,0.20655680871568383,,,0.0014322384076465358
Province:Guangdong,2007,Summer,0.42525196072292,3,1.3394411978254537,-1.2661900044432741,,,-1.3298753200999678
Province:Guangdong,2007,Autumn,0.08317736605371516,3,-0.5173112258677393,-0.6009596748130546,,,0.16588364921583015
Province:Guangdong,2008,Winter,-0.540448877391823,3,-0.07898296209480547,1.9007135422906056,,,0.35834987220994213
Province:Guangdong,2008,Spring,-0.26603726386384463,3,-0.5909264015669093,-0.6516060684467035,,,-0.8587914584713281
Province:Guangdong,2008,Summer,-1.2040754380089096,3,-0.7028095774777692,2.0868025665679975,,,-0.8226141699809623
Province:Guangdong,2008,Autumn,1.1023552781198318,3,2.484498284059471,-1.337284813143588,,,-0.5147172628435635
Province:Guangdong,2009,Winter,0.8991726357061146,3,1.640821241833633,-0.7444233957328795,,,0.3122732695518314
Province:Guangdong,2009,Spring,0.35504955541625166,3,-0.7518118707536704,-0.664321141429461,,,1.1526393955729644
Province:Guangdong,2009,Summer,0.6613587303024532,3,0.3053047303510883,-1.1837861559826555,,,0.4949853045736158
Province:Guangdong,2009,Autumn,1.0040102531790567,3,1.5103566967988378,0.9604522555262649,,,2.4621263182645974
Province:Guangdong,2010,Winter,0.935814026398023,3,1.8880165413689964,0.47354583418103874,,,1.3929713720061114
Province:Guangdong,2010,Spring,0.3425845865458626,3,-0.1305366019613121,0.8648125392486035,,,2.0231029008475034
Province:Guangdong,2010,Summer,0.5094107733214382,3,-0.08495425611311555,0.3224694089477517,,,1.9356559850251818
Province:Guangdong,2010,Autumn,-0.22259660433249337,3,-0.43549091337033896,0.7763490839960054,,,0.5440501843688644
Province:Guangdong,2011,Winter,-0.1302586407381979,3,-1.0122097474287215,1.6030134627545873,,,2.224447287968715
Province:Guangdong,2011,Spring,-0.42239529192795366,3,-0.8289062405037956,0.9658872348665004,,,0.5276075995864349
Province:Guangdong,2011,Summer,0.8590271056412665,3,0.8058924091647403,-0.924575819174779,,,0.8466130885842799
Province:Guangdong,2011,Autumn,0.5868851915296589,3,0.5606570728997945,-0.08051571479278252,,,1.1194827868963997
Province:Guangdong,2012,Winter,-0.3141755785983466,3,-1.6030329825555985,1.0267677699064681,,,1.6872740166670266
Province:Guangdong,2012,Spring,0.8910484885081292,3,1.1698076893736833,-1.0815528582254035,,,0.42178491792530076
Province:Guangdong,2012,Summer,0.3748635351940602,3,0.10104133346508448,-0.15412745499917152,,,0.8694218171179245
Province:Guangdong,2012,Autumn,-0.18669480273378705,3,-0.38710392766423934,-0.2307153233177693,,,-0.4036958038548911
Province:Guangdong,2013,Winter,0.5745083472030088,3,0.7215849686234125,-0.16604765867185395,,,0.83589241431376
Province:Guangdong,2013,Spring,0.07715089195614273,3,0.11282484627840302,-0.3010192151131395,,,-0.18239138552311432
Province:Guangdong,2013,Summer,0.3993615700217131,3,-0.1219365294275898,1.2280193037823846,,,2.5480405432751136
Province:Guangdong,2013,Autumn,-0.021634004963493363,3,-0.4284328790809554,0.07130968778269912,,,0.43484055197317445
Province:Guangdong,2014,Winter,-0.5909865463144817,3,-0.9400401462882324,1.86590101031207,,,1.0329815176568573
Province:Guangdong,2014,Spring,0.3281580491707797,3,0.27294417183204434,-1.0005624802138908,,,-0.2890325045335963
Province:Guangdong,2014,Summer,0.8680081272852712,3,2.487444388698713,-1.1693533484883287,,,-1.0527733553312286
Province:Guangdong,2014,Autumn,1.0266856260209203,3,1.9695066076257557,-1.5378022895696128,,,-0.4272520191326077
Province:Guangdong,2015,Winter,0.0579264598881978,3,-0.5834579728496266,-0.7609852063252834,,,-0.00374785381106342
Province:Guangdong,2015,Summer,1.4444235570098194,3,2.982586260008237,-0.1354934880130905,,,1.2151909230081308
Province:Guangdong,2015,Autumn,0.9038853386735713,3,3.2031782243924716,-0.36573273585545013,,,-0.8572549442272079
Province:Guangdong,2016,Winter,0.13335504074297191,3,-0.6151769873808532,0.3635719051537858,,,1.3788140147635548
Province:Guangdong,2016,Spring,0.06335973780867565,3,0.044867257583912204,-0.23450416061210494,,,-0.08929220476999018
Province:Guangdong,2016,Summer,1.2686832221860478,3,1.9996005721838237,-1.4111562112185798,,,0.3952928831557397
Province:Guangdong,2016,Autumn,1.3587877324263502,3,3.6162313627540095,-0.03327369726812053,,,0.4268581372569206
Province:Guangdong,2017,Winter,1.121992416746808,3,1.9909117847867361,-1.3516964054497491,,,0.02336906000393869
Province:Guangdong,2017,Spring,-0.4089245466117734,3,-0.7120963312879217,-0.6040834076504272,,,-1.1187607161978257
Province:Guangdong,2017,Summer,0.4463206199576366,3,1.6479033957400089,-0.13396968506897353,,,-0.44291122093607255
Province:Guangdong,2017,Autumn,1.2759450355908528,3,3.36638568239289,-0.34617958251455766,,,0.11526984186511072
Province:Guangdong,2018,Winter,-0.059441471711785786,3,-0.4592691871072903,0.45665574724800884,,,0.7376005192199417
Province:Guangdong,2018,Spring,1.2437382960804912,3,2.59463751715994,-0.8312382329065576,,,0.3053391381749766
Province:Guangdong,2018,Summer,-0.3207132218250075,3,-0.06512502030546798,-0.34447640640805505,,,-1.2414910515776096
Province:Guangdong,2018,Autumn,-0.7576699604724978,3,-0.5628963023421614,0.44520004731087576,,,-1.2649135317644562
Province:Guangdong,2019,Winter,1.3443772198804587,3,3.2406578386338394,-0.5717983956113154,,,0.22067542539622148
Province:Guangdong,2019,Spring,-0.10723449485147125,3,0.714521405227143,-0.8467145486667305,,,-1.8829394384482874
Province:Guangdong,2019,Summer,0.9844788338372582,3,2.339288192190655,-0.9689215785779933,,,-0.3547732692568738
Province:Guangdong,2019,Autumn,0.5981717927523577,3,0.9627214345669916,-1.2750221336361314,,,-0.4432281899460499
Province:Guangdong,2020,Winter,1.3727977899930217,4,2.4370976042907664,-1.1556932220001677,2.1325508012761003,,-0.2341504675949479
Province:Guangdong,2020,Spring,1.5046893324209014,4,0.8849644176773063,-0.4717399927425455,5.138923655219116,,-0.4768707359553623
Province:Guangdong,2020,Summer,2.4974890651098813,4,2.5288355892993333,-1.9183401219116694,3.7705827051811234,,1.7721978440473998
Province:Guangdong,2020,Autumn,1.7361916786162968,4,1.1754463017931753,-1.401511661603687,2.601522143195923,,1.766286607872402
Province:Guangdong,2021,Winter,0.8935222035321824,4,1.4912707079561924,0.05296592798875969,0.7836752372628272,,1.3521087968984697
Province:Guangdong,2021,Spring,1.961547727921512,4,4.494642947699192,-1.7210862637867594,1.0974297018035697,,0.5330319983965274
Province:Guangdong,2021,Summer,1.9427330417872073,4,1.701205444141003,-1.22915156959478,4.8008624931629225,,0.03971266025012386
Province:Guangdong,2021,Autumn,1.4466182329447916,3,3.4456841041547186,0.24495815096416412,,,1.1391287456438208
Province:Guangdong,2022,Winter,-0.1575199592265788,3,-0.6489255411732388,-0.18983523634979735,,,-0.013469572856295018
Province:Guangdong,2022,Spring,1.2691623023788283,4,1.1650522060563575,0.8686428863934015,5.31681564142128,,-0.5365757515689222
Province:Guangdong,2022,Summer,2.320477095508467,4,1.6100962498548053,-0.4776224808221309,7.001357128201807,,0.19283252315512364
Province:Guangdong,2022,Autumn,2.3350317644920655,4,4.008189282908274,-0.47457276582697633,3.118145530446351,,1.73921947878666
Province:Guangdong,2023,Winter,0.6353734257036733,5,-0.06422405772012459,-0.16669782332471145,1.7626253266318932,-0.4009618035899774,1.7127298398718638
Province:Guangdong,2023,Spring,1.1702688557390863,5,1.3457641154108715,-0.7077432437769162,4.354113599116177,-0.1350461974011509,-0.4212304822073823
Province:Guangdong,2023,Summer,1.6216792656551196,5,2.359739942170887,-1.719646981053696,3.627780473964446,0.28258630336043944,0.11864262772612952
Province:Guangdong,2023,Autumn,1.6245699513433483,5,2.2594773716897425,0.0989834511463599,5.234893695100354,0.5381912138812841,0.18927092719172173
Province:Guangdong,2024,Winter,0.7793182705962982,5,3.2105675458951493,0.750716435569073,-0.18899143786790354,0.4233067502614011,1.2024249302619168
Province:Guangdong,2024,Spring,1.8852343471083082,5,1.965434243970784,-1.1849842977147529,6.836792418146894,-0.11023119490588881,-0.4508080293850023
Province:Guangdong,2024,Summer,1.4790737853413716,5,2.467883725838826,-1.4636960550394404,5.334946188214669,-0.4467397199342669,-1.4244173224518104
Province:Guangdong,2024,Autumn,1.0427184195774777,5,3.0030478739782276,-1.6655308121701788,0.014864520748642295,-0.6091842929226549,1.1393331839129937
Province:Guangdong,2025,Winter,-0.1444251986696834,4,-1.0271503325090632,-1.4371747570451208,-1.453713704971097,,0.46598848575630586
Province:Guangdong,2025,Spring,0.7759455750054782,4,2.0463283951701428,0.35665903712602964,1.4197139820575424,,-0.005601040079742708
Province:Guangdong,2025,Summer,1.8069467720126482,4,1.5250739708858303,-0.5520142058277293,6.048125820031674,,-0.8974269086946418
Province:Guangxi,1981,Spring,0.9960885950012934,4,0.1555405478916594,-0.26290192756971276,2.5855011845176668,,0.9804107200261347
Province:Guangxi,1981,Summer,1.207844758714014,4,0.6511830175025679,-0.30990909685929136,1.6065324581150175,,2.2637544623791785
Province:Guangxi,1981,Autumn,0.6845879518947033,4,-0.207309147921953,1.5178589277219618,1.6038175650731952,,2.859702318149533
Province:Guangxi,1982,Winter,0.12106214175005803,4,-0.30319995239506,0.382771052234708,,-1.1411454938301544,2.3113650654601545
Province:Guangxi,1982,Spring,-0.19709085823656997,5,-1.0562203781257669,0.4671199198126695,0.8713695559636742,-1.6707088535272925,1.3372253043192048
Province:Guangxi,1982,Summer,-0.6078261285586406,5,-0.5279520945430626,0.4276893186813811,-0.46190382996283597,-1.9357352173067492,0.3141498177008257
Province:Guangxi,1982,Autumn,-0.0311237615306579,5,-0.6145908622840852,-0.7842715698789492,0.8377957093285229,-1.9627141314597438,0.7996189068830674
Province:Guangxi,1983,Winter,-0.2688533743599789,5,-1.7113079290508209,1.4753842239198347,1.7474227102345585,-1.9383474536841017,2.033350024620304
Province:Guangxi,1983,Spring,0.3114842642463838,5,0.15473150152848644,-0.46379748041973007,0.24723040669831073,-1.365553508332438,2.0572154409178296
Province:Guangxi,1983,Summer,0.529212191999763,5,1.6508712263456,-1.2558661218132554,-1.4857791337483677,-0.519656179543719,1.7447589251320466
Province:Guangxi,1983,Autumn,0.368203489048266,5,-0.040046795691944366,-0.4869975917745297,1.063015456899701,0.22568362066850367,0.10536757159053993
Province:Guangxi,1984,Winter,-0.4887337334638053,5,-1.7554310137441795,2.8295986781097042,-0.6245175304514128,1.0037191533126426,1.762159401673627
Province:Guangxi,1984,Spring,-0.14602747914320047,5,-1.3087067060658693,-0.21977444367994392,-0.7810574221782117,0.6093668467392742,0.5304854421088602
Province:Guangxi,1984,Summer,-0.0039037260521414207,5,-0.8532547269380769,-0.6924822927248984,-1.443478762654486,0.16509862862705466,1.4196339379799028
Province:Guangxi,1984,Autumn,-0.39534381655136575,5,-0.5173703748339246,0.471216372657798,-0.3581404634198442,-0.21574398160985153,-0.41424789023541053
Province:Guangxi,1985,Winter,-0.1020139852176531,5,-0.6047860860215577,1.1633651321539573,0.7873748585470876,-0.3035807625373554,0.7742871960775173
Province:Guangxi,1985,Spring,-0.6653812052894852,5,-1.1680632850770893,2.4349022677018244,-0.2879094600550186,-0.41844484974004525,0.9824138361265509
Province:Guangxi,1985,Summer,-0.2012072758660489,5,-0.6790326434551589,-1.4397520394514833,-0.8795960441440535,-0.4255722527491865,-0.46158747843332903
Province:Guangxi,1985,Autumn,0.15712891112602917,5,-0.3684656680884949,-0.04561565506247656,0.6694196144949972,-0.3895360179805306,0.8286109721416975
Province:Guangxi,1986,Winter,-0.5922196143451643,5,-0.8832648619012093,0.17005740635739205,-0.9292097927896203,-1.2097948327284274,0.23122882205082704
Province:Guangxi,1986,Spring,-0.18822789628715103,5,-0.181165768069702,-0.8350954768142391,-0.20239064438168383,-1.4981720116049748,0.10549346580636633
Province:Guangxi,1986,Summer,-0.451481814730686,5,-0.448680521808756,-0.21727538797238957,0.1616335131825163,-1.5350182625366757,-0.6526191904629041
Province:Guangxi,1986,Autumn,-0.545094957463445,5,-1.3927083745210815,0.6847600029613861,0.3316742297726903,-1.4141778932551505,0.43449725364770275
Province:Guangxi,1987,Winter,0.33558084563680673,5,1.499571772944585,-1.4140462216367184,-0.6387447878786368,-1.292551634925422,0.6955826564067887
Province:Guangxi,1987,Spring,0.4644394748937254,5,1.4397145997898977,-0.22244300081395135,-0.3017642445391869,-1.0294908842757158,1.9912949026796805
Province:Guangxi,1987,Summer,-0.21645435755510506,5,-0.19167697495277594,0.7800751252060009,-0.3346761638649139,-0.5550744785950742,0.7792309548432398
Province:Guangxi,1987,Autumn,0.08881305753842014,5,0.7881999693870118,1.6274221161717914,0.34453507869561545,-0.11110847660699132,1.0498608323882563
Province:Guangxi,1988,Winter,-0.43099939534132403,5,-0.6200851394867531,0.8597468774042384,-1.123933258523552,0.43858105018506705,0.01018724852285659
Province:Guangxi,1988,Spring,-0.38775171517599355,5,-0.1956187623816336,1.7385394702598782,-1.0373982775461603,0.5194835817422131,0.5133143525654912
Province:Guangxi,1988,Summer,0.06882178379317387,5,1.484379293060463,1.1338817520880682,0.23291855325922028,0.5522036640796238,-0.7915108393453695
Province:Guangxi,1988,Autumn,0.33347389221195456,5,-1.2297307618802038,-0.5511758390258914,0.9493202316470374,0.5247070905073271,0.8718970617597206
Province:Guangxi,1989,Winter,-0.12684317192898573,5,-0.3768100641309559,0.6095604339990601,-0.5646725024770993,0.8789890566240567,0.037838084338130094
Province:Guangxi,1989,Spring,-0.09353843864570192,5,-1.0313653910938447,-0.40377172902250413,-0.19784588728204971,0.6939311677732302,-0.33618381164834943
Province:Guangxi,1989,Summer,-0.0023194059237531817,5,0.20371544682382933,-0.06708175558047967,-1.037295062721741,0.3836373984927843,0.37126343220588176
Province:Guangxi,1989,Autumn,-0.2006927269146186,5,0.19688029695578657,-0.30502867914695164,-1.4132166368107513,0.09123343553092741,-0.18338940939600742
Province:Guangxi,1990,Winter,-0.12958530792657194,5,-0.7837620946549012,-0.46232821514726447,0.16153282227010052,0.2613608145220217,-0.7493862969173453
Province:Guangxi,1990,Spring,-0.28137787992440383,5,-1.1436502385341525,0.20589687116924782,0.6905704538368169,0.25822066886504674,-1.0061334126204824
Province:Guangxi,1990,Summer,0.09422577851622897,5,1.0332070591080589,-1.1936727822098263,-1.566561903422176,0.1940271698027198,-0.3832162151172839
Province:Guangxi,1990,Autumn,0.4357151281910305,5,0.8069435520493897,-1.5434429569765629,1.1130030010374434,0.12224967757356833,-1.4070635466818115
Province:Guangxi,1991,Winter,0.3048895808023449,5,0.5615213643297505,-1.3232833393944308,-0.34285351279827425,0.4805978659687944,-0.49810115288297696
Province:Guangxi,1991,Spring,0.39905416996094223,5,2.427618523756814,1.0659381319946932,-1.677727002162041,0.9717770854565059,1.3395403747481252
Province:Guangxi,1991,Summer,0.4430211705124921,5,-0.7932122294955615,-0.737796937151773,1.305954262429527,1.1702419869936544,-0.20567510451693255
Province:Guangxi,1991,Autumn,-0.25919940041075956,5,-0.3344610180808267,-0.7277237667911187,-1.1791387859811544,1.2179374469557567,-1.7280584117386921
Province:Guangxi,1992,Winter,0.3624374674011341,5,-0.44911168027284537,-0.2604158936140575,2.1053497578873213,1.6659314352490564,-1.7703980694719192
Province:Guangxi,1992,Spring,-0.07541855867682463,5,-0.8361819175513528,0.396784023757062,-0.16249875128129798,1.6086351811980073,-0.5902632819924177
Province:Guangxi,1992,Summer,-0.1373983479824546,5,-0.1687789015899563,1.201268254362822,-0.6629127571967547,1.376587939071967,-0.030619765834707182
Province:Guangxi,1992,Autumn,-0.35362385590045226,5,0.02343525033326689,0.3004676463933854,-1.778680922865485,1.050670236674972,-0.7630761972516298
Province:Guangxi,1993,Winter,0.4039655900430681,5,0.47314634111782916,0.2736041788719851,1.3505336872385194,1.1218122417768515,-0.6520601410458744
Province:Guangxi,1993,Spring,-0.06247118534155486,5,-0.5936529438492759,-0.001035129269002729,-0.0012021803708526222,0.6703088334337143,-0.38884476519036276
Province:Guangxi,1993,Summer,0.2772727089853527,5,-0.05990348562517124,-1.1377662320548014,0.6678401727509312,0.15764615394581896,-0.5169855281996167
Province:Guangxi,1993,Autumn,-0.6534602175896199,5,-0.9855216714068487,1.311526267474084,0.24536897466151766,-0.2785916055714387,-0.937030518157246
Province:Guangxi,1994,Winter,-0.38233133388575724,5,0.054605468721659986,-0.016032078628713857,-1.3119217814553683,-0.28422570756889953,-0.3861467277548923
Province:Guangxi,1994,Spring,0.21938870607103295,5,1.1679625477635815,-0.5946413385441783,-0.2219237629934344,0.01422212567372674,-0.45795871863288773
Province:Guangxi,1994,Summer,-0.5762528032274166,5,-1.3622809294090183,1.887913527220092,1.6854421988021917,0.37884539932354655,-1.6953571576337112
Province:Guangxi,1994,Autumn,-0.32354384333182173,5,-0.9776371747173307,0.18304207453138766,-0.37056803453550186,0.6407908228840132,-0.7272627557589016
Province:Guangxi,1995,Winter,0.3889308944463187,5,-0.7751063705118372,-0.8099908451618015,1.2130487660378357,1.010278677527627,-0.31355744598383384
Province:Guangxi,1995,Spring,-0.14044894885008405,5,-0.5560741006974461,-0.9398569964816502,-1.537057898945223,0.8365143722464675,-0.3854841133358689
Province:Guangxi,1995,Summer,-0.04059623396396537,5,-0.6538974290575401,0.22837757531347933,-0.750941463025432,0.5309491663557848,0.8992861312208397
Province:Guangxi,1995,Autumn,0.12195198187432947,5,-1.3055264330489662,-0.4048190241378429,0.7108780794905545,0.22792711953325248,0.5716621192589637
Province:Guangxi,1996,Winter,-0.3977071418624103,5,-1.1284224741876392,0.8767410969818116,-1.179495245004227,0.33690183545158303,0.859221271410043
Province:Guangxi,1996,Spring,-0.15565866396548964,5,-1.3621042168882753,2.9936542854171027,2.274488996661489,0.46001157145386407,0.8429646143625762
Province:Guangxi,1996,Summer,-0.17108304458504292,5,-0.8565399965444319,0.8817271027411648,-0.00029563774095333885,0.5783905350196552,0.30475697908168026
Province:Guangxi,1996,Autumn,0.16614692702570513,5,-0.6721966983142676,-1.1666368450103608,-0.7536403406335501,0.6186134726597757,0.47132135640620687
Province:Guangxi,1997,Winter,-0.26646730609526237,5,-0.20671128273851008,-0.921098766772587,-0.4295000931817868,-0.54091127998311,-1.0763126413454922
Province:Guangxi,1997,Spring,-0.359445700013055,5,-0.7504298052541309,-0.6170005836206359,0.2551595096530189,-1.1801245439042556,-0.7388342441805434
Province:Guangxi,1997,Summer,-1.0635193920711328,5,-1.4093234001197097,1.0782746229226603,-0.7546879906519274,-1.628940297034359,-0.4463706496270071
Province:Guangxi,1997,Autumn,-0.7429816818262616,5,0.018537464239767303,1.8593450976546189,-1.0761889399490874,-1.8369430841569623,1.0390312483895932
Province:Guangxi,1998,Winter,0.1558910314211778,5,0.32857642039613816,-0.29388102077930117,-0.5439022196422092,-1.1877939747283375,1.8886939103009963
Province:Guangxi,1998,Spring,-0.07787586168342517,5,1.0386184753158572,-0.3771661320682899,-0.9533664076108455,-0.8016550210369238,-0.05014248715350377
Province:Guangxi,1998,Summer,0.8536437869196133,5,2.420041431392632,-0.6486370576825666,0.09477869549503315,-0.7281379822571873,1.8328997322850218
Province:Guangxi,1998,Autumn,-0.032260832721322075,5,0.769561907642241,-1.586777854479021,-0.973534213018161,-0.5961411005826756,-0.9479686121270356
Province:Guangxi,1999,Winter,0.6720321444189791,3,1.522502176055183,-1.0750068287588264,,,-0.5814125715570723
Province:Guangxi,1999,Spring,0.29168082097624515,3,0.3849507153910567,0.11083516817738444,,,0.6009269157150632
Province:Guangxi,1999,Summer,-0.32339443818851993,3,-0.4184712565007041,-0.06596839237094872,,,-0.6176804504358043
Province:Guangxi,1999,Autumn,0.356560120678256,3,-0.06479547382458162,-0.9670502641107794,,,0.16742557174857003
Province:Guangxi,2000,Winter,-0.031399519648016336,4,-0.35764702952484345,-0.07154203257588145,-0.16983311941390206,,0.33034003777079873
Province:Guangxi,2000,Spring,-0.5657194198750349,4,-1.1141741064692685,-1.1344358108397106,-0.509202375856704,,-1.7739370080138779
Province:Guangxi,2000,Summer,0.16063990497879196,3,1.14053459468976,-0.05738288506020372,,,-0.7159977648135878
Province:Guangxi,2000,Autumn,0.2700544578818001,3,0.5340600954123466,1.4748529393945393,,,1.750956217627593
Province:Guangxi,2001,Winter,0.3663233097545646,3,0.42705498332504577,-1.284997782772377,,,-0.6130828368337288
Province:Guangxi,2001,Spring,-0.30470096939525204,4,-0.588273591897493,-0.3214571656813808,0.36426129152309583,,-1.3162487428879919
Province:Guangxi,2001,Summer,-0.7395807656642178,3,-1.1530969305151957,0.9900552739557006,,,-0.07559009252175686
Province:Guangxi,2001,Autumn,-0.30917175127256025,3,-0.07331762994347128,-0.23738434388660867,,,-1.091581967760818
Province:Guangxi,2002,Winter,0.27691387106628135,3,0.5197121595467927,-0.6066772295051062,,,-0.29564777585305474
Province:Guangxi,2002,Spring,0.6138504719778106,3,1.1106540299791423,-0.6599234226769618,,,0.07097396327732783
Province:Guangxi,2002,Summer,-0.5537186427696161,4,-1.1923900435626553,1.3432976079157342,1.1825680329510053,,-0.8617549525510799
Province:Guangxi,2002,Autumn,-0.10051361411405044,4,-0.8878962485764432,1.3397157042291643,1.584896565807588,,0.24066093054181759
Province:Guangxi,2003,Winter,0.7311076388398239,4,1.813005967431745,0.07686354706295875,1.1668201687095647,,0.02146796628094438
Province:Guangxi,2003,Spring,0.7669271068994806,4,1.4153524661880825,-1.2893354969259367,-0.2693600057928784,,0.6323804702767813
Province:Guangxi,2003,Summer,0.8180183221287689,4,0.798263311698938,-1.122110267428439,0.19228325777489239,,1.1594164516128063
Province:Guangxi,2003,Autumn,0.007005930047353601,4,0.19400855048381332,-0.20167721384449858,-0.8409756085418414,,0.47331356440294386
Province:Guangxi,2004,Winter,-0.022585104542017963,5,-0.5538857551616307,-0.47907699970813,-0.3658830259085454,0.7001790093680932,-0.3724127507161369
Province:Guangxi,2004,Spring,0.14259984261754616,5,-0.17859093707499113,0.14962659876774861,-0.22574856785337097,1.3216782378395975,-0.05471292105575615
Province:Guangxi,2004,Summer,-0.18333800204673492,5,-0.20201006924095619,1.3746119435083264,0.1724067955092328,1.8405066283103326,-1.3529814213039575
Province:Guangxi,2004,Autumn,0.07291096996420052,5,-0.6452147270113477,-0.39442477127382786,-0.7096405611534911,2.0851433682352574,-0.7601580015232438
Province:Guangxi,2005,Winter,-0.42766970764229806,4,-0.11632942966474552,0.48041689188921144,-0.3076159014003554,,-0.8063166076148797
Province:Guangxi,2005,Spring,0.5466447422956899,4,1.397876209420592,-1.0662398791877257,1.077871489994889,,-1.3554086094204472
Province:Guangxi,2005,Summer,-0.17522029953179696,4,-0.32521166892138953,-1.409194724197926,-0.24059300638057945,,-1.5442712470231448
Province:Guangxi,2005,Autumn,0.7533332478127134,3,1.8703881314792206,-1.2517728655441067,,,-0.8621612535851871
Province:Guangxi,2006,Winter,-0.19134458201012475,3,0.05716866181407964,-0.3781704845314745,,,-1.0093728923759284
Province:Guangxi,2006,Spring,-0.30960042224083173,3,0.6716680412472734,0.5752173040384833,,,-1.0252520039312853
Province:Guangxi,2006,Summer,-0.36715656698549154,4,-0.19288984087705047,0.13445203855916701,0.25308769767013467,,-1.3943720861758833
Province:Guangxi,2006,Autumn,0.5891664455142916,3,2.4355230671729675,-0.3674825227151333,,,-1.0355062533452257
Province:Guangxi,2007,Winter,-0.22326761355337157,3,-0.09485257308568622,-0.8625188560621561,,,-1.4374691236365846
Province:Guangxi,2007,Spring,-0.22209010945672214,3,1.0651504575781297,0.951479093207193,,,-0.779941692741103
Province:Guangxi,2007,Summer,0.8321577484798932,3,0.6985331129932519,-1.5736068007573587,,,0.22433333168906905
Province:Guangxi,2007,Autumn,-0.6437968345262065,3,-0.49843870518629985,1.0364335547321466,,,-0.3965182436601732
Province:Guangxi,2008,Winter,-1.0421927003916835,3,-0.6456682787678718,2.140520353866704,,,-0.34038946854047436
Province:Guangxi,2008,Spring,-0.2892380836899517,3,-0.15102813606017282,-0.8308962874775695,,,-1.5475824024872518
Province:Guangxi,2008,Summer,-0.1427225308942331,4,-1.1860290158321773,1.323953390329357,2.063276117574512,,-0.1241838349899098
Province:Guangxi,2008,Autumn,0.6892589987744847,3,0.9234765973386044,-1.5035874784963945,,,-0.3592870795115447
Province:Guangxi,2009,Winter,0.6444928646961096,3,1.7269337724882647,-0.6186250377486614,,,-0.4120802161485972
Province:Guangxi,2009,Spring,-0.1451894927208918,3,-0.626055994947351,-0.9647831529907639,,,-0.7742956362060883
Province:Guangxi,2009,Summer,0.6614082026996154,3,1.3417701816681307,-0.8869310362967227,,,-0.24447660986600686
Province:Guangxi,2009,Autumn,0.9152156126116736,3,2.71041620768751,0.804842505058862,,,0.8400731352063731
Province:Guangxi,2010,Winter,1.0673154003166199,3,2.382582927129972,-0.46093824005407713,,,0.3584250337658103
Province:Guangxi,2010,Spring,0.2978466309916205,3,0.41151816418724246,0.11456231978060541,,,0.5965840485682244
Province:Guangxi,2010,Summer,0.6746811465397289,3,1.2521334837061062,0.02985627680841362,,,0.8017662327214942
Province:Guangxi,2010,Autumn,-0.4204260924778109,3,-0.45620332484986104,-0.08561396682608222,,,-0.8906889194096537
Province:Guangxi,2011,Winter,-0.9585667179389112,3,-0.956090949388824,1.1535132906424046,,,-0.7660959137855052
Province:Guangxi,2011,Spring,-1.3065441353129745,3,-0.9723558574370236,2.1083182795700224,,,-0.8389582689318777
Province:Guangxi,2011,Summer,0.7573327840127021,3,0.9991524977849163,-1.3373787698665347,,,-0.06453291561334489
Province:Guangxi,2011,Autumn,0.23567051710321377,3,1.093920135761553,0.20187481573725505,,,-0.1850337687146565
Province:Guangxi,2012,Winter,-1.2297774817474758,3,-2.0410518327507368,0.8645785277635863,,,-0.783702084728104
Province:Guangxi,2012,Spring,0.43631986814481927,3,1.490861816760799,-1.0651883608260801,,,-1.2470905731524216
Province:Guangxi,2012,Summer,-0.00599819989418678,3,0.3548432986677254,-0.5190730163053455,,,-0.8919109146556312
Province:Guangxi,2012,Autumn,-0.36817272848214166,3,-0.18817432362312347,0.04493673323621948,,,-0.8714071285870821
Province:Guangxi,2013,Winter,0.017422908472926046,3,0.7239740366027503,-0.23654824652436168,,,-0.9082535577083338
Province:Guangxi,2013,Spring,2.1838870838215603,4,2.2487747853908364,-0.9586451103900779,6.458475077968343,,-0.9303466384630162
Province:Guangxi,2013,Summer,0.15326496773077572,4,0.09166997074576319,0.2931071767440661,0.35376228878892757,,0.4607347881324782
Province:Guangxi,2013,Autumn,-0.8395247003012164,3,-0.4205636493057012,0.6988402998051759,,,-1.3991701517927717
Province:Guangxi,2014,Winter,-1.0629276287910399,3,-0.24211859742239517,1.64857644067128,,,-1.2980878482794445
Province:Guangxi,2014,Spring,0.3897776917480832,4,1.1937686077426533,-1.0272245527815675,0.21571902903752632,,-0.8776014225694141
Province:Guangxi,2014,Summer,-0.24592420265242154,3,0.7874209947130388,0.19085137124839524,,,-1.3343422314219082
Province:Guangxi,2014,Autumn,0.9470015039648895,3,2.148841502306232,-1.3168318689119711,,,-0.6246688593235351
Province:Guangxi,2015,Winter,0.11973653350144638,3,0.4455897001741085,-0.8308606134474663,,,-0.9172407131172357
Province:Guangxi,2015,Summer,0.22165599220565038,3,2.1910460378917813,2.3221303901516492,,,0.7960523288768191
Province:Guangxi,2015,Autumn,0.5140281704164706,3,2.285434531215007,-0.01523378374529614,,,-0.7585838037108912
Province:Guangxi,2016,Winter,-0.4068638024132227,3,-1.146748969830336,-0.10112946898398635,,,-0.17497190639331833
Province:Guangxi,2016,Spring,0.40537550398120387,3,0.7264206709481782,-0.8093512520383453,,,-0.3196454110429122
Province:Guangxi,2016,Summer,1.9193440355711313,3,2.4521531204643123,-1.373220981354221,,,1.9326580048948607
Province:Guangxi,2016,Autumn,1.634387491775238,3,3.2557040219850206,-0.37147496521643864,,,1.2759834881242549
Province:Guangxi,2017,Winter,1.1710098966530966,3,1.687517305792411,-1.5382489356785234,,,0.28726344848835533
Province:Guangxi,2017,Spring,-0.16041187884611288,3,-0.790432662332366,-0.752698181220442,,,-0.44350115542641466
Province:Guangxi,2017,Summer,-0.017394847857704027,3,0.4996895030117687,0.1503221881113128,,,-0.401551858473568
Province:Guangxi,2017,Autumn,1.1494193588791368,3,2.417994550649049,-0.6013411079982303,,,0.42892241799013153
Province:Guangxi,2018,Winter,0.28387570544625307,3,-0.43413441234488587,-0.12347272686268321,,,1.1622888018209618
Province:Guangxi,2018,Spring,1.5793733171823314,3,1.9376447820361553,-1.11118905493527,,,1.6892861145755689
Province:Guangxi,2018,Summer,0.8623531354507543,3,0.18231818177912346,-0.9622044586885763,,,1.4425367658845631
Province:Guangxi,2018,Autumn,0.12338309799303064,3,-0.5812456398386079,-0.13395974838682687,,,0.8174351854308729
Province:Guangxi,2019,Winter,2.457691498250659,3,1.8193106178066039,0.5193675231344872,,,6.073131400079861
Province:Guangxi,2019,Spring,1.6874103927415123,3,0.5224206734538157,-0.7836074641507055,,,3.756203040620016
Province:Guangxi,2019,Summer,2.977281384860547,3,1.920677431819882,-0.24397684256808813,,,6.767189880193672
Province:Guangxi,2019,Autumn,2.12969384268892,3,0.6822524147721437,-0.718365259712993,,,4.9884638535816235
Province:Guangxi,2020,Winter,3.0228660512239167,4,1.7449354661360144,-0.9450051854886677,4.1493922877745195,,5.252131265496465
Province:Guangxi,2020,Spring,3.0196287758352565,4,1.4168578715800177,0.2835213156314579,6.308362888652903,,4.636815658739564
Province:Guangxi,2020,Summer,4.539625829872227,4,2.759218724942839,-1.7329162366457473,3.708482953850031,,9.95788540405029
Province:Guangxi,2020,Autumn,2.6951315116736736,4,0.6630074421756073,0.5726348927088136,3.8178652692207935,,6.872288228007107
Province:Guangxi,2021,Winter,2.077744881319935,4,0.8547282578516269,0.2861079937783905,1.4630453577920808,,6.2793139034144225
Province:Guangxi,2021,Spring,3.4551041829342566,4,2.4090426325631076,-0.9298939048842453,5.426821989475562,,5.0546582048141095
Province:Guangxi,2021,Summer,3.809393875853601,4,2.5769400007370122,-1.841769077760506,3.7657052683971046,,7.05316115651978
Province:Guangxi,2021,Autumn,2.1912716243304957,3,1.8009598282919819,0.7134319558472267,,,5.4862870005467315
Province:Guangxi,2022,Winter,1.1213653643849035,3,-1.0800705296591973,0.6980514796731727,,,5.142218102487081
Province:Guangxi,2022,Spring,2.545054573327163,4,0.5875740187838033,1.3806211297466504,7.500923363802273,,3.472342040469226
Province:Guangxi,2022,Summer,3.2132194677233445,4,1.5195500194575813,-1.156312854275728,4.41751763623767,,5.759497360922399
Province:Guangxi,2022,Autumn,2.2711397481254636,4,2.7862040631925122,-0.6320211581940361,1.4330584527110262,,4.233275318404279
Province:Guangxi,2023,Winter,1.6188793872838516,5,-0.6791843667303035,-0.21296322632214343,2.6554520729814883,0.21723612393134883,5.687929879914582
Province:Guangxi,2023,Spring,2.4617105171961122,5,1.9328585083555845,-0.4818503262564697,3.974444264752698,0.07616477418972611,5.843234712426083
Province:Guangxi,2023,Summer,3.4601199301737666,5,3.221816874686694,-0.33430994842060535,5.122479410148327,-0.027977639801011908,8.649971057414216
Province:Guangxi,2023,Autumn,2.5388973689530125,5,1.8978980478610985,0.07996662802099991,5.4897268791503055,-0.11068960610985686,5.497518151884516
Province:Guangxi,2024,Winter,2.1080077593906146,5,3.036466199819494,1.3594186123555487,1.3284417162369773,0.5507738382712173,6.983775654980934
Province:Guangxi,2024,Spring,3.0618371534765307,5,1.7550368831628325,-1.6269577070164045,7.2575964691030785,0.2706170567235813,4.398977651376758
Province:Guangxi,2024,Summer,1.5464672731790627,5,1.0041180444671782,-1.8969230346153647,1.4314705781747068,-0.39131181975642404,3.7911365283944884
Province:Guangxi,2024,Autumn,1.7948574454612853,5,2.046308024151876,-1.674784612603617,2.477669035979476,-0.8960172426454801,3.6715427972169365
Province:Guangxi,2025,Winter,0.6218870598285564,4,-0.6758004765084391,-1.0223775837974047,-1.3920767488501482,,3.533047880875408
Province:Guangxi,2025,Spring,1.5579889564355076,4,2.026114384914993,-0.021792591648687302,0.4536667683119748,,3.730382080866376
Province:Guangxi,2025,Summer,1.7966396667898912,4,1.027933636897498,-1.011621272852491,1.587248272399193,,3.559755485010383
Province:Xinjiang,1981,Spring,2.207791193540358,4,0.38538132327494545,-1.4120358276575264,4.442550895199861,,2.591196728029099
Province:Xinjiang,1981,Summer,1.28250529693705,4,-0.8793558120016609,-0.13790929375521147,4.168439814139513,,1.7030278918551365
Province:Xinjiang,1981,Autumn,0.7829412492239222,4,-1.5527008836344258,2.398986970695362,4.261613304622582,,2.8218395466028947
Province:Xinjiang,1982,Winter,-0.06520923474357576,4,-0.05302403012023232,-0.6027331970359807,,-3.0299668171297998,2.2194207112397484
Province:Xinjiang,1982,Spring,-0.2457862693009175,5,-0.0237110069324901,-0.06365979314255377,-0.24468934531556766,-3.098504563844656,2.0743137764455724
Province:Xinjiang,1982,Summer,-0.3390137687455099,5,-0.6629544499509702,0.7673888830925725,-0.011933087569900476,-2.9047250708053802,2.651932647691274
Province:Xinjiang,1982,Autumn,-0.23455021028582404,5,-0.30160763569582033,0.3645612335915228,0.20348438057858184,-2.232607556932478,1.5225409942121193
Province:Xinjiang,1983,Winter,0.2796014695117683,5,-0.7924437729936862,-0.5785414544371843,0.18879751023455257,-0.7839680992088439,2.2070802550896347
Province:Xinjiang,1983,Spring,0.019218977178651286,5,-0.6010416297822327,0.09371246218154443,-0.3550181206806576,-0.4865696372758745,1.6324367358135656
Province:Xinjiang,1983,Summer,0.09132446938514713,5,-0.2581209068017532,0.10823720930453773,-0.5047457836143324,0.015617773720389007,1.31210847292597
Province:Xinjiang,1983,Autumn,0.4576077307596327,5,-0.4884044903931698,-0.6153069408508219,-0.3214363095874734,0.6357082129654669,1.8468642999625178
Province:Xinjiang,1984,Winter,-0.9193241000224583,5,-1.8049344564347578,1.8464917194430464,-1.495704507388917,0.8406166325400851,-0.2901064493856553
Province:Xinjiang,1984,Spring,0.24704670476615959,5,-0.9099889165509446,-0.3964785031340994,-0.2828834237010225,0.9110791948348157,1.1205481661138499
Province:Xinjiang,1984,Summer,0.3880904413675558,5,0.14765216104431214,0.9381458273678037,0.09113304909727121,0.9621923008980791,1.6776205231659205
Province:Xinjiang,1984,Autumn,0.024122287858844137,5,-1.331267190463036,0.08414623040699191,-0.43867193492775736,0.8824594689621298,1.0922373261298763
Province:Xinjiang,1985,Winter,-0.6227412269003418,5,-1.080269990789977,2.753917855194746,-0.8312211789125203,0.3744108369662313,1.1772920534293034
Province:Xinjiang,1985,Spring,-0.04992558923156474,5,-0.7403423662441714,1.2565318965037255,-0.36802350016218127,0.512034925984078,1.6032348907681766
Province:Xinjiang,1985,Summer,0.017405923957836356,5,-0.9089946192792037,0.31937438796299294,-0.6740701911841631,0.6213778909664859,1.3680909272490556
Province:Xinjiang,1985,Autumn,-0.006900390487029373,5,-0.8990513697985977,0.7609437899737247,-0.5151146909359117,0.6644960882474983,1.4761118100255888
Province:Xinjiang,1986,Winter,-0.13954052278961665,5,-0.8538366353308017,-0.6942946785992838,-1.559961497928422,0.6317122385614181,0.39008860215043867
Province:Xinjiang,1986,Spring,-0.06030690772982909,5,-0.8012129767539405,1.0226309885100782,-0.29809517770909494,0.7791770422101525,1.0412275621138156
Province:Xinjiang,1986,Summer,0.25615496539591953,5,-0.06609557607619637,0.04462362312139899,-0.4769824120752805,0.9513877816723901,0.9170886565800834
Province:Xinjiang,1986,Autumn,0.07211290005766668,5,-0.5817612057724987,0.413371151538882,-0.4952880377512479,1.023350474262364,0.8276344210885979
Province:Xinjiang,1987,Winter,0.6697716687780115,5,0.010401513346686474,-0.8395955938688343,0.9125238996916972,0.6892024292860075,0.8971349076968325
Province:Xinjiang,1987,Spring,0.01920497624268459,5,-0.49533657344584914,-0.0526744458225332,-0.13344017602058866,0.18129584926661613,0.4908313355907114
Province:Xinjiang,1987,Summer,-0.47242730381383363,5,-0.23185373170165052,2.204021093672865,-0.17454835557133783,-0.5476547258154483,0.7959413876921334
Province:Xinjiang,1987,Autumn,-0.6576815499122931,5,-0.0177299156524397,2.671559605296258,-0.08914109923999984,-1.3696798029825583,0.8597026736097897
Province:Xinjiang,1988,Winter,-0.04757134098869442,5,0.2650392344548964,1.097260399892726,0.06268609135081928,-1.094557619278732,1.6262359884222704
Province:Xinjiang,1988,Spring,-0.9457501149142928,5,-1.0022014972145905,1.8107661298812536,-0.19992595750765807,-1.1690853912844845,-0.5467715986834772
Province:Xinjiang,1988,Summer,-0.6337517043492553,5,-0.9961084579914242,0.42569207097562095,-0.22222246619156905,-1.200247787346232,-0.32448773924142976
Province:Xinjiang,1988,Autumn,-0.24385902230576884,5,-0.25227314225784003,-1.0245566008260105,-0.18627984151394847,-1.0603879841199302,-0.744910744463136
Province:Xinjiang,1989,Winter,-0.2821940694564256,5,-0.3960308732679552,-0.8610398194614942,-1.1626959573513018,-0.22917385618578184,-0.48410947993858316
Province:Xinjiang,1989,Spring,-0.27527468807962663,5,-0.9092074788040013,0.7067171147863718,-0.3298016920089756,-0.06291665465567876,0.6322694998568946
Province:Xinjiang,1989,Summer,-0.6053434782903168,5,-1.4933130357507802,0.9320592956808293,0.016481934788267344,0.09180895685695158,-0.7096359516651934
Province:Xinjiang,1989,Autumn,-0.2657962206549082,5,-0.4533949687482736,0.31198357047228586,0.020326250101594688,0.26992400312296627,-0.8538528172785427
Province:Xinjiang,1990,Winter,0.8788008556390515,5,2.4811368694608937,-0.9430794997961622,-0.05831440183133001,0.42872771591498776,0.599374594854544
Province:Xinjiang,1990,Spring,-0.11850550119932282,5,-0.9020369917988311,-0.8053424702259847,-0.044898706526928796,0.49008443007543673,-0.9410187079722756
Province:Xinjiang,1990,Summer,0.2653813987069264,5,-0.36365854364723643,-0.9044333096059012,0.5687120942611622,0.5641763175207021,-0.3467561842058968
Province:Xinjiang,1990,Autumn,0.3653406679440704,5,0.14819833784561803,-0.562759578117242,0.7808743888468701,0.572110350623176,-0.237239315712554
Province:Xinjiang,1991,Winter,-0.2556301050146016,5,-0.6549057941062362,-0.174242926397107,0.22525941029657032,0.44438343259203217,-1.4671305002524813
Province:Xinjiang,1991,Spring,-0.29130298344884886,5,-0.5752407097091913,-0.20801603478188768,-0.20350176047935936,0.33627401883307917,-1.2220625006706607
Province:Xinjiang,1991,Summer,-0.4590059983942836,5,-0.5691222281516725,0.9156956619477598,-0.16102166847491747,0.1766338232545538,-0.825824256651622
Province:Xinjiang,1991,Autumn,-0.3017266651849923,5,-0.7226641904192701,-0.8789794637599929,-0.5090082080260229,-0.04749110188723455,-1.108449289352427
Province:Xinjiang,1992,Winter,0.1344249815308997,5,0.2877471643522957,-0.6174204014506226,0.5528789772349343,0.25705704439386073,-1.0429786797772147
Province:Xinjiang,1992,Spring,-0.3410973937089586,5,-0.9683618078548477,-0.3291023689263275,-0.2652664195940246,0.36931946654835884,-1.1702805765706068
Province:Xinjiang,1992,Summer,-0.8609656711053892,5,-1.3773042659398391,1.847951591603492,-0.08723017563775734,0.36193780496181527,-1.3542801273076732
Province:Xinjiang,1992,Autumn,-0.4460708095067364,5,-0.8754537377518099,1.54621344953206,-0.2703459703542139,0.2989670638416784,0.16269204626272354
Province:Xinjiang,1993,Winter,0.419871174548478,5,0.9373468428578416,-0.9233948331948574,0.5129243648304745,0.25166506369798325,-0.5259752318387673
Province:Xinjiang,1993,Spring,-0.1716601397423027,5,-0.31825321401449463,0.8763335923482705,-0.024261656934665695,-0.04198882715898641,0.4025365917449036
Province:Xinjiang,1993,Summer,-0.9161489730469645,5,-2.08065978691918,1.3534040147913382,0.18962644261863845,-0.439467000122989,-0.8968405060199538
Province:Xinjiang,1993,Autumn,-0.748096026467074,5,-1.0581030232085695,1.3430430738349428,0.05076565760505024,-0.8667520266154364,-0.523347666281471
Province:Xinjiang,1994,Winter,0.33925263818602625,5,-1.1580647126373123,-0.06295867453840127,2.8663169223238167,-0.13403442235195723,0.05908672905718272
Province:Xinjiang,1994,Spring,-0.32655865405453277,5,-0.6677133216595624,0.8738129740208925,-0.11536386781712289,-0.0059321566324456705,0.030029049857359887
Province:Xinjiang,1994,Summer,0.03765593805393823,5,0.12244320189211057,-1.155884135866448,-0.3219165475227699,0.2081421895862103,-0.976273289552308
Province:Xinjiang,1994,Autumn,-0.16740742649468077,5,0.5726521771814708,0.5577851712019789,-0.32657570791446394,0.4425149620348234,-0.9678433925732551
Province:Xinjiang,1995,Winter,0.15067845727605472,5,0.13370323557406216,0.016555379478411132,0.4342009206295835,0.528058670115867,-0.3260151604608282
Province:Xinjiang,1995,Spring,-0.26248864380523307,5,-0.491443236612634,0.5042966166600155,-0.3810402716321281,0.47844381599578767,-0.41410691011717565
Province:Xinjiang,1995,Summer,-0.2715703421180061,5,-0.3338252318976913,-0.48811999778852716,-0.6182481449025914,0.3918107485339408,-1.2857090801122157
Province:Xinjiang,1995,Autumn,-0.19369542174534957,5,-0.2559240297986297,-0.35262168866951893,-0.11891736959975431,0.22617328131511252,-1.1724306793129953
Province:Xinjiang,1996,Winter,-0.21710278756356285,5,-1.3136635571619117,-0.015988852003148615,1.0666531313260756,0.23632425884521624,-1.0908166228303429
Province:Xinjiang,1996,Spring,-0.5850863411127831,5,-0.6815059429450541,1.3754509804229804,-0.2507556844605977,0.22663990645797785,-0.8443590041932612
Province:Xinjiang,1996,Summer,-0.4864508670821238,5,-0.4115080113039317,1.2804582388340173,-0.21158261160116956,0.2198819570111232,-0.7485874306826237
Province:Xinjiang,1996,Autumn,-0.17646577800704782,5,0.13122484107824325,-0.06905931603767317,-0.2928596830610845,0.1788086312110849,-0.9685619953011559
Province:Xinjiang,1997,Winter,0.267773486838161,5,0.6767822172221223,-0.35162420978917147,0.05574215874183127,0.3442271931502748,-0.08950834471259476
Province:Xinjiang,1997,Spring,0.6448356246414766,5,1.9888777026174989,-1.7027665149326985,-0.3871094422637115,0.8331738045750956,-0.9135304566541989
Province:Xinjiang,1997,Summer,0.1229147162111008,5,0.8946132423417091,1.1706454913985143,-0.5928291848020515,1.4490293462522132,0.03440566866214734
Province:Xinjiang,1997,Autumn,0.1617736346624088,5,0.3768137240536892,0.29001481139008706,-0.6683552258650687,1.996845315007536,-0.6064208284940256
Province:Xinjiang,1998,Winter,-0.24560881675725205,5,-0.6991064055892414,0.1188076776312161,-0.6557944480321077,1.5754648820734554,-1.3298004346071504
Province:Xinjiang,1998,Spring,-0.16183991705647388,5,-0.44312549803608603,1.2066393993692672,0.026728061995161725,1.2082363362461284,-0.3943990861183062
Province:Xinjiang,1998,Summer,0.14088403642363362,5,0.11351290085963663,-1.680147697600406,-0.2930983715231442,0.5765618017249151,-1.3727038465436456
Province:Xinjiang,1998,Autumn,0.13400608731830005,5,1.7160601194799896,-0.38217482607838815,-0.3077704073632372,-0.29207537863317085,-0.8283587229704695
Province:Xinjiang,1999,Winter,0.5671718207735235,3,1.3907792670380101,-1.0880854694815352,,,-0.7773492741989751
Province:Xinjiang,1999,Spring,-0.5651168507663017,3,-0.245954618964295,0.785745641203228,,,-0.663650292131382
Province:Xinjiang,1999,Summer,0.35474141504948237,3,1.0796888029521239,-0.1986643656527642,,,-0.21412892345644108
Province:Xinjiang,1999,Autumn,0.09287729414323231,3,-0.28993205842623826,-1.2176161733667297,,,-0.6490522325107945
Province:Xinjiang,2000,Winter,-0.052422057207117345,3,-0.5383406166158132,-0.7612333460864571,,,-0.3801589010919959
Province:Xinjiang,2000,Spring,0.12138004354889713,3,0.05032721733261637,-1.450119680911768,,,-1.136306767597693
Province:Xinjiang,2000,Summer,0.48952431373051203,3,0.7284457440189841,-1.005613836608273,,,-0.26548663943572115
Province:Xinjiang,2000,Autumn,-0.4761287738694029,3,-0.8303578361173615,0.9108290841687252,,,0.312800598677878
Province:Xinjiang,2001,Winter,0.2067810922831952,3,0.053470641417467275,-0.4086728194676189,,,0.15819981596449936
Province:Xinjiang,2001,Spring,0.5681841907977269,3,0.8834149586081042,-0.8190145880379854,,,0.0021230257470908776
Province:Xinjiang,2001,Summer,0.7807824490230924,3,1.071990173204841,-1.0327767357300637,,,0.23758043813437205
Province:Xinjiang,2001,Autumn,0.373383137868505,3,0.4679959525300023,-0.8423435657004045,,,-0.19019010462489175
Province:Xinjiang,2002,Winter,0.18557504333987573,3,1.3035709317663509,0.7953468655879367,,,0.04850106384121303
Province:Xinjiang,2002,Spring,0.2849877248139933,3,0.27472608501242557,-0.6118030894442407,,,-0.03156600001468636
Province:Xinjiang,2002,Summer,1.1052903632318698,3,1.4968707940331842,-1.2773274455294539,,,0.541672850132971
Province:Xinjiang,2002,Autumn,0.18444811336693673,4,0.6128700035212933,-0.7447125821977741,-0.35787001050877487,,-0.2619201217425456
Province:Xinjiang,2003,Winter,0.13454037310880698,4,0.21882026204115548,0.9335140340352178,-0.02876155141890011,,1.2816168158481904
Province:Xinjiang,2003,Spring,-0.39291852920107956,4,-0.7923379209047269,0.7325017233007426,-0.21798107156253077,,0.17114659896368195
Province:Xinjiang,2003,Summer,-0.3201609158462773,4,-0.4293288492343493,0.29589093982781245,-0.38712347587897106,,-0.1683003984439766
Province:Xinjiang,2003,Autumn,0.49026936214809824,4,1.231805207017458,0.042994561998667816,-0.0696290336937793,,0.8418958372673819
Province:Xinjiang,2004,Winter,-0.525760143461493,5,-0.16901045265218598,-0.5577868822935694,-0.8790493449849798,-1.330149583982296,-0.8083782179815725
Province:Xinjiang,2004,Spring,0.12781947995566229,5,0.9772156088568938,-1.062334734481392,-0.23693638954499832,-1.4607615601754045,0.2972450061604281
Province:Xinjiang,2004,Summer,0.05071768405857473,5,0.623913528394764,-0.402273559264703,-0.2968408583548997,-1.4984641088697068,1.0227062998580132
Province:Xinjiang,2004,Autumn,-0.1296297327389197,5,-0.35089249840239617,-0.7210945799185542,-0.349800451411942,-1.3223640004230344,0.6538137066242199
Province:Xinjiang,2005,Winter,-0.43341236265999417,4,-0.40985356961228187,1.1805499352905762,-0.20648049881188044,,0.06323455307476174
Province:Xinjiang,2005,Spring,0.2029009588468145,4,1.2672755510997684,-0.5892455370395494,-0.13028629327320898,,-0.914630959478851
Province:Xinjiang,2005,Summer,-0.0592497560825736,3,0.34150944040153364,-0.11594948062250625,,,-0.6352081892717607
Province:Xinjiang,2005,Autumn,-0.036986044503574046,3,-0.3709301966858626,-1.147343979629804,,,-0.8873719164546635
Province:Xinjiang,2006,Winter,-0.6304252359129371,3,-0.7374713286295927,0.9742628328044802,,,-0.1795415463047383
Province:Xinjiang,2006,Spring,0.08577588350236065,3,0.7560621857971421,-0.10524715847049167,,,-0.6039816937605519
Province:Xinjiang,2006,Summer,0.5621535497005349,3,1.0983738451094374,-0.9831418014548173,,,-0.3950549974626501
Province:Xinjiang,2006,Autumn,1.3742996590902816,3,3.6279081096843275,-1.0991595607529665,,,-0.6041686931664487
Province:Xinjiang,2007,Winter,0.6387005085177643,3,1.874400450980374,-1.1156137532212609,,,-1.0739126786483417
Province:Xinjiang,2007,Spring,0.9222048177978022,3,1.87102248367253,-1.2015348993869024,,,-0.30594292966602576
Province:Xinjiang,2007,Summer,0.5216186182312049,3,0.9870366727818841,-0.9256856800497615,,,-0.34786649813803117
Province:Xinjiang,2007,Autumn,0.09066587472446817,3,0.007357432389537498,-0.6783433827031363,,,-0.41370319091926927
Province:Xinjiang,2008,Winter,-1.338054784517827,3,-1.0115015320781358,1.7802239774231063,,,-1.2224388440522385
Province:Xinjiang,2008,Spring,0.9592508119279156,3,2.95050165622759,-0.9720831420932415,,,-1.044832362537085
Province:Xinjiang,2008,Summer,0.9637132866909304,3,2.3586626660231844,-1.1980087370989352,,,-0.6655315430493283
Province:Xinjiang,2008,Autumn,0.16658818608191725,3,0.4036524613485547,-1.025320930189559,,,-0.9292088332923618
Province:Xinjiang,2009,Winter,0.5994358392342393,3,1.2196880014572116,-1.147587863207339,,,-0.5689683469618328
Province:Xinjiang,2009,Spring,0.4945249070231674,3,0.7923068541079155,-1.194023563868056,,,-0.5027556969064694
Province:Xinjiang,2009,Summer,-0.40401287242623246,3,-1.2819990483489963,-0.15803722567420614,,,-0.08807679460390738
Province:Xinjiang,2009,Autumn,-0.3076674481997674,3,0.04341715191886442,0.35572166224867713,,,-0.6106978342694893
Province:Xinjiang,2010,Winter,0.5008433736256285,3,0.8195710960507542,0.24696359754856176,,,0.9299226223746933
Province:Xinjiang,2010,Spring,-0.9324607252269342,3,-0.6280959183794871,1.7303428331688688,,,-0.4389434241324466
Province:Xinjiang,2010,Summer,0.5258936803719054,3,1.2794893819388362,-0.9396150272795756,,,-0.6414233681026954
Province:Xinjiang,2010,Autumn,0.7076163903285629,3,1.2924928551772008,-0.6907611975515886,,,0.13959511825689933
Province:Xinjiang,2011,Winter,-0.49537873841041885,3,-0.646026827622724,1.9451386524879772,,,1.1050292648794446
Province:Xinjiang,2011,Spring,-0.3045151677697819,3,0.8373385127156237,0.8136656394413391,,,-0.9372183765836302
Province:Xinjiang,2011,Summer,1.0184756901324044,3,1.9766524258234452,-1.6313141706406629,,,-0.5525395260668952
Province:Xinjiang,2011,Autumn,0.16084793045908508,3,0.5613720707823694,-1.228253513052782,,,-1.3070817924578961
Province:Xinjiang,2012,Winter,-1.3928433417185462,3,-1.369658525040888,1.3610290150706954,,,-1.4478424850440552
Province:Xinjiang,2012,Spring,-0.024777801191609994,3,0.06898976814861119,-1.2271701193921078,,,-1.370493291115549
Province:Xinjiang,2012,Summer,0.2908723467492309,3,0.8771574051809244,-1.4784522541531724,,,-1.4829926190864042
Province:Xinjiang,2012,Autumn,-0.5010945764071708,3,-0.6716612332438292,-0.030534755339200994,,,-0.8621572513168843
Province:Xinjiang,2013,Winter,-0.53527826876848,3,0.04605474991102201,0.7743781489432572,,,-0.8775114072732046
Province:Xinjiang,2013,Spring,0.8773094462723557,3,2.9233722304691536,-1.561269678000784,,,-1.8527135696528703
Province:Xinjiang,2013,Summer,-0.2414911291483731,3,0.30802343425406914,-0.04076375882435611,,,-1.0732605805235444
Province:Xinjiang,2013,Autumn,0.2734408330980294,3,1.1542424037400012,-0.7704729521541277,,,-1.1043928566000405
Province:Xinjiang,2014,Winter,0.07587401219418492,3,0.5843052214987082,0.046833025574698234,,,-0.3098501593414552
Province:Xinjiang,2014,Spring,0.026521791615866614,3,0.5586102351628124,-0.23160236086378827,,,-0.7106472211790008
Province:Xinjiang,2014,Summer,0.32387677361329476,3,1.273135794500517,0.007939866615135845,,,-0.293565607045497
Province:Xinjiang,2014,Autumn,-0.02011629880252989,3,0.36325209477474546,0.06336057067385725,,,-0.3602404205084779
Province:Xinjiang,2015,Winter,0.3519673612729512,3,0.9449128748371922,-0.3177223673489752,,,-0.206733158367314
Province:Xinjiang,2015,Summer,1.4432493858506128,3,3.725657723380961,-0.2339494947430352,,,0.370140939427842
Province:Xinjiang,2015,Autumn,0.08570013017991372,3,0.42799036172278965,0.1107141311022883,,,-0.06017584008076019
Province:Xinjiang,2016,Winter,0.3919668135128642,3,0.8587174539866401,-0.13093780318728496,,,0.18624518336466764
Province:Xinjiang,2016,Spring,0.6959258094010708,3,1.343540566638128,-1.5517153427285435,,,-0.8074784811634589
Province:Xinjiang,2016,Summer,1.3842543821295858,3,3.0371341754319756,-1.1142496855596642,,,0.0013792853971173976
Province:Xinjiang,2016,Autumn,0.546653313031573,3,1.6959822211795799,0.5195434969137673,,,0.4635212148289066
Province:Xinjiang,2017,Winter,1.1795147038041056,3,1.8604958520101995,-1.1871792959580407,,,0.49086896344407693
Province:Xinjiang,2017,Spring,0.36132752487631553,3,0.6011520119328257,-1.0044345477412193,,,-0.5216039850450984
Province:Xinjiang,2017,Summer,0.7552159181662716,3,2.041111613800775,-0.0915143405555711,,,0.13302180014246887
Province:Xinjiang,2017,Autumn,0.47503166545077596,3,0.6090578219290642,-0.2247624005155551,,,0.5912747739077087
Province:Xinjiang,2018,Winter,-0.23178167556316798,3,-0.1268063692663811,0.4762912208699124,,,-0.0922474365532104
Province:Xinjiang,2018,Spring,1.4174533716617497,3,2.904583328295648,-0.7733735416384147,,,0.5744032450511868
Province:Xinjiang,2018,Summer,1.0234633376860771,3,1.631934134652335,-1.2221890954643992,,,0.2162667829414972
Province:Xinjiang,2018,Autumn,0.012420820327240456,3,-0.46824330307883855,1.2344165747685956,,,1.7399223388291554
Province:Xinjiang,2019,Winter,-0.4836981928052839,3,-1.4764470027026209,0.5452821185934781,,,0.5706345428802473
Province:Xinjiang,2019,Spring,0.45817092938434884,3,1.23885503022038,-1.246220772413506,,,-1.1105630144808392
Province:Xinjiang,2019,Summer,1.1876215274803579,3,1.7917365416691582,-0.951828399773499,,,0.8192996409984161
Province:Xinjiang,2019,Autumn,1.343780406291109,3,2.1055316225940484,-0.24833964315006207,,,1.6774699531292163
Province:Xinjiang,2020,Winter,1.3655614541781098,4,0.7142908830691532,-1.0958237721617172,1.5306882752847375,,2.121442886196832
Province:Xinjiang,2020,Spring,0.9015325951782301,4,2.526798432741202,-1.6080957729973706,-0.0001499394624235648,,-0.5286138855632275
Province:Xinjiang,2020,Summer,0.11370121194695514,4,0.22048395770691123,0.3158198980594326,0.4373921305771453,,0.11274865756319656
Province:Xinjiang,2020,Autumn,-0.15065507512375667,4,-0.6805521966281542,0.26390547560114047,0.3095158368303974,,0.03232153490387073
Province:Xinjiang,2021,Winter,1.542407330226975,4,2.0078124586797514,-0.03671595767772082,2.552295001990536,,1.5728059025598915
Province:Xinjiang,2021,Spring,0.4480201183180571,4,1.1926154417803025,-0.3614293071223305,0.16766633577658208,,0.07036938859301325
Province:Xinjiang,2021,Summer,0.8228434527271595,4,2.2920546226246787,-0.1004759663411617,0.6578897704668588,,0.24095345147593902
Province:Xinjiang,2021,Autumn,-0.17324364819556984,3,0.4978440502037983,1.5164571990024485,,,0.49888220421194046
Province:Xinjiang,2022,Winter,-0.059375107754423485,3,0.39087681226692134,-1.124870392049524,,,-1.6938725275797157
Province:Xinjiang,2022,Spring,1.403248553209463,4,4.079611785699381,-1.782764920616755,0.1283646386673604,,-0.3777471321456444
Province:Xinjiang,2022,Summer,1.0965211888631525,4,2.960398253495527,-0.911179600065349,0.1264151035793942,,0.38809179831233986
Province:Xinjiang,2022,Autumn,0.7977185353245927,4,2.247273094046291,-0.1972095120117412,0.25323959319636397,,0.49315194204397506
Province:Xinjiang,2023,Winter,0.049030535006086805,5,0.1801514020140341,0.6296097426114599,1.427979692498872,-1.4399559559888855,0.7065872791178733
Province:Xinjiang,2023,Spring,-0.136000674366269,5,1.6276733074382892,0.39510131699833007,-0.12474182107754336,-1.8524405208059944,0.06460697961223368
Province:Xinjiang,2023,Summer,1.0626791103478426,5,5.13330914810581,-1.5464453268944156,-0.1361400621433023,-2.184453538018439,0.9542346769007287
Province:Xinjiang,2023,Autumn,0.8186749776663407,5,4.211710264384339,-1.5012778851685036,0.486476266727161,-2.2711129687561393,0.16502344080783804
Province:Xinjiang,2024,Winter,0.9401208081756186,5,1.7900444949711616,0.2234105602948611,2.514758762329755,-1.0935155192239296,1.712726863095967
Province:Xinjiang,2024,Spring,0.1761157562141012,5,2.230485040052644,-1.4592839389318657,-0.1583169379970274,-1.7679493628960186,-0.882923897020958
Province:Xinjiang,2024,Summer,1.08606527502245,5,4.749731829530127,-2.4719731389339485,0.5538340318388739,-2.5233251396594585,0.17811251446875787
Province:Xinjiang,2024,Autumn,0.4555502686842859,5,3.12902810047253,-0.8199633566758258,0.6938891430608612,-3.084310063325017,0.719180806537229
Province:Xinjiang,2025,Winter,-0.36300125867117916,4,-0.6409814026089992,-0.08142193615856688,-0.37365071698943986,,-0.5187948512448446
Province:Xinjiang,2025,Spring,0.7968019437471976,4,2.8405766330631987,-0.9818856079694681,-0.25954643011278156,,-0.3757080359310951
Province:Xinjiang,2025,Summer,1.805049677983627,4,4.623832953128889,-2.328859774209031,-0.33023232334008906,,0.597738307936677
Province:Jiangsu,1981,Spring,0.273589206116461,4,-0.3148353175483126,-0.5745625944567572,0.22807385505229785,,0.6065556925051014
Province:Jiangsu,1981,Summer,0.8521052832474002,4,-0.5140060659670121,-0.30818973540486333,1.6429419519305686,,1.971295511621181
Province:Jiangsu,1981,Autumn,-0.07286809920170723,4,-1.9366987018582837,3.0942334095857125,1.584298793562172,,3.1551609210749954
Province:Jiangsu,1982,Winter,-0.2265006612357941,4,-0.8318304936350793,0.4697410213075288,,-0.9643842592925013,1.359953129291933
Province:Jiangsu,1982,Spring,-0.1524571031314847,5,0.2066385248855244,0.08495898402732878,-1.326719787878501,-1.3225251207550353,1.7652798521179174
Province:Jiangsu,1982,Summer,-0.3798472046379372,5,-1.607194332986611,0.9899027110719635,0.16411156839294466,-1.4695693901650326,2.0033188426409763
Province:Jiangsu,1982,Autumn,-0.016966415936691036,5,-0.4456800245686789,-0.01929019275579349,0.5243537341144179,-1.2728456714160046,1.090049689431017
Province:Jiangsu,1983,Winter,-0.09915554036082437,5,-0.960789040458228,0.4253937115188852,0.6884391926223591,-0.923441807194908,1.1254076647455404
Province:Jiangsu,1983,Spring,0.14957522600303103,5,-0.28706665219099564,-0.25202992574789274,-1.1827439855089068,-0.6386170649569267,2.6042739069240914
Province:Jiangsu,1983,Summer,0.14982556182155018,5,-0.416075197189926,0.4717435893936374,0.45081760887780675,-0.07284530901564722,1.2589742958291548
Province:Jiangsu,1983,Autumn,0.16625860979873258,5,-0.9418729789286698,-0.5956477405825176,0.14944981243674485,0.44162019773859845,0.5864482771644718
Province:Jiangsu,1984,Winter,-0.8499316779964158,5,-1.5941127115948857,1.9163334758881543,-1.4341836214579071,0.7183552153125622,-0.02338379635369399
Province:Jiangsu,1984,Spring,0.14521317108785486,5,-0.9848532351420973,1.8044804008800215,0.5044389802794248,0.6871305198119866,2.3238299913699816
Province:Jiangsu,1984,Summer,0.20174963208542113,5,-1.125392761558861,-0.018853582507376197,-0.34628596396450206,0.505271880812293,1.9563014226307995
Province:Jiangsu,1984,Autumn,0.3361571828448129,5,-0.44472545358813403,-0.0443281353862446,1.8385605397042608,0.23293713609778133,0.009685556623911868
Province:Jiangsu,1985,Winter,-0.10927476549154562,5,-0.5079299402589333,1.9716908370332233,-0.436545619271026,0.05312594042711493,2.3166666286783397
Province:Jiangsu,1985,Spring,0.04813509989541205,5,-0.9944006377150236,0.4550157687451445,1.134074375371351,-0.4543907264603183,1.0104082570261956
Province:Jiangsu,1985,Summer,-0.22808915447515452,5,-1.3481005450150676,-0.8368517002374555,-0.967036801793816,-1.0125257434416144,1.3503656176372696
Province:Jiangsu,1985,Autumn,-0.24179490807198883,5,-0.36022182447249185,0.4886861249421832,1.1895350654283428,-1.279323109423317,-0.2702785469502947
Province:Jiangsu,1986,Winter,-1.1063356129630058,5,-1.6150514875946935,1.4830513073977953,-1.513413884176872,-1.3482237892031188,0.4280624035574501
Province:Jiangsu,1986,Spring,-0.6757208176695427,5,-0.35655213539548125,0.35908393606243366,-1.8023332107186514,-1.4630811195349398,0.6024463133637927
Province:Jiangsu,1986,Summer,-0.5420820257642949,5,-0.8879172177622605,0.8700103466802098,0.2438741992324237,-1.244960692659076,0.04860392904764806
Province:Jiangsu,1986,Autumn,-0.9390993902390493,5,-1.7814453775093475,1.9046950262629712,-0.6774901944704615,-0.7764849661749711,0.4446186132225052
Province:Jiangsu,1987,Winter,0.7692841385908384,5,0.3577829864725173,-0.017467477997323157,1.4328045227192214,-0.4183829492367728,2.4567486550019026
Province:Jiangsu,1987,Spring,-0.6276216295602925,5,-0.817275135805055,2.5342967582645666,-0.5384044423097308,-0.4406946462838007,1.1925628348616901
Province:Jiangsu,1987,Summer,-0.4784040081604459,5,-0.5185007618968346,1.0399635118691102,-0.38715061381089827,-0.34082404414252443,-0.10558110908286232
Province:Jiangsu,1987,Autumn,0.3844196314812833,5,0.9193778623293798,1.3042850518716047,0.7529523059030998,-0.1772048457350765,1.731257886780618
Province:Jiangsu,1988,Winter,-0.28840939008480815,5,-0.2696027583906119,0.9766465168157851,-0.8388168293681956,0.10165917312907234,0.5413599810214794
Province:Jiangsu,1988,Spring,-0.28181609702107646,5,-1.0161668128204582,1.0638187363800637,-0.4101974780953568,0.5296631555261783,0.551439386664318
Province:Jiangsu,1988,Summer,-0.10046014041096854,5,0.8436168031525569,0.8934621406977926,-1.3252736110084797,1.011320256671782,-0.13850201017290936
Province:Jiangsu,1988,Autumn,-0.381220972843606,5,-1.130469112118588,-0.2912658502847711,-1.5531837148628744,1.2110285139584418,-0.7247464014797808
Province:Jiangsu,1989,Winter,0.37330714285600897,5,-0.3871369297395018,-0.6177061740666104,0.5701301842831062,1.2458506209205544,-0.18001433525072472
Province:Jiangsu,1989,Spring,0.09590727341629085,5,-0.9952770515486956,-0.0932190782567015,0.6583063529284224,1.0689790896755154,-0.34569110223048943
Province:Jiangsu,1989,Summer,-0.43320047807767537,5,-1.1649627377147953,1.5474427964729935,-0.34963412018558493,0.5973478117086735,0.298689452276323
Province:Jiangsu,1989,Autumn,-0.1240271470117645,5,-0.6663453345594356,0.6434299488437507,0.3017972072735451,0.04936040184697687,0.33848193922384195
Province:Jiangsu,1990,Winter,0.11744015223189082,5,-0.8373762520612569,-0.6250431798891762,0.06961728606447364,-0.032867302363562695,0.7627838496306237
Province:Jiangsu,1990,Spring,0.21102216112622446,5,-0.3532065730270116,0.07066020776293033,1.0165406742395544,-0.236752075721643,0.6991889879031528
Province:Jiangsu,1990,Summer,0.44882511088998067,5,0.5572853843352977,-1.2250237300737208,-0.176012772741486,-0.551285073149169,1.1891142859315398
Province:Jiangsu,1990,Autumn,0.41826935665029213,5,0.10313706484727933,-0.26158181664562213,0.5632113671265047,-0.7059249180511256,1.86934145268318
Province:Jiangsu,1991,Winter,0.14225737771913244,5,-0.41254689996243005,-0.269429689695732,0.9650696633670677,-0.4048638242184888,0.2941982597137813
Province:Jiangsu,1991,Spring,-0.2922666083937495,5,-1.1305709773165065,2.2186137020825183,1.9242899477363609,-0.12432460424080118,0.08788629393471768
Province:Jiangsu,1991,Summer,0.3106008092350221,5,-0.39922173203585054,0.6925829979480757,3.0643095311002138,0.1727349011380303,-0.5922356560792075
Province:Jiangsu,1991,Autumn,-0.36412961420934703,5,-1.3501891710765066,-0.270447396804155,-0.8477763448895287,0.3960198352742551,-0.28914978715910983
Province:Jiangsu,1992,Winter,0.4506078433788945,5,0.3520488317715232,-0.3954934332262408,0.7708793472468298,0.5573547158960709,0.17726288875380777
Province:Jiangsu,1992,Spring,0.07248764997334539,5,-0.8021129852855934,0.5247429286742612,0.7322853926140893,0.5820084200384564,0.3750003511740358
Province:Jiangsu,1992,Summer,-0.3776152825066085,5,-0.43625837619008295,1.18911328656841,-1.0752939195447833,0.5014328339036893,0.3111563358665447
Province:Jiangsu,1992,Autumn,-0.11258210073304804,5,-1.2701928344937223,1.1575943176697825,0.18982899465397632,0.3191537694293363,1.355893884414952
Province:Jiangsu,1993,Winter,0.3074988294548008,5,-0.016111012014890156,0.0516488048445638,0.9092559616512204,0.25591859780368925,0.4400794046785482
Province:Jiangsu,1993,Spring,-0.1691203109132648,5,-0.6823233111692832,0.6617601527115797,0.34341105519696474,0.08998147904520785,0.06508937507236648
Province:Jiangsu,1993,Summer,-0.6960731410514172,5,-0.7699495676622404,2.3562404826843184,0.29241019841779,-0.13273955794773015,-0.5138462953805867
Province:Jiangsu,1993,Autumn,-0.16005269159800567,5,-0.27484056752794805,0.4146597960395899,0.21324481438497692,-0.2994306525733425,-0.02457725623412471
Province:Jiangsu,1994,Winter,-0.14483747257182356,5,-0.9814292825546291,-1.005013883349489,-0.8024207055597372,-0.3034748249334449,0.3581235668392044
Province:Jiangsu,1994,Spring,-0.1289011088868449,5,0.30884608207399916,-0.6455824248204602,-0.717204437882051,-0.4643579217339172,-0.4173716917127156
Province:Jiangsu,1994,Summer,0.7584527571975691,5,1.974024936489213,-1.4644384090711424,-0.5125036844813328,-0.5476882413733811,1.413992366282204
Province:Jiangsu,1994,Autumn,0.10133034343594631,5,0.8159019064341698,-0.3948144738247363,-0.5591556127846177,-0.49949844545668615,0.3545893951621294
Province:Jiangsu,1995,Winter,-0.19511263792539157,5,-0.23153478461783752,-1.4073516030317956,-0.754610250080766,-0.05846238306138236,-1.3383073748987677
Province:Jiangsu,1995,Spring,0.17347431003528252,5,-0.6974745323273174,-0.3049564538594736,0.012677744378024556,1.1477455833482413,0.09946630091799061
Province:Jiangsu,1995,Summer,0.34528308996012125,5,-0.2502825405201234,-0.9581622078114523,-0.7534888775907328,2.542267460845551,-0.7702428007455409
Province:Jiangsu,1995,Autumn,0.06781428267871756,5,-0.5395441308074547,-0.10662207568238379,-1.6713710848777965,3.2061110057169886,-0.7627464523205335
Province:Jiangsu,1996,Winter,0.041879097543587276,5,-0.9299127586078156,0.4090473189909425,-0.853162392029821,3.241323694399569,-0.8398057370530535
Province:Jiangsu,1996,Spring,-0.08917490289896793,5,-1.2926664570271305,0.503049347321022,-0.5873289622354199,2.8700743724094333,-0.9329041203207004
Province:Jiangsu,1996,Summer,0.2728136346469342,5,-0.31103099529001776,0.19385176628266967,-0.04509014334808258,1.703015933663086,0.21102514449235502
Province:Jiangsu,1996,Autumn,0.15889228735753902,5,-0.7291082178156459,-0.5734802712825072,1.1298986633914998,0.2970940818815077,-0.47690336195217375
Province:Jiangsu,1997,Winter,-0.6282398396362942,5,-0.1369544875692685,-0.5037310844936221,-1.707956289889637,-0.5406246604737067,-1.2593948447424808
Province:Jiangsu,1997,Spring,-0.056762579193190096,5,1.2520093823742355,-1.1235232266249362,-0.5283699296593605,-0.8375596321173728,-1.293415943188389
Province:Jiangsu,1997,Summer,-0.20888821171176297,5,-0.4394309916989802,-0.966999752846511,-0.2818013868072589,-1.0171075610180995,-0.2731008718809873
Province:Jiangsu,1997,Autumn,-0.7054351598672649,5,0.1950184071868687,0.8927361899351307,-1.5593904110176555,-0.9494532130447758,-0.32061439252563123
Province:Jiangsu,1998,Winter,0.43204287866470903,5,0.5505057712899036,-0.23419615173940034,1.562523189386919,-0.5082802912207596,0.3212695721280817
Province:Jiangsu,1998,Spring,0.3940983048203489,5,0.9209748436834718,0.14532223523402604,1.8466454579333382,-0.38945630529772235,-0.26235023698331716
Province:Jiangsu,1998,Summer,0.078859162946386,5,0.7844862803369298,-0.885674337182016,0.155693142515041,-0.30027754308836024,-1.1312804022136966
Province:Jiangsu,1998,Autumn,0.2022013410804267,5,1.3495829678244557,-1.7310037808617997,-0.7720539429514,-0.15507595700249294,-1.142450143330229
Province:Jiangsu,1999,Winter,0.9677726251688176,3,2.9306860682072218,-1.533401433333055,,,-1.5607696260338242
Province:Jiangsu,1999,Spring,-0.12491525956108167,3,-0.36687178812806487,-0.6903372572269438,,,-0.698211247782124
Province:Jiangsu,1999,Summer,-1.189990968222671,3,-1.3842063936036615,1.2074328159482195,,,-0.9783336951161323
Province:Jiangsu,1999,Autumn,0.5131717827801886,3,1.437384475471604,-0.22020401015839455,,,-0.11807313728943288
Province:Jiangsu,2000,Winter,-0.5438192838544691,3,-0.5088799548555906,0.6987147459142378,,,-0.423863150793579
Province:Jiangsu,2000,Spring,0.4152928326646312,3,0.6748024284646814,-1.4488586432019845,,,-0.8777825736727722
Province:Jiangsu,2000,Summer,0.0915974559522893,3,-0.485576673740177,-1.2171519496406273,,,-0.45678290804358246
Province:Jiangsu,2000,Autumn,0.15193579425169393,3,0.31914632241485463,-0.02906533288765625,,,0.10759572745257091
Province:Jiangsu,2001,Winter,0.6609683194411172,3,0.5221054946666979,-1.131829663947146,,,0.328969799709508
Province:Jiangsu,2001,Spring,0.21161371185636355,3,0.8750572953528589,-0.9736286178990449,,,-1.2138447776828132
Province:Jiangsu,2001,Summer,-0.06700527742683311,3,0.14900844558262197,-0.5733630468169343,,,-0.9233873246800556
Province:Jiangsu,2001,Autumn,-0.059861907577608564,3,-0.8771281061109285,-1.5256870379701521,,,-0.8281446545920493
Province:Jiangsu,2002,Winter,0.9046262106839081,3,1.6686797421438524,-1.404675149573923,,,-0.3594762596660507
Province:Jiangsu,2002,Spring,0.6173112238721035,3,1.9728311200079718,-0.6954840128397345,,,-0.8163814612313961
Province:Jiangsu,2002,Summer,0.17732660432636618,3,1.1190409242936363,0.1855842928550576,,,-0.40147681845948013
Province:Jiangsu,2002,Autumn,-0.24922680115783113,4,0.5062888479399988,0.11778158919539523,-0.753617525062785,,-0.6317969383131431
Province:Jiangsu,2003,Winter,0.03978118844644918,4,0.058033542726240714,0.5604924170016291,0.7149275137310563,,-0.053343885669871235
Province:Jiangsu,2003,Spring,-0.1426467991967396,4,-0.46666356110381346,-0.3444228889327185,0.1556115807446937,,-0.603958105360557
Province:Jiangsu,2003,Summer,-0.24047395796770246,4,0.3339156051084956,1.0674461758468075,1.1768626898866674,,-1.4052279510191654
Province:Jiangsu,2003,Autumn,0.41460868400138545,4,1.142693758058696,-0.04434802718080252,0.5993983325211838,,-0.12800538175514062
Province:Jiangsu,2004,Winter,-0.09740029400056263,5,0.9972796059824829,-1.007715755890505,-0.1823125658984604,-0.6705818666899864,-1.639102399287354
Province:Jiangsu,2004,Spring,-0.08290198347266789,5,0.6180446590567402,-0.7179379603346868,0.0015310821960319186,-0.6038234027525328,-1.1482002161982656
Province:Jiangsu,2004,Summer,-0.1226262625270605,5,0.5926474264666614,-0.9725047113701686,-0.9714489950764968,-0.34356792274247894,-0.8632665326531566
Province:Jiangsu,2004,Autumn,-0.13548063797040982,5,0.31467992007165685,-0.8001878466626728,-0.642490799583606,-0.03808316306609269,-1.11169699393668
Province:Jiangsu,2005,Winter,0.08276664331308273,4,-0.11365771284380725,0.10480979774313091,0.8397752966601721,,-0.2902412128209031
Province:Jiangsu,2005,Spring,-0.04333997614792506,4,0.7423948695541145,-0.6178838807213531,-1.4645842643825682,,-0.0690543904845997
Province:Jiangsu,2005,Summer,0.8928696372446083,3,1.623701882248329,-0.7023207801009174,,,0.35258624938457866
Province:Jiangsu,2005,Autumn,0.7501054127901918,3,1.0320145183211977,-1.0810704084228744,,,0.1372313116265033
Province:Jiangsu,2006,Winter,-0.5801579944203968,3,-0.39150287239278353,1.6069614328854553,,,0.25799032201704863
Province:Jiangsu,2006,Spring,0.35413325320103756,3,0.9200135599285105,-0.5946438228564402,,,-0.452257623181838
Province:Jiangsu,2006,Summer,0.6966694669413048,3,1.3510021768988127,-1.3380713698003417,,,-0.5990651458752401
Province:Jiangsu,2006,Autumn,0.556363009992486,3,2.188525286114381,-0.5570332191366839,,,-1.076469475273607
Province:Jiangsu,2007,Winter,0.5693158029152772,3,1.4121395293085162,-1.6653104098640727,,,-1.3695025304267576
Province:Jiangsu,2007,Spring,1.0553795635651901,3,2.988365400241473,-1.0406998076020535,,,-0.8629265171479563
Province:Jiangsu,2007,Summer,0.16703788371599224,3,0.9212411076040584,-0.4966145496823242,,,-0.9167420061384058
Province:Jiangsu,2007,Autumn,0.2297294118847909,3,0.40939072759031353,-1.0066805797666942,,,-0.726883071702635
Province:Jiangsu,2008,Winter,-0.5185319215978348,3,-0.5104487246529243,0.2894732774960893,,,-0.7556737626444906
Province:Jiangsu,2008,Spring,0.32681396920543615,3,0.24667932709742238,-1.1750103066598565,,,-0.4412477261409704
Province:Jiangsu,2008,Summer,-0.33600159754476916,3,-1.0800110869412398,-0.21360098074768222,,,-0.14159468644074982
Province:Jiangsu,2008,Autumn,0.2610475090534945,3,1.080199371217071,-1.0934823374278944,,,-1.3905391814844816
Province:Jiangsu,2009,Winter,0.34427740683350144,3,1.5500463372705229,0.13075488807211,,,-0.38645922869790866
Province:Jiangsu,2009,Spring,0.12517926389921122,3,0.801235021174493,-0.6936292423620071,,,-1.1193264718388662
Province:Jiangsu,2009,Summer,-0.05909085110802137,3,1.2037904628815,0.4788542038338135,,,-0.9022088123717505
Province:Jiangsu,2009,Autumn,-0.2950942692857384,3,0.4684967279759214,1.0691575141132705,,,-0.284622021719866
Province:Jiangsu,2010,Winter,-0.19188110821688883,3,0.8375001939656861,0.7236055371885585,,,-0.6895379814277941
Province:Jiangsu,2010,Spring,-0.9862285584264626,3,-0.9695753503446607,1.560606986257141,,,-0.42850333867758633
Province:Jiangsu,2010,Summer,0.4792061299826993,3,1.6843565423756248,-1.0058102748595394,,,-1.2525484272870666
Province:Jiangsu,2010,Autumn,0.01166154984374738,3,0.4666236716379954,-0.44101843473503716,,,-0.8726574568417904
Province:Jiangsu,2011,Winter,-0.8854446589907239,3,-0.18615371820818064,2.237111071992897,,,-0.23306918677109395
Province:Jiangsu,2011,Spring,-0.26583039501990524,3,0.830712796753443,0.41262296827404615,,,-1.2155810135391125
Province:Jiangsu,2011,Summer,-0.3556276443024415,3,0.11938038590776368,-0.006040660614529218,,,-1.1923039794296173
Province:Jiangsu,2011,Autumn,0.04509523472118485,3,0.8749859457108168,0.12940341658796672,,,-0.6102968249592955
Province:Jiangsu,2012,Winter,-0.8894132477724108,3,-1.2161132436798359,0.2916491221023844,,,-1.1604773775350121
Province:Jiangsu,2012,Spring,-0.007511819476693586,3,0.6485438581168775,-0.939513807864967,,,-1.6105931244119251
Province:Jiangsu,2012,Summer,0.5826662863248085,3,0.9214083498414164,-1.136299917275814,,,-0.30970940814280484
Province:Jiangsu,2012,Autumn,-0.8462022359774778,3,-1.4141639312583625,0.015274200264706057,,,-1.1091685764093648
Province:Jiangsu,2013,Winter,-0.6228677992745868,3,-0.29479863042494403,0.37221583213528,,,-1.2015889352635365
Province:Jiangsu,2013,Spring,0.15966751835391338,3,1.343963838981678,0.6904600453804479,,,-0.17450123853948987
Province:Jiangsu,2013,Summer,1.8773330958283496,3,5.040564160405927,-1.1185320700912966,,,-0.5270969430121745
Province:Jiangsu,2013,Autumn,0.12199876318539908,3,0.5911249209529686,-0.39151954993276195,,,-0.6166481813295334
Province:Jiangsu,2014,Winter,0.07650617907005934,3,0.946917048998948,-0.45488042105410226,,,-1.1722789328428722
Province:Jiangsu,2014,Spring,1.0437123322518402,3,2.350554202942315,-1.7830106071402156,,,-1.0024278133270097
Province:Jiangsu,2014,Summer,-1.0633538585015658,3,-0.887543267192919,1.0458097517990992,,,-1.2567085565126792
Province:Jiangsu,2014,Autumn,0.1981820695479344,3,0.7132503688634135,-0.772148366879587,,,-0.8908525270991973
Province:Jiangsu,2015,Winter,-0.04298296775785541,3,0.5676112758297469,-0.9725640723026163,,,-1.6691242514059295
Province:Jiangsu,2015,Summer,-0.50403564485687,3,0.10035307171578281,0.5028449407038725,,,-1.1096150655825203
Province:Jiangsu,2015,Autumn,-0.24401775096189215,3,0.02087273123826889,0.021076389691219836,,,-0.7318495944327256
Province:Jiangsu,2016,Winter,-0.02257764062860268,3,0.6797922567886387,-0.5660950289011725,,,-1.3136202075756191
Province:Jiangsu,2016,Spring,0.1698618257527614,3,1.3768593415498993,-0.6096298388150531,,,-1.4769037031066683
Province:Jiangsu,2016,Summer,0.6613344970582115,3,2.7097325420407725,-0.8232249138060921,,,-1.5489539646722306
Province:Jiangsu,2016,Autumn,0.5239141681754261,3,1.769186763455541,-0.36148777623066275,,,-0.5589320351599254
Province:Jiangsu,2017,Winter,0.7913759867134104,3,2.067152014453649,-1.59893808431474,,,-1.291962138628158
Province:Jiangsu,2017,Spring,0.5969752134983207,3,1.9781086184990229,-1.8109203056070462,,,-1.9981032836111068
Province:Jiangsu,2017,Summer,1.1817295131905547,3,3.5047051880252664,-1.1658552877810129,,,-1.1253719362346155
Province:Jiangsu,2017,Autumn,-0.3350765373626503,3,-0.119807754485655,-0.44005068606484204,,,-1.325472543667138
Province:Jiangsu,2018,Winter,-0.6301652737555083,3,0.06299959567542834,0.5890747639520365,,,-1.3644206529899168
Province:Jiangsu,2018,Spring,1.0707433414750334,3,3.897912507958467,-0.7999818723154154,,,-1.4856643558487825
Province:Jiangsu,2018,Summer,1.3892359413499127,3,2.908847093428593,-1.5989473540280876,,,-0.3400866234069423
Province:Jiangsu,2018,Autumn,-0.10581372397987703,3,0.519808751079581,-0.7455820858916364,,,-1.5828320089108485
Province:Jiangsu,2019,Winter,-0.2187752229482853,3,0.47981593319690446,-0.28169567606443685,,,-1.4178372781061972
Province:Jiangsu,2019,Spring,0.5266568653986116,3,1.8694461044372006,-1.032942821083778,,,-1.322418329325144
Province:Jiangsu,2019,Summer,0.2910822716687055,3,0.8803286052674082,-0.8577213287829688,,,-0.8648031190442605
Province:Jiangsu,2019,Autumn,0.6908478209236196,3,1.5987229192624635,-0.8213385677003061,,,-0.3475180241919105
Province:Jiangsu,2020,Winter,2.523977798797115,4,3.209570923120114,-1.7236030195732595,6.146577045313991,,-0.983839792818905
Province:Jiangsu,2020,Spring,1.3477781536071312,4,1.847826958599045,-0.9381523584861962,3.7508131711695016,,-1.1456798738262182
Province:Jiangsu,2020,Summer,2.074262077499157,4,2.505378036425026,0.6678304412582868,7.53244422306889,,-1.0729435082390015
Province:Jiangsu,2020,Autumn,0.6267002544129856,4,0.6302304669627288,-0.9969088125596662,2.1269015558324695,,-1.2472398177029225
Province:Jiangsu,2021,Winter,1.714554761950493,4,3.3242575086860975,-0.08576815524075357,3.265945037785183,,0.18224834608993834
Province:Jiangsu,2021,Spring,2.001212855179485,4,1.414278142880555,-1.1942711944107163,7.03439502036165,,-1.6380929369349824
Province:Jiangsu,2021,Summer,2.3157090339547333,4,0.9220403284813631,-1.0401645279867835,7.722907019266183,,-0.4222757399153949
Province:Jiangsu,2021,Autumn,1.6344492480360928,3,4.176805613703451,-0.41595263283285167,,,0.3105894975719762
Province:Jiangsu,2022,Winter,0.03244918380547287,3,0.5693616853372112,-0.895279178922234,,,-1.3672933128430265
Province:Jiangsu,2022,Spring,2.1541748658995923,4,3.2772688017879283,-1.1053210895368037,5.464752254933507,,-1.2306426826598689
Province:Jiangsu,2022,Summer,2.6043118951323065,4,6.4239074567739225,-1.359418933756921,3.8211795776841706,,-1.1872583876857892
Province:Jiangsu,2022,Autumn,1.2044262226025146,4,1.7336494180761532,0.3629715347669481,3.822368449960323,,-0.37534144285946996
Province:Jiangsu,2023,Winter,0.8954744235000461,5,0.7335158484200103,-0.22706244635574419,4.614759111929389,-0.06545649481489514,-1.0325087943900173
Province:Jiangsu,2023,Spring,1.5976735778880218,5,3.3624395603855395,-0.8693369051511073,4.950052164467984,-0.26524452442526375,-0.9282162161392586
Province:Jiangsu,2023,Summer,1.2212585369691598,5,1.8792002755777304,-1.238114446310803,4.537355986650515,-0.4491915411926102,-1.0991864825006392
Province:Jiangsu,2023,Autumn,0.7980640024114501,5,3.465251388829702,-0.9564888994039077,1.5208854391813216,-0.5114836553121603,-1.4408220600455202
Province:Jiangsu,2024,Winter,1.2984362572314325,5,1.196876841724421,1.3186368096365562,7.010705811081469,-0.19452974936648146,-0.2022348076456906
Province:Jiangsu,2024,Spring,0.837786432205595,5,1.8724425053391442,-1.395943593270385,2.9053864294698553,-0.09102252346226956,-1.8938178435891393
Province:Jiangsu,2024,Summer,1.2730890055714137,5,6.571703067525832,-1.641105870671436,-0.49324369889786357,-0.16275703593832364,-1.1913631755040133
Province:Jiangsu,2024,Autumn,2.12673415494266,5,4.888786083487606,-1.4075972919989974,5.254826968055309,-0.18980553693766647,-0.7277340318909469
Province:Jiangsu,2025,Winter,-0.4409861786196547,4,0.9147548003211532,-0.6186553567689453,-1.3172908500363514,,-1.9800640215323662
Province:Jiangsu,2025,Spring,1.8466969782751361,4,4.131111184030847,-1.575419755290136,2.8435930906068947,,-1.1633361168273333
Province:Jiangsu,2025,Summer,2.6859824459176047,4,6.603790522888053,-1.526543870032829,3.3874301416788146,,-0.7738347509292793
Province:Jiangxi,1981,Spring,0.5637461423028753,4,-0.39057325635902196,-0.23873035854742258,1.925419216860611,,0.4814082501624899
Province:Jiangxi,1981,Summer,0.9527885534890934,4,1.0819891724396404,-0.5196989822628281,0.042420802035446,,2.1670452572184593
Province:Jiangxi,1981,Autumn,0.3057719064767124,4,-1.100257234066449,1.9872812683971537,1.5634034408783024,,2.7472226874921497
Province:Jiangxi,1982,Winter,0.02699316801778129,4,-0.19670700459603307,0.25434507202191275,,-1.6269561831698776,2.1859809318589485
Province:Jiangxi,1982,Spring,-0.7834432054490358,5,-1.2234469352077468,0.620086320879199,-1.1424060346568738,-2.181462400947852,1.2501856644464922
Province:Jiangxi,1982,Summer,-0.6851098918831962,5,-1.2163074265599296,0.9971692217784377,0.35930615314793196,-2.257752567008615,0.6863736027830696
Province:Jiangxi,1982,Autumn,-0.19557396815272896,5,-0.7156171806326569,-0.6502865214827921,0.8242654180608718,-1.7656504597176361,0.028845860042984173
Province:Jiangxi,1983,Winter,-0.08494040733681825,5,-1.4585170706042125,0.6976238095917212,1.6239567726767903,-1.2941073931345755,1.4015894639696276
Province:Jiangxi,1983,Spring,0.12260339650456697,5,-0.23613758918537517,0.5853970785697855,0.7250473289611078,-0.8588079495186592,1.568312270835547
Province:Jiangxi,1983,Summer,0.6691313920265896,5,-0.14761958758939117,-0.7655723652759963,0.6648682401866337,0.00877919065375014,2.054056751605959
Province:Jiangxi,1983,Autumn,0.5332622153974995,5,0.21040425599613222,-1.4534124461921383,-0.2757787440075698,0.6974921899387778,0.5807809288680192
Province:Jiangxi,1984,Winter,-0.7825688285483283,5,-1.7388999770747682,2.5999506967461836,-1.474246148175171,1.1469487380054335,0.7533039412490475
Province:Jiangxi,1984,Spring,0.07806910758316805,5,-1.77291752946917,0.16671568041065982,0.8564717522585699,0.9213914830315358,0.5521155125055642
Province:Jiangxi,1984,Summer,0.136616180919913,5,-0.7924535215274476,-1.0963114623890517,-1.3065748381566136,0.3709335854275223,1.314864216467052
Province:Jiangxi,1984,Autumn,0.1174533681853452,5,-0.23671712039937592,0.3294715396743226,0.7820429436341552,-0.15822791945042466,0.529640476816694
Province:Jiangxi,1985,Winter,-0.15701792747702367,5,-0.37463728398573604,1.3383720554681644,0.11239140242295946,-0.3133069634529755,1.1288352630987981
Province:Jiangxi,1985,Spring,-0.29009605336912775,5,-0.00698983803909821,0.48640853627449876,-1.3567232253061592,-0.6751927811734192,1.0748341139475368
Province:Jiangxi,1985,Summer,-0.34531533067262044,5,-1.3840294011925578,-0.9824836173139627,-0.8328153220604315,-0.9372424725090506,0.445026925084975
Province:Jiangxi,1985,Autumn,-0.08726547456548175,5,0.18049981579791358,-0.3570810536535686,-0.4749788194796633,-0.9164125230771816,0.4174831002779538
Province:Jiangxi,1986,Winter,-0.688842069044013,5,-1.578986502424915,1.1899872995495617,-1.123226349439701,-0.7534382549459665,1.2014280611400798
Province:Jiangxi,1986,Spring,0.04777583488764692,5,-0.012412370146900878,-0.7663259415396604,-0.24101426940621032,-0.649814254039775,0.3757941264914604
Province:Jiangxi,1986,Summer,-0.29738575127470146,5,-1.0298718904870825,-0.8098807239615811,-1.4690471184651819,-0.29144718889783844,0.4935567175150147
Province:Jiangxi,1986,Autumn,-0.14802202187598082,5,-1.1903149429364384,1.497690664033246,0.002370540787783841,0.06528799235835187,1.8802369644436443
Province:Jiangxi,1987,Winter,0.5871895592355291,5,1.4306385079416277,-1.1988271301864435,-1.3390713017794185,0.37892004680450236,1.2666334130244905
Province:Jiangxi,1987,Spring,0.2388914316261192,5,0.33533267010342427,1.5307631454519959,-0.10723337231194986,0.2692463567914365,2.227874648999681
Province:Jiangxi,1987,Summer,-0.5614501315215696,5,-0.8503035405671384,0.7910190638873918,-1.4056304184364994,0.06802074727932887,0.17168161800385312
Province:Jiangxi,1987,Autumn,0.40144919040507104,5,0.6448518067015897,1.1005943242507776,1.5275961433913583,-0.10887205691861844,1.044264383101803
Province:Jiangxi,1988,Winter,0.20752300218824202,5,-0.22614335148210668,0.6382934208564249,0.31956654848837024,0.0567630168321225,1.525722217959249
Province:Jiangxi,1988,Spring,-0.044521624316386975,5,-0.15305555812367724,2.2288918204635664,0.5361088239250286,0.3698608949168641,1.253369538163416
Province:Jiangxi,1988,Summer,0.34504186489344896,5,1.2472296872951991,-0.2104434701069808,-1.2194357685005854,0.7091462950638083,0.777825640501842
Province:Jiangxi,1988,Autumn,0.2096749058196991,5,-1.1715200577436462,-0.17507721994575132,-0.17014868227904326,0.8056729611463065,1.4092930880291272
Province:Jiangxi,1989,Winter,0.5077378727930564,5,-0.36671562119273726,-0.4160916050339837,0.8185093273121251,1.0085250714743959,0.6622789813375144
Province:Jiangxi,1989,Spring,-0.12298810030618443,5,-1.359157626846257,0.016651513711869494,-0.3108906994821915,0.8790774123075564,0.19268192620183958
Province:Jiangxi,1989,Summer,0.15423160357334859,5,0.5680741353649924,2.4471010370086486,1.303493265662503,0.47077868203188494,0.8759129718160115
Province:Jiangxi,1989,Autumn,0.16075654586800936,5,0.04824363802285354,0.12129745039552803,-0.5070317027172221,0.03037012279951007,1.3534981216304334
Province:Jiangxi,1990,Winter,0.2278634417038988,5,-0.6306305868014566,-0.36842745772284335,0.1670955674453757,0.1719153485667297,1.0625094215860018
Province:Jiangxi,1990,Spring,-0.4531073546823152,5,-0.777873830035436,-0.0065638220447883375,-1.2761245237524772,-0.10066376004608278,-0.11743848162236808
Province:Jiangxi,1990,Summer,0.423690611791754,5,-0.07652793398694258,-0.8228046278110869,0.43514710978645926,-0.6146721976241473,1.5517014529723137
Province:Jiangxi,1990,Autumn,0.1814873032346574,5,-0.8316165866272409,-1.2387355997585754,0.7710787798891561,-0.8734651641856607,0.6027038873384571
Province:Jiangxi,1991,Winter,-0.22371148035531455,5,-0.9489145654381715,-1.2320371460385364,-0.4454889364880434,-0.8824720635180882,-0.07371898237080603
Province:Jiangxi,1991,Spring,0.18697487445208733,5,1.6851831870430078,1.0095495285161202,0.0029338967219311456,-1.127670497591393,1.3839773146030108
Province:Jiangxi,1991,Summer,0.27644204971881403,5,0.9779871966080101,-1.1406520551284136,-1.0200650202710762,-1.104961517818857,1.3885975349475796
Province:Jiangxi,1991,Autumn,-0.03972225625016279,5,-0.9706334004619368,-0.28271673392561386,0.7823945473530453,-0.8163081263210344,0.5232189642534982
Province:Jiangxi,1992,Winter,0.26291298936516905,5,0.00791534150531124,-0.21763494992266916,0.945170135110859,-0.10429894288004028,0.24814346316704622
Province:Jiangxi,1992,Spring,0.5315459480954898,5,-1.3721370741910524,0.710443940626027,2.520481538742281,0.9161282172791415,1.3037009992731061
Province:Jiangxi,1992,Summer,-0.11190625821390025,5,-0.6641916821587259,1.9753574184423568,-0.19361927907458995,1.8911044749989192,0.3825326136072523
Province:Jiangxi,1992,Autumn,0.09344217320409906,5,-0.5264869106316005,0.37127331599912833,-1.6546472404857124,2.2044098482477548,0.8152084848891817
Province:Jiangxi,1993,Winter,0.5833956998842478,5,0.4545096580280901,0.3885154308014936,-0.23976045684684003,2.456999192370882,0.6337455366706003
Province:Jiangxi,1993,Spring,0.20284468663511518,5,-0.4828070247641037,0.19054484261509175,-1.1990110030926773,2.0125160669071502,0.8740702367402984
Province:Jiangxi,1993,Summer,0.09532378981938933,5,-1.184692806345537,0.47704096598821133,1.3784917927598717,0.8439737379165566,-0.08411280924573322
Province:Jiangxi,1993,Autumn,-0.7115796499439224,5,-0.9735651946811739,1.4321680426994108,-0.501758958282124,-0.2932031936300384,-0.357202860426865
Province:Jiangxi,1994,Winter,-0.047269775493164,5,-0.5668424250607565,-0.46071776314187324,-0.12386791431720073,-0.5550521896160174,0.5486958883862815
Province:Jiangxi,1994,Spring,0.11520174445168505,5,0.3046775882465251,-0.7063173465507993,-0.20876126596940855,-0.1766953901446681,-0.04952955642482249
Province:Jiangxi,1994,Summer,-0.015251569025888334,5,-0.5543564926584159,0.15453456820976427,0.5395811281735714,0.4122996610447812,-0.3192475734796141
Province:Jiangxi,1994,Autumn,-0.24401762765999963,5,-0.43418088652206593,0.721787001966932,-0.718976343113344,0.7803593739974424,-0.12550328069509875
Province:Jiangxi,1995,Winter,0.5605272257512223,5,-0.6913698720217336,-0.9639064589727515,1.358587070468868,1.058101769289667,0.11341070204655841
Province:Jiangxi,1995,Spring,0.027285974277293616,5,-0.7283999143781004,-0.40751691170651616,-0.428524299513905,0.7202565132631698,0.16558066030878757
Province:Jiangxi,1995,Summer,-0.09945887101248467,5,-0.712928033131597,0.9019112571542698,1.1855570264547572,0.07783351091799866,-0.14584560214931247
Province:Jiangxi,1995,Autumn,-0.35987587496587425,5,-0.21368515454914472,-0.3584719145175518,-0.8846195295449657,-0.4527891922769271,-0.6067574129758854
Province:Jiangxi,1996,Winter,-0.7614943624598643,5,-0.9743637470749067,1.0417530055303867,-1.3257965189988221,-0.43874513746615107,-0.026813403229055364
Province:Jiangxi,1996,Spring,-0.7652031578415432,5,-1.092224094781378,2.374841774145456,-0.2362637085023824,-0.055999850117494504,-0.06668636166100503
Province:Jiangxi,1996,Summer,0.2150019218332624,5,-0.5185484605301431,-0.37762976691982264,0.4185942750877018,0.5032106840136393,0.2941233436752912
Province:Jiangxi,1996,Autumn,0.12930403162450635,5,-0.3414890638167954,-1.2334461901212306,-1.2786966172317917,0.8252916434377737,0.20796800561211445
Province:Jiangxi,1997,Winter,-0.07841433579011173,5,0.09307190359566452,-0.7539828801872842,-0.7529443161608248,0.47589845915214735,-0.9620806057248299
Province:Jiangxi,1997,Spring,0.031233720312848923,5,0.7313580562185203,-1.4473758371558325,-1.2322574343728423,-0.07960581786358012,-0.7107020395736859
Province:Jiangxi,1997,Summer,-0.7547346150090858,5,-1.6104997741010405,1.8025969371868336,1.0148589402630526,-0.8520695109173695,-0.5233657931032377
Province:Jiangxi,1997,Autumn,-0.6804135208523996,5,-0.4830058627167418,1.529473342737701,0.8764437112840493,-1.2585402243858033,-1.0074918857058015
Province:Jiangxi,1998,Winter,0.09170934770615066,5,0.19691779851389818,-0.3025960933278342,1.869113097168546,-1.2651202976215667,-0.6449599528579584
Province:Jiangxi,1998,Spring,0.16003256191564846,5,2.3577251684258886,-0.009648660413499797,-0.0904548586944133,-1.3256002324850986,-0.1511559280816344
Province:Jiangxi,1998,Summer,0.362376067884965,5,1.3162993284309017,-0.49461154272347246,1.581863678330789,-1.0243406048786086,-0.5565536051817298
Province:Jiangxi,1998,Autumn,0.0592010727109006,5,0.2551079330685585,-1.660390065840341,-0.06237756992797206,-0.5336178486100859,-1.0234972168163385
Province:Jiangxi,1999,Winter,0.748937470028365,3,2.1194873732566974,-0.9487891260437578,,,-0.8214640892153601
Province:Jiangxi,1999,Spring,-0.5688690317509708,3,-0.31494168799737216,0.25987235681677145,,,-1.1317930504387688
Province:Jiangxi,1999,Summer,-0.7484202218305654,3,-0.7329654760346973,0.471626668155172,,,-1.040668521301827
Province:Jiangxi,1999,Autumn,0.5086794956828199,3,1.2828945746326776,-0.6136980794336209,,,-0.370554167017839
Province:Jiangxi,2000,Winter,-0.5823642803419217,4,-0.5690190087131899,0.10167311610538256,-1.121623677827289,,-0.5371413187218251
Province:Jiangxi,2000,Spring,-0.2136087900722307,3,-0.8359224788124544,-1.6592316480764095,,,-1.4641355394806472
Province:Jiangxi,2000,Summer,-0.5132117948447691,3,-0.10925670793937504,0.35141083522589256,,,-1.0789678413690396
Province:Jiangxi,2000,Autumn,-0.28637039495008004,3,0.06101944487066925,1.1424731449000007,,,0.2223425151790913
Province:Jiangxi,2001,Winter,0.5678462303513255,3,0.9260542022019461,-1.4739960531110234,,,-0.6965115642589931
Province:Jiangxi,2001,Spring,-0.4766781032480642,3,-0.8700818631274078,-0.7474045808481201,,,-1.307357027464905
Province:Jiangxi,2001,Summer,-0.7503696696915748,3,-0.5982203976425443,0.6719810224882684,,,-0.9809075889439118
Province:Jiangxi,2001,Autumn,-0.12611749116302662,3,-0.7199882680994512,-0.9912106097415452,,,-0.6495748151311739
Province:Jiangxi,2002,Winter,0.32492832208320793,3,1.0400400187929641,-1.1170440414282812,,,-1.1822990939716214
Province:Jiangxi,2002,Spring,0.23718320328817408,3,1.4383342698407655,-0.05276201218496554,,,-0.7795466721612088
Province:Jiangxi,2002,Summer,-0.8959241334185931,3,0.12140412749431244,1.4126847152564102,,,-1.3964918124936816
Province:Jiangxi,2002,Autumn,-0.40572537494174293,4,-1.1796162024018757,1.0513115190004836,1.8512526217616043,,-1.2432264001262165
Province:Jiangxi,2003,Winter,0.33328363558133145,4,1.0815707471171867,0.0390078606881833,0.6720811180025758,,-0.38150946210625303
Province:Jiangxi,2003,Spring,0.4460825555840591,4,0.32248309430285904,-1.1984498757949087,0.866043272673896,,-0.6026460204354274
Province:Jiangxi,2003,Summer,0.5415877359391232,4,2.526911437817846,-1.570992464190415,-0.8864837053052769,,-1.045069252946491
Province:Jiangxi,2003,Autumn,-0.21840911106036873,4,1.1529634759872858,0.5851339451069953,-1.2880711748710776,,-0.15339480025068777
Province:Jiangxi,2004,Winter,-0.24158878259488895,5,-0.10729127044016158,-0.2363435341236855,-0.5954565518886688,0.47942578330938074,-1.2209654080786807
Province:Jiangxi,2004,Spring,0.5868776990863988,5,1.6616104507980725,-1.28184311688096,-0.23532750293474522,1.1430359894311648,-0.9167735587434582
Province:Jiangxi,2004,Summer,0.15997366346665826,5,0.013349493437850428,-0.033017211932700755,-0.5905109416184665,1.7264054903063113,-0.3823929367251048
Province:Jiangxi,2004,Autumn,-0.16738816407322465,5,-0.42913534583718743,-0.06759554280941335,-1.1637627650998368,1.7682025766474891,-1.0798408288860015
Province:Jiangxi,2005,Winter,-0.36568916492915604,4,-0.4520389760974224,0.7138149408539408,0.6550111328255024,,-0.9519138755907636
Province:Jiangxi,2005,Spring,0.4375219339483516,4,0.5596669275439786,-1.0179358794282622,0.6324863678528034,,-0.4600014390316378
Province:Jiangxi,2005,Summer,0.2952967455640976,3,0.5185574605137446,-0.31297950047910855,,,0.05435327569943963
Province:Jiangxi,2005,Autumn,1.007995836091128,3,2.6350562324368068,-1.0294329026614781,,,-0.6405016268249009
Province:Jiangxi,2006,Winter,-0.21452703165818723,3,0.21005543344146413,0.26446510370268117,,,-0.5891714247133447
Province:Jiangxi,2006,Spring,-0.26968466989405043,3,0.2666086992237795,0.6935806669028365,,,-0.3820820420030943
Province:Jiangxi,2006,Summer,-0.022087426599985083,3,0.56740724581127,-0.6115199284725246,,,-1.2451894540837498
Province:Jiangxi,2006,Autumn,-0.18049548275395377,3,0.6469162268002199,-0.28197865476391726,,,-1.4703813298259985
Province:Jiangxi,2007,Winter,-0.19072946715618797,3,-0.332973013472937,-1.2932650278814448,,,-1.5324804158770717
Province:Jiangxi,2007,Spring,0.2937529503849958,3,1.5151036781294933,-0.39686608583745403,,,-1.0307109128119598
Province:Jiangxi,2007,Summer,0.3351252028253535,3,0.7525809474332555,-1.301995446959963,,,-1.049200785917158
Province:Jiangxi,2007,Autumn,-0.2027597711003564,3,0.0029055420669046633,-0.06914592174529038,,,-0.6803307771132643
Province:Jiangxi,2008,Winter,-1.1488014528007968,3,-0.17062990477935097,2.206996345388212,,,-1.0687781082348276
Province:Jiangxi,2008,Spring,0.17400137191266177,3,0.4972198216704964,-1.27464171672504,,,-1.249857422657551
Province:Jiangxi,2008,Summer,-0.34340486345236393,3,-0.40457105289707274,-0.4771223431746581,,,-1.1027658806346772
Province:Jiangxi,2008,Autumn,0.9253878263054586,3,2.240851273391147,-1.5525228258122994,,,-1.0172106202870705
Province:Jiangxi,2009,Winter,0.5120754859094937,3,1.9639072727794027,-0.46164334460637974,,,-0.8893241596573013
Province:Jiangxi,2009,Spring,-0.12170756087690404,3,0.3513624263859325,-0.6294037861655666,,,-1.3458888951822112
Province:Jiangxi,2009,Summer,0.4658755541188739,3,1.653432783950435,-0.46785393084813676,,,-0.7236600524419503
Province:Jiangxi,2009,Autumn,0.09549779165904455,3,1.98588780581592,0.7894749014472185,,,-0.9099195293915676
Province:Jiangxi,2010,Winter,0.24562068292541825,3,1.8605119240863455,-0.029495545575455535,,,-1.1531454208855463
Province:Jiangxi,2010,Spring,-0.7674860186297875,3,-0.3975873664681867,0.9672703745163306,,,-0.9376003149048453
Province:Jiangxi,2010,Summer,0.2392576759007454,3,1.2421211687521816,-0.45886427083095227,,,-0.9832124118808977
Province:Jiangxi,2010,Autumn,-0.07095478392052106,3,0.17022738653509906,-0.6442281782037783,,,-1.0273199165004405
Province:Jiangxi,2011,Winter,-0.7544064404792512,3,0.31561716983999527,1.3095654828736474,,,-1.2692710084041015
Province:Jiangxi,2011,Spring,-0.5983456409846494,3,0.2888638002546995,0.9863671613785602,,,-1.0975335618300872
Province:Jiangxi,2011,Summer,0.22126120300542015,3,0.9878566563415021,-0.59917341176374,,,-0.9232464590889816
Province:Jiangxi,2011,Autumn,0.3632901902475678,3,1.783600360477853,-0.23521279934680045,,,-0.9289425890819498
Province:Jiangxi,2012,Winter,-1.0726135265423997,3,-1.7334549616101123,-0.07498227744806657,,,-1.5593678954651535
Province:Jiangxi,2012,Spring,0.1957729185820193,3,0.31311539151084294,-1.692909798339473,,,-1.4187064341042581
Province:Jiangxi,2012,Summer,0.021836802433792046,3,0.32588944005394344,-0.9248085004724518,,,-1.185187533225019
Province:Jiangxi,2012,Autumn,-0.4267532822573121,3,-0.05381715503095416,-0.2725288660963188,,,-1.498971557837301
Province:Jiangxi,2013,Winter,0.030759243576656974,3,1.3861166341360005,-0.16629043175743255,,,-1.460129335163462
Province:Jiangxi,2013,Spring,0.6370448674229335,3,1.9379440865997721,-1.2836078488421532,,,-1.310417333173125
Province:Jiangxi,2013,Summer,1.4835099742019802,3,3.02390790010547,-1.1281032858718432,,,0.2985187366286274
Province:Jiangxi,2013,Autumn,0.2400732056699956,3,0.9022161394771776,-0.17062520161447947,,,-0.3526217240816702
Province:Jiangxi,2014,Winter,-0.465923040964749,3,0.9386917207634188,0.8189764897109296,,,-1.5174843539467362
Province:Jiangxi,2014,Spring,0.6733249168581691,3,1.2015397227619944,-1.9238071221486894,,,-1.1053720943361767
Province:Jiangxi,2014,Summer,-0.3075649490688475,3,-0.04895798306209407,-0.39845502298545865,,,-1.2721918871299072
Province:Jiangxi,2014,Autumn,1.2865800642306409,3,2.8698399152447007,-1.769076314866425,,,-0.7791760374192028
Province:Jiangxi,2015,Winter,0.2466946720273809,3,0.4260341964911005,-1.530426559283122,,,-1.21637673969208
Province:Jiangxi,2015,Summer,-0.5352159452900264,3,0.3538768707676969,1.5708667421876163,,,-0.38865796445015977
Province:Jiangxi,2015,Autumn,0.08977182653204063,3,0.9742326941447864,-0.4747617812502715,,,-1.179678995798936
Province:Jiangxi,2016,Winter,-0.19497863543459604,3,-0.09341103133271032,-0.5806330455379524,,,-1.0721579205090301
Province:Jiangxi,2016,Spring,0.18861743376248077,3,0.6857975305029277,-1.0086456729784925,,,-1.128590902193978
Province:Jiangxi,2016,Summer,0.6546556805101922,3,1.9433362406972958,-0.8277444290072907,,,-0.8071136281740099
Province:Jiangxi,2016,Autumn,1.0087018545209798,3,2.867622392666266,-0.24930383044575474,,,-0.09082065954908103
Province:Jiangxi,2017,Winter,1.4195381089865726,3,3.027093503018231,-1.7517230802514157,,,-0.5202022563099292
Province:Jiangxi,2017,Spring,0.04904925676521473,3,-0.35769863012929354,-1.16565425451553,,,-0.6608078540905923
Province:Jiangxi,2017,Summer,0.6812041281789364,3,0.8928853279295383,-0.5597066702707492,,,0.5910203863365214
Province:Jiangxi,2017,Autumn,1.1822470781280574,3,2.3173935424608074,-0.8313724939625028,,,0.39797519796086195
Province:Jiangxi,2018,Winter,-0.006927185832789701,3,0.11027870755873037,0.1974530807281475,,,0.06639281567104802
Province:Jiangxi,2018,Spring,2.3500943052234393,3,4.450247135431733,-1.6143800120101657,,,0.9856557682284198
Province:Jiangxi,2018,Summer,0.11280754951803958,3,0.12295087849257538,-1.1359051969058331,,,-0.9204334268442899
Province:Jiangxi,2018,Autumn,0.3166876711715391,3,0.2899225143209471,-0.39007619304794855,,,0.2700643061457217
Province:Jiangxi,2019,Winter,0.5629016168729915,3,1.288222700483071,-0.15161764729317373,,,0.24886450284272954
Province:Jiangxi,2019,Spring,0.44954172519611163,3,0.11196247485314302,-1.4484263084585842,,,-0.21176360772339214
Province:Jiangxi,2019,Summer,0.5172621486603296,3,1.456640498581315,-0.28789832350111516,,,-0.1927523761014415
Province:Jiangxi,2019,Autumn,1.5129523214420697,3,2.81091059081663,-0.9788160178153975,,,0.7491303556941818
Province:Jiangxi,2020,Winter,2.3378075094922526,4,3.2249336767691488,-1.5276477294383772,4.798251334599811,,-0.19960270283832604
Province:Jiangxi,2020,Spring,1.796542128237053,4,1.3927445170092265,-0.47490814600602815,5.76194699880036,,-0.44343114886740187
Province:Jiangxi,2020,Summer,3.0258633794033125,4,1.9922236703739076,-1.7137145288136069,6.7137776147279045,,1.6837377036978318
Province:Jiangxi,2020,Autumn,0.6435019414962473,4,0.2946931090436444,-0.0306445740484888,2.0717761572353086,,0.17689392565754722
Province:Jiangxi,2021,Winter,1.029560642650846,4,3.077760390694789,-0.14162474330994543,0.43366506148144063,,0.46519237511720823
Province:Jiangxi,2021,Spring,2.439140108457272,4,2.22938943106609,-1.5585646591390891,6.008846936563748,,-0.04024059293983808
Province:Jiangxi,2021,Summer,2.3150691838905897,4,2.072603275723761,-1.7263425751695527,5.234493707938767,,0.2268371767302782
Province:Jiangxi,2021,Autumn,1.7132717546445597,3,4.210909656835272,-0.595340074615048,,,0.3335655324833593
Province:Jiangxi,2022,Winter,0.06673617010382411,3,0.2581039650240602,-0.6233350396726854,,,-0.6812304943852733
Province:Jiangxi,2022,Spring,1.6172299602294333,4,2.467117685590649,0.2650113540305644,4.58544893710512,,-0.3186354277474718
Province:Jiangxi,2022,Summer,1.9993673549019622,4,4.435474200214152,-1.714708687998757,1.5773355437081589,,0.26995098768678094
Province:Jiangxi,2022,Autumn,2.006717368013125,4,4.040054227876227,-0.4239359223508407,1.9990389099471721,,1.563840411878261
Province:Jiangxi,2023,Winter,1.6666706249728436,5,0.15954567947949266,-0.4015973741668044,5.487412814100969,1.8283860003801966,0.4564112567367554
Province:Jiangxi,2023,Spring,2.0918752720061784,5,2.9806243439009115,-0.718314438052558,5.380402950192929,1.401380024976017,-0.021345397091522025
Province:Jiangxi,2023,Summer,1.2135930933887082,5,2.386865966425545,-1.4000533711094156,1.7303591871120432,0.4371986879916172,0.11348825430492021
Province:Jiangxi,2023,Autumn,1.1145784591769625,5,3.0911545553787385,-1.2666502200753496,1.7326500353660348,-0.4376385018281534,-0.07992401310715706
Province:Jiangxi,2024,Winter,0.7730073928647588,5,2.860986187979768,1.394029802304315,2.6677157842767802,-0.5568027595436396,0.2871675539152008
Province:Jiangxi,2024,Spring,0.839100802446947,5,1.5745353557385178,-1.8627717700501645,1.8153829749613293,-0.6713062883064127,-0.38587980020886403
Province:Jiangxi,2024,Summer,2.3034696611582843,5,3.9312890686569375,-1.1658821350297779,6.818299177474925,-0.7239567791430194,0.3258347037728005
Province:Jiangxi,2024,Autumn,1.388194455771603,5,4.588391620148979,-2.0998271774286006,-0.18124666877727827,-0.5886084214075133,1.022608571465227
Province:Jiangxi,2025,Winter,0.038317520444900915,4,0.7395298074183443,-1.329847197695228,-1.3910194435807666,,-0.5250874797532018
Province:Jiangxi,2025,Spring,1.3288726042566572,4,2.5967131134178856,-0.5777388573422526,2.371138453828918,,-0.2301000075624272
Province:Jiangxi,2025,Summer,0.9435143677292295,4,2.7419021819989027,-1.4060873343697036,-0.512512095118763,,0.13858004966707424
Province:Hebei,1981,Spring,1.575582816752428,4,0.745829529929447,-0.6095993800032922,2.3641407667625844,,2.582761590314388
Province:Hebei,1981,Summer,0.6848230316552559,4,0.2275243712684498,0.3795431531282904,0.162004906015568,,2.729306002465296
Province:Hebei,1981,Autumn,-0.18482002364041294,4,-0.9752018203605501,2.8842683510316016,0.6063427892334255,,2.5138472875970748
Province:Hebei,1982,Winter,-0.5068826082071324,4,-0.8869915347159558,0.0629188328242031,,-2.308983014372289,1.2313629490839184
Province:Hebei,1982,Spring,0.10098211994613115,5,0.7739163628558358,-0.9225653875135392,-1.1503438179756518,-2.2672807150659793,2.226053382402912
Province:Hebei,1982,Summer,-0.5011980394113466,5,-1.0982304244401113,0.9014799106121324,0.4127477601442069,-1.9526850566789273,1.0336574345302312
Province:Hebei,1982,Autumn,-0.395908660664117,5,-0.38408067167696935,-0.2500897457931177,-1.1264856015667815,-1.291359343395481,0.5722925675255289
Province:Hebei,1983,Winter,-0.13989506173831218,5,-0.9765100755225233,1.0191270915767419,-0.5638913986979063,-0.4415633794495087,2.3016166365551194
Province:Hebei,1983,Spring,0.5298128888343269,5,-0.14516151600271784,-0.39021692339561415,0.9700333760473182,-0.3644479726716854,1.7984236334031052
Province:Hebei,1983,Summer,0.023119372857769438,5,-0.3867496480680482,0.08190595229039922,-1.1783591592731395,-0.18005235945408332,1.9426639833745174
Province:Hebei,1983,Autumn,0.3947368751145507,5,-0.6148960687493761,-0.9651352863827203,0.8192535732390117,0.050203877547022005,0.7539877071533753
Province:Hebei,1984,Winter,-0.38465172162249317,5,-0.4693619435909981,1.5424998030722745,-1.0198304842685246,0.4148456676166693,0.6935879552026621
Province:Hebei,1984,Spring,-0.29453357742222525,5,-1.3237831536000308,1.3711045016120957,-0.9630729623510633,0.7188086275986907,1.4664841028533733
Province:Hebei,1984,Summer,0.3688820788033278,5,-0.4716097285940149,0.3244691485015799,-0.34526591100438064,1.109326918041227,1.8764282640753873
Province:Hebei,1984,Autumn,-0.018559194095545326,5,-0.7671254028492256,-0.6127743994467751,-1.3061237118876285,1.3537489552006021,0.013929789611750242
Province:Hebei,1985,Winter,-0.5774195324898891,5,-0.7966133734309657,2.653925296388315,0.2538605133954268,0.24353653207902085,0.06604396189538754
Province:Hebei,1985,Spring,-0.7622028800361667,5,-1.2968634031519934,1.8170215131969212,-0.23702150996557797,-0.15188132858944442,-0.3082266452768963
Province:Hebei,1985,Summer,-0.5793289805303098,5,-0.9753408234413883,-0.2478293794834514,-0.3077484953646055,-0.6280939517280081,-1.2332910116009983
Province:Hebei,1985,Autumn,-0.631152050652531,5,-1.1898734046503843,1.0450781678391883,-0.006316237967627968,-1.0443905114774161,0.1298980686719615
Province:Hebei,1986,Winter,-0.5613956084376044,5,-1.172968093504299,1.5762266168354946,-0.5976564986075169,-0.5593394356246705,1.099212602383959
Province:Hebei,1986,Spring,-0.2813558968130991,5,-0.36292042818251685,-0.4316721724896414,-0.9776050852284343,-0.5841413828672086,0.08621523972302286
Province:Hebei,1986,Summer,-0.5545125106468978,5,-0.9416574868076903,0.6744676718543229,-0.5192677905935906,-0.7127129299523538,0.0755433259734688
Province:Hebei,1986,Autumn,-0.8829083112027787,5,-1.5864855333840708,1.7018210717191091,-0.6178806326775117,-0.7364872864578964,0.22813296822469445
Province:Hebei,1987,Winter,0.02845217688836512,5,0.15825326359139857,0.5942354350254646,-0.32639518277312546,-0.33876109754654055,1.2433993361955575
Province:Hebei,1987,Spring,-0.5165147732925355,5,-0.996296282381043,0.9788470848531553,-0.3786948075900174,-0.42972519836151074,0.20098950672304874
Province:Hebei,1987,Summer,-0.4898638139044807,5,-0.6676393377104587,0.7204374038239583,-0.6310953625703167,-0.5132532365459149,0.08310627112824492
Province:Hebei,1987,Autumn,0.0004230041997488554,5,0.6711500804775633,0.9273139087278663,-0.13815844721166567,-0.520502631813846,0.9169399282745591
Province:Hebei,1988,Winter,-0.3509760764362212,5,-0.1217266468417116,0.12080295679583686,-0.7824598173310093,-0.4959736007651928,-0.23391736044735553
Province:Hebei,1988,Spring,-0.7931320618203508,5,-0.9889873871643967,1.9698950127317651,-0.9771891397311142,-0.00891146270210945,-0.020677306772368623
Province:Hebei,1988,Summer,-0.32907895915469504,5,-0.5903224928677776,0.5138259116933147,-0.41821773680122526,0.6980248255678132,-0.8210534799789707
Province:Hebei,1988,Autumn,0.33039258377951886,5,-0.1340187340514117,-1.3292890998906508,-0.7952048865694454,1.354258280860802,-0.10236084123300145
Province:Hebei,1989,Winter,0.7995737660496343,5,-0.43635525743983633,-1.1806779689825373,2.261143251868021,1.837824293223085,-0.8454214263856362
Province:Hebei,1989,Spring,0.3390686172322224,5,-0.25649237073429115,-1.2041147106804329,-0.9914489207326265,2.097829863781624,-0.358660196834027
Province:Hebei,1989,Summer,-0.15577336011050433,5,-0.947405154316474,1.5531563501408745,-0.5905316234721941,1.8949585196271317,0.4172678077498895
Province:Hebei,1989,Autumn,-0.19111853516288133,5,-0.7573379082247802,0.4720788033350928,-0.7234398223730704,1.364762664570261,-0.36749880645172445
Province:Hebei,1990,Winter,0.16866407243515597,5,-0.08616822858705094,0.46742745238437433,1.4602825736468938,0.800096529863132,-0.8634630603628206
Province:Hebei,1990,Spring,0.20868731694403048,5,-0.5080906085105705,0.4228338344199972,1.6006801857561246,0.20152502318721272,0.17215581870738292
Province:Hebei,1990,Summer,-0.371257023749879,5,-0.830809487420549,0.208975403265938,-0.6067142252137653,-0.5832395163505311,0.3734535135013885
Province:Hebei,1990,Autumn,-0.12080591034657957,5,0.5435928245475325,-0.6298324160060287,-0.33270074123240573,-1.3429869158786674,-0.10176713517538606
Province:Hebei,1991,Winter,-0.05127485576416737,5,0.001122831118916167,-0.5855720920778771,-0.31749142410239606,-1.2620780968285727,0.7365003189133387
Province:Hebei,1991,Spring,-0.668836544504176,5,-0.8313409328078996,1.9310857586299004,0.8923990418356548,-1.114383119295403,-0.3597719536233313
Province:Hebei,1991,Summer,-0.23514190022050271,5,-0.32101540022239006,0.2637886535044913,0.33195823715066763,-0.9127795964294638,-0.010084088096836129
Province:Hebei,1991,Autumn,-0.10740812210548183,5,-0.9602515076675244,-0.7208792297057878,-0.38661703657072594,-0.5442219689539978,0.6331706729590513
Province:Hebei,1992,Winter,0.04796665967833762,5,0.024208129982624754,-0.878107791083402,-0.5103964300620755,0.03622015128941771,-0.1883063439016809
Province:Hebei,1992,Spring,-0.07373001700500564,5,-0.47892349169838694,0.08045926413403516,0.29121453385413215,0.336023669446366,-0.43650553249310425
Province:Hebei,1992,Summer,-0.2021513874374113,5,-0.6871843484251221,0.6655374594625386,-0.6000785155108679,0.7567532296600019,0.18529015655147013
Province:Hebei,1992,Autumn,0.1822011921353072,5,-1.0837043600620555,0.35282541970206427,0.21892464633686476,1.0916146389312065,1.0369964551725843
Province:Hebei,1993,Winter,0.3818112810982578,5,-0.3360713224499109,-0.549339555012609,-0.4102003139134504,1.1037816580856272,1.002206828756414
Province:Hebei,1993,Spring,-0.05825225807408378,5,-0.5122688142872341,-0.03540746011413659,-1.2271728015284808,0.898791014820823,0.5139818505103364
Province:Hebei,1993,Summer,-0.31078022508917025,5,-0.9043504362969088,0.6539786051766058,-0.5761633533481811,0.5823711571539397,-0.0017798877780953622
Province:Hebei,1993,Autumn,0.5652126755205372,5,-0.25759843663416504,0.6742691919861022,1.5881972421281219,0.1426452539618689,2.0270885101329625
Province:Hebei,1994,Winter,0.08393822432455567,5,-0.2987216661925899,-0.7236097784195378,-0.727397854147878,0.05208214838576311,0.6701187151579454
Province:Hebei,1994,Spring,0.04302036343253498,5,0.5521968511012063,-0.0031479107299090996,-0.6738014444147795,-0.09678013162123018,0.4303386313675692
Province:Hebei,1994,Summer,0.7687300173452312,5,0.5210534361071756,-2.1595625288032614,2.0668046562563296,-0.24385303100721634,-0.6599175034333943
Province:Hebei,1994,Autumn,-0.19241994796325054,5,-0.25488254572890284,-0.4467531531467284,-0.3108713245414191,-0.3642839607441235,-0.47881506194853574
Province:Hebei,1995,Winter,-0.25799644413902767,5,-0.2722901573741656,-0.7914769197781683,-0.6072002213512137,-0.11718240959967478,-1.0847863521482526
Province:Hebei,1995,Spring,-0.2218934278857098,5,-0.9519867990418406,0.24981861036326394,-0.5100845541597346,-0.04261301297830643,0.6450358371145968
Province:Hebei,1995,Summer,-0.21431547164554768,5,-1.1838404970873815,1.0709102317231332,2.1150034252301806,0.10818799777134343,-1.0400180524187477
Province:Hebei,1995,Autumn,0.297229949649371,5,0.21894413019727155,0.6752769132004962,0.7136744293848961,0.2548160456004859,0.9739920562646978
Province:Hebei,1996,Winter,-0.10803035031556936,5,-0.8188295444854348,-1.0553787338752352,-0.8873791884177482,0.583634387883133,-0.472956140433032
Province:Hebei,1996,Spring,-0.3265911964446778,5,-1.295909981043904,0.06752114491358265,-0.2566119203247284,0.9758206603461234,-0.9887335962872976
Province:Hebei,1996,Summer,-0.013178310317802078,5,-0.8412727416294737,1.749618158802337,2.2555217304311648,1.434096980625921,-1.1646193622142853
Province:Hebei,1996,Autumn,0.11135375828494536,5,-0.7519573682646049,-0.27772290866497634,-0.31197984735660256,1.699342614557696,-0.3563595161767381
Province:Hebei,1997,Winter,0.346952127049592,5,0.37087629011828926,-0.6747607615978695,0.00968869728835293,1.5369873851973552,-0.8575524989539066
Province:Hebei,1997,Spring,0.3012938209292681,5,0.009469098336832106,-0.9376393372367129,0.14837457541010515,1.384299909430339,-0.9733138157676485
Province:Hebei,1997,Summer,1.1198457810069455,5,2.886313634254073,-0.966473553465785,-0.41439641913383213,1.093325071014094,1.0675130654346083
Province:Hebei,1997,Autumn,0.18341425537980946,5,0.10359278213706644,0.4653936354119087,-0.13491541909455615,0.5979488976049379,0.8158386516635079
Province:Hebei,1998,Winter,0.7357200712623748,5,0.32208465341817777,-0.3702221117917413,2.6246780040001267,0.30307451461768997,0.058541072484138805
Province:Hebei,1998,Spring,0.5328446559486759,5,1.4699042434730454,-0.5321708245519045,1.7758635632583832,-0.07957728237093074,-1.034138069169023
Province:Hebei,1998,Summer,-0.1605350553920887,5,-0.37004536170073327,-0.6692868783366681,-0.26061880706254664,-0.5452524959026508,-0.2960454906311809
Province:Hebei,1998,Autumn,0.35434646857648217,5,2.8858447399547105,-0.9527970248899061,-0.743990654503351,-0.9635865620270753,-0.3593322054317796
Province:Hebei,1999,Winter,0.9764664565992051,3,2.566405441572764,-0.919342564319198,,,-0.5563486360943467
Province:Hebei,1999,Spring,-0.3533523907543508,3,-0.516412188000068,-0.39620591275453476,,,-0.9398508970175192
Province:Hebei,1999,Summer,0.8567451588794355,3,1.5448347844712278,-0.7028393113620268,,,0.322561380805052
Province:Hebei,1999,Autumn,0.11363656218239375,3,1.0537545574892309,-0.11297988813286562,,,-0.8258247590749153
Province:Hebei,2000,Winter,-1.002142986314424,3,-0.9635384135431211,1.032399577137739,,,-1.010490968262412
Province:Hebei,2000,Spring,0.3593955932903832,3,-0.33545753841482345,-1.3539658208312635,,,0.05967849745470961
Province:Hebei,2000,Summer,0.9290627711180708,3,1.7285497428253427,-1.722595530486984,,,-0.6639569599581148
Province:Hebei,2000,Autumn,-0.5534087546926285,3,-0.03429500881016674,0.26327559991106714,,,-1.3626556553566518
Province:Hebei,2001,Winter,-0.40003345338401797,3,-0.6649943019800947,0.2943655526738221,,,-0.24074050549813708
Province:Hebei,2001,Spring,1.000263364578631,3,2.504761366005688,-0.6777199381622412,,,-0.18169121043203623
Province:Hebei,2001,Summer,0.6051216149124562,3,0.9674148150556436,-1.622844239956685,,,-0.7748942102749601
Province:Hebei,2001,Autumn,-0.06181864781198976,3,0.6331813216896153,-0.9236585810065971,,,-1.7422958461321818
Province:Hebei,2002,Winter,1.0217896484904727,3,3.097475473534256,-1.1467359865141504,,,-1.178842514576988
Province:Hebei,2002,Spring,0.8180743500670681,3,1.6007565294505703,-0.8632925829731253,,,-0.009826062222491045
Province:Hebei,2002,Summer,0.07069415054559484,3,1.3120473992694373,0.473675888255435,,,-0.6262890593772177
Province:Hebei,2002,Autumn,-0.8493936697088723,4,-0.9579943043818445,1.6740984262961687,-0.8099406528980037,,0.04445870474052779
Province:Hebei,2003,Winter,-0.4790721937871644,4,0.15228692070530603,0.33463060059257443,0.031762115861485994,,-1.7657072111228753
Province:Hebei,2003,Spring,-0.12938677594274506,4,0.006573665605725938,-0.9161317319646921,0.3402924628433078,,-1.780544964184706
Province:Hebei,2003,Summer,-1.0259554135566689,4,-0.4080215375660402,0.838518613249599,-1.2742462037368771,,-1.5830352996741592
Province:Hebei,2003,Autumn,0.6926301264376463,4,-0.09505601666821646,-0.08026851042503637,3.213430774392305,,-0.42812276239853986
Province:Hebei,2004,Winter,0.3703368188589503,5,1.4900260946236106,-0.9729129855285213,-0.2153602282788276,-1.388202234054438,0.9923074764758851
Province:Hebei,2004,Spring,-0.1369269847036712,5,1.3991677436846284,-0.580461160458077,-0.24827729789412326,-1.4733571620873778,-0.9426293676795606
Province:Hebei,2004,Summer,-0.6265509456423852,5,-0.5217730751080847,1.4914763328579648,0.3786628878574115,-1.4051225254123296,-0.09304568269095857
Province:Hebei,2004,Autumn,-0.041506545461238706,5,0.2181188282916074,-0.8990427339348198,0.5848015617361717,-1.101522048086377,-0.8079738031824155
Province:Hebei,2005,Winter,-0.42702491270586684,4,-0.2465975218328845,0.6613420381333301,0.3242438858913637,,-1.1244039767486165
Province:Hebei,2005,Spring,0.02798316096667884,4,0.19223218136637374,0.0374735326034951,0.20832575612872298,,-0.2511517610248863
Province:Hebei,2005,Summer,0.5311366160420324,3,1.1282446659034144,-0.9689940804993087,,,-0.503828898276626
Province:Hebei,2005,Autumn,0.27863778813333745,3,1.2208571344463086,-1.2793763480508653,,,-1.6643201180971616
Province:Hebei,2006,Winter,-0.15507677050111127,3,-0.2865728680660181,0.647794764398098,,,0.46913732096078237
Province:Hebei,2006,Spring,-0.15966179766888375,3,0.19858990121987496,0.12751403016532697,,,-0.5500612640611993
Province:Hebei,2006,Summer,0.02853164792842433,3,0.19387181620187657,-0.5341249396099004,,,-0.6424018120265039
Province:Hebei,2006,Autumn,0.8609503752683838,3,2.437556120461872,-0.9398799779945576,,,-0.794584972651278
Province:Hebei,2007,Winter,0.19076013414177262,3,0.8082840525598995,-1.2508604939328534,,,-1.4868641440674353
Province:Hebei,2007,Spring,0.07292987312543524,3,0.6529994849944581,-0.7645101934534874,,,-1.1987200590716398
Province:Hebei,2007,Summer,0.6644397785116908,3,0.9564111675276619,-1.5101208139486628,,,-0.4732126459412525
Province:Hebei,2007,Autumn,-0.32334486019553027,3,-0.3007976362346321,-0.896303249793194,,,-1.5655401941451528
Province:Hebei,2008,Winter,-0.1455382397926814,3,-0.5214929117338698,-0.8005692882511588,,,-0.7156910958953332
Province:Hebei,2008,Spring,0.16072997962465943,3,0.6729343043785785,-0.49895985120161296,,,-0.6897042167062131
Province:Hebei,2008,Summer,-0.5293026248615632,3,-0.5818384717669888,-0.09668644055214334,,,-1.1027558433698443
Province:Hebei,2008,Autumn,0.387614997813672,3,1.2031294501804037,-0.932285819902761,,,-0.9725702766421488
Province:Hebei,2009,Winter,1.023325363095038,3,1.3384673360628891,-0.545680674284376,,,1.1858280789378488
Province:Hebei,2009,Spring,0.5806938586972739,3,1.5273320357330202,-0.46306994701146703,,,-0.24832040665266572
Province:Hebei,2009,Summer,0.59065108132223,3,0.43539691584329465,-0.30126996024949126,,,1.0352863678739042
Province:Hebei,2009,Autumn,-0.12522426865655334,3,0.0676740843848512,1.1713629429748127,,,0.7280160526203016
Province:Hebei,2010,Winter,-0.5118697772372639,3,-0.9736866259966948,1.4375516876109686,,,0.8756289818958715
Province:Hebei,2010,Spring,-0.9808787087711842,3,-1.5057684031135765,2.527276957902146,,,1.0904092347021699
Province:Hebei,2010,Summer,0.8129108702030851,3,0.8274437047420399,-1.0631371915885341,,,0.5481517142786808
Province:Hebei,2010,Autumn,0.14919575553132516,3,-0.1518393258591527,-0.057994058968094404,,,0.5414325334850338
Province:Hebei,2011,Winter,0.6122886250881472,3,-0.5704642493010557,0.6585173344454998,,,3.065847459010997
Province:Hebei,2011,Spring,0.7063793941420031,3,-0.812653619088636,-0.2832028533693749,,,2.6485889481452705
Province:Hebei,2011,Summer,0.727695967071658,3,0.10468282671212029,-1.0263330092034995,,,1.052072065299354
Province:Hebei,2011,Autumn,0.06794192068734915,3,0.018813887603352432,-0.05735286534680128,,,0.12765900911189373
Province:Hebei,2012,Winter,0.10106984292717636,3,-1.3542168390555416,0.40189903988815656,,,2.059325407725227
Province:Hebei,2012,Spring,1.318061794926991,3,0.790240141203737,-0.2761222368988039,,,2.8878230066784325
Province:Hebei,2012,Summer,1.0301976940072517,3,-0.4822496712187057,0.49861162637148027,,,4.071454379611941
Province:Hebei,2012,Autumn,0.43941709308762106,3,-1.1324587715897028,0.2426259555586865,,,2.6933360064112524
Province:Hebei,2013,Winter,-0.20879268651140093,3,-0.9887825009802683,2.056294266349937,,,2.4186987077960027
Province:Hebei,2013,Spring,0.9710018994295063,3,0.11546656523787872,0.7735473088272892,,,3.5710864418779296
Province:Hebei,2013,Summer,1.2680595515513426,3,0.5123628957246568,0.19555027841231631,,,3.4873660373416873
Province:Hebei,2013,Autumn,1.0835542030498448,3,-0.278000446822984,-0.3635002282321502,,,3.1651628277403683
Province:Hebei,2014,Winter,0.940791853443555,3,1.364360360329922,-0.6448765637073086,,,0.8131386362934346
Province:Hebei,2014,Spring,2.129621705052013,3,3.371345595240406,-1.2964283073826868,,,1.7210912125329452
Province:Hebei,2014,Summer,0.767203416405387,3,0.016522461373586712,0.020226380557765874,,,2.3053141684003404
Province:Hebei,2014,Autumn,0.6671154970805323,3,0.19517904478941597,-0.3002576231965766,,,1.5059098232556045
Province:Hebei,2015,Winter,2.703025801409117,3,0.8683008788236368,-0.9433904240169712,,,6.297386101386744
Province:Hebei,2015,Summer,1.7498561992306494,3,-0.32359518885489424,0.6713646966134248,,,6.244528483160267
Province:Hebei,2015,Autumn,2.4127944964118706,3,0.3630149275090514,1.2154190848437307,,,8.090787646570291
Province:Hebei,2016,Winter,2.700987401311371,3,-0.31396315103683525,-0.12319557417104449,,,8.293729780799902
Province:Hebei,2016,Spring,2.736244270944207,3,1.405155758781587,-0.6867585037701883,,,6.116818550280847
Province:Hebei,2016,Summer,2.1455087597521576,3,0.040202793054372445,0.05439655464297755,,,6.450720040845078
Province:Hebei,2016,Autumn,2.3386012631571695,3,0.6984110916786122,0.25233384984574897,,,6.569726547638646
Province:Hebei,2017,Winter,2.396621809061566,3,0.9371719063101687,-1.0724500012788114,,,5.1802435195957175
Province:Hebei,2017,Spring,2.8691057398714004,3,1.5966289927728534,-1.294848763719702,,,5.715839463121646
Province:Hebei,2017,Summer,2.155970960299142,3,1.0718179381464035,0.9963571278771548,,,6.3924520706281776
Province:Hebei,2017,Autumn,2.4762513673955504,3,0.08037654924399458,-0.009078075453789924,,,7.339299477488867
Province:Hebei,2018,Winter,2.8063160023481433,3,-0.5649775254610021,0.45705625619661144,,,9.440981788702043
Province:Hebei,2018,Spring,2.549301111305899,3,2.8777958134144948,-0.1063449130134578,,,4.663762607489744
Province:Hebei,2018,Summer,3.1943254503480745,3,1.8269789168396855,-1.7367997265683934,,,6.0191977076361445
Province:Hebei,2018,Autumn,2.4672775261657516,3,-0.788820637839116,0.035900588090830465,,,8.226553804427201
Province:Hebei,2019,Winter,1.177357956859543,3,0.40213283655746157,1.1175303995470907,,,4.247471433568258
Province:Hebei,2019,Spring,2.5116210247644974,3,1.772523692620247,-0.3588759942892508,,,5.403463387383995
Province:Hebei,2019,Summer,2.1476483787840754,3,0.22856765310058122,-0.35170186532654074,,,5.862675617925104
Province:Hebei,2019,Autumn,3.016283033098013,3,2.52987255017928,-0.48233112211897056,,,6.036645426995787
Province:Hebei,2020,Winter,1.819448445745017,4,1.432282043890003,-0.8834498436391556,2.2519727079066447,,2.7100891875442654
Province:Hebei,2020,Spring,2.5462508412316653,4,1.358584377163681,-0.2693059738371905,3.2771318358243438,,5.279981178101445
Province:Hebei,2020,Summer,2.1452648297927888,4,0.1961179084960909,-0.1916990395291896,4.134503184740229,,4.058739186405646
Province:Hebei,2020,Autumn,2.203455985765385,4,0.13723037673789107,-0.39629718526781743,3.2365548383168585,,5.043741542738972
Province:Hebei,2021,Winter,2.5924483235269005,4,1.2798129123883102,0.12364656065266764,1.4243260622063156,,7.789300880165644
Province:Hebei,2021,Spring,1.7207098984618676,4,0.9831213377046302,-0.30628557354551805,0.8144153515469418,,4.7790173310503805
Province:Hebei,2021,Summer,2.9648000137861734,4,-0.5312266547134802,-0.12722621274147602,7.757269490583681,,4.505931006533016
Province:Hebei,2021,Autumn,2.021191681025767,3,1.1165680661998203,0.1639106100792514,,,5.110917586956731
Province:Hebei,2022,Winter,1.705704842735589,3,0.841144426749463,-0.06932780820615388,,,4.20664229325115
Province:Hebei,2022,Spring,1.374588163668128,4,2.448242571015522,0.6833053046315797,0.4429026062193153,,3.290512782069255
Province:Hebei,2022,Summer,2.862053852555286,4,1.3910406885283506,0.3802865804623969,5.1523804963167175,,5.285080805838472
Province:Hebei,2022,Autumn,2.375514958855243,4,2.0959554809640997,0.5970707504974551,2.424437490436095,,5.578737614518233
Province:Hebei,2023,Winter,1.3554248266290423,5,0.16165167571578642,0.1821678304386532,1.8001333890120985,-1.0934960890852643,6.091002987941243
Province:Hebei,2023,Spring,1.3544181011243797,5,2.5787809882242523,-0.49874885814165426,1.5042554219250681,-1.4040234325293357,3.59432866986026
Province:Hebei,2023,Summer,3.1781343671103968,5,2.54069608039671,-0.8589142757242544,9.015814958893007,-1.6478609979877932,5.1231075185258055
Province:Hebei,2023,Autumn,1.3354795142979408,5,2.54479985194094,-0.30515279404339235,0.7250764646121046,-1.6446212559689608,4.7469897168622275
Province:Hebei,2024,Winter,1.103294782382316,5,0.6154727519107949,1.1965726957106053,3.33139313354477,-1.267265745809874,4.0334464679764945
Province:Hebei,2024,Spring,1.2449299884908647,5,2.288975429593084,-0.8565668037766012,1.677020086485017,-1.7674225013760085,3.16951012397563
Province:Hebei,2024,Summer,1.9401678880727566,5,2.040622534743267,-1.5212273719563423,4.43793407874168,-2.157305002668975,3.858360457591468
Province:Hebei,2024,Autumn,1.834377704184753,5,2.5654947043558898,-0.5854811029216306,3.0557177310399175,-2.2300412287082048,5.1952362113145325
Province:Hebei,2025,Winter,1.9246405804692714,4,1.0726829064927426,-0.6245707017963171,-0.5730328860885766,,6.574341599676602
Province:Hebei,2025,Spring,2.8157083489714108,4,2.6372097677132498,0.0077014455190167344,3.423120207772635,,5.210204865918774
Province:Hebei,2025,Summer,2.603522314766092,4,2.3040995534941993,-1.2356667724120827,3.897116750139489,,2.9772061830185983
Province:Henan,1981,Spring,0.9201466079585179,4,-0.4121615882650871,-0.8721516229552173,1.598034013212359,,1.6225623839315821
Province:Henan,1981,Summer,0.8766266778523352,4,0.6093075857217749,-0.5904887585073022,0.5695825656660578,,1.7371278015142058
Province:Henan,1981,Autumn,-0.21200738393133578,4,-1.539494185130868,1.8600171240602863,-0.06473996905382885,,2.6162217425196403
Province:Henan,1982,Winter,-0.24525380399258334,4,-0.8588514674355052,0.07396525509932288,,-0.7910722592087047,0.7428737657731994
Province:Henan,1982,Spring,-0.1980505144732613,5,0.18935892724777428,0.12610321364103122,-1.6152840216802204,-1.16548618631621,1.727261922023381
Province:Henan,1982,Summer,-0.2086586682980674,5,-1.8799596010298196,0.802779252103464,1.7941620198000172,-1.3933033754978115,1.238586867340741
Province:Henan,1982,Autumn,-0.2525015584676893,5,-0.7779078299050297,-0.34453072952494934,-0.6850861238729291,-1.2566398007295787,1.1125952326441417
Province:Henan,1983,Winter,-0.20598616423588373,5,-0.9287728156138185,0.3264679280963099,-0.8119164538326771,-0.7734118544317851,1.810638230795172
Province:Henan,1983,Spring,0.0951921436102148,5,-0.25595048857887776,-0.17733273950724396,-0.3775000839789584,-0.5200006266808651,1.4520791777825313
Province:Henan,1983,Summer,-0.012183988422304193,5,-1.280816988067619,0.16870440323233926,-0.1761015322492595,0.006112579016368745,1.5585904024213282
Province:Henan,1983,Autumn,0.4185207777991408,5,-0.951101105139067,-0.849334767816638,0.8167105640583955,0.49086419680463994,0.8867954654550978
Province:Henan,1984,Winter,-0.21871601431947987,5,-0.9276873502380949,1.0878843928290893,-1.4749595073152117,0.8339241562008944,1.563027022584102
Province:Henan,1984,Spring,-0.039472602824619285,5,-1.1646567275811595,0.16980506515307492,-1.4224535879984412,0.89742696133962,1.6621254052699594
Province:Henan,1984,Summer,0.14334832534604774,5,-1.083251532034269,1.042611503539715,0.598587093505936,0.8351175737555557,1.408899995042731
Province:Henan,1984,Autumn,0.4859113537644836,5,-0.5627448726503186,-0.303085068329347,1.3409279828379306,0.5694037807889891,0.77888480951647
Province:Henan,1985,Winter,-0.44016074079304746,5,-0.6683869139659593,2.268798743415893,-0.2815748061990661,-0.40635700312755185,1.4243137627432332
Province:Henan,1985,Spring,-0.5518047615539067,5,-1.0113135165754052,0.35840453207271095,-0.09973416815856188,-0.8847294587499342,-0.404842132212921
Province:Henan,1985,Summer,-0.7016848078420204,5,-0.6753984086967164,-1.044779903357879,-1.4359522578714696,-1.3240082791851235,-1.1178449968146709
Province:Henan,1985,Autumn,-0.6930271331787236,5,-0.8959125995948884,1.3087579731073342,0.18677190001127952,-1.4000633501348485,-0.04717364306782594
Province:Henan,1986,Winter,-0.5267863342669699,5,-1.2965095051752302,0.7164562396621528,-1.4426701597113352,-0.6145400025877663,1.4362442358016358
Province:Henan,1986,Spring,-0.11419074561606475,5,-0.06273423476676404,-0.18574414774337475,-0.6550415764339977,-0.2566659156212204,0.21774385099828375
Province:Henan,1986,Summer,-0.2519053550253075,5,0.08634531766627415,0.574326348040413,-1.4296936414003396,0.03737967047632598,0.6207682261716151
Province:Henan,1986,Autumn,-0.2607023242080927,5,-1.1022076593998478,0.8213481471379256,-0.015617539968510253,0.299844069932574,0.33581765553324616
Province:Henan,1987,Winter,0.8550183340896064,5,0.8006761429338936,-0.11042232606065823,0.5532896300197833,0.5271354205041672,2.28356815092953
Province:Henan,1987,Spring,-0.1293460041166782,5,-0.3812506689587984,1.3926831702089533,-0.23196043036645742,0.396629380285746,0.9625348686650723
Province:Henan,1987,Summer,-0.3646979119733432,5,-0.9763155559980149,0.8861506266740343,-0.7662689098347436,0.1686779596634119,0.6365675729766648
Province:Henan,1987,Autumn,0.8418057388539516,5,2.095280919109023,0.6978576587149458,0.9392900795659344,-0.084049391202219,1.956364745511965
Province:Henan,1988,Winter,-0.032720803293860554,5,0.22555285717153503,0.10078418339084504,-0.651991843405114,-0.232200454581611,0.5958196077367321
Province:Henan,1988,Spring,-0.6160509248995274,5,-0.6410904561425236,1.5255977211883134,-0.7177711149151359,0.2884337750583215,-0.48422910730998553
Province:Henan,1988,Summer,0.2902862242771086,5,0.6687039306677557,-0.7570059565944892,-1.2731419823153278,1.0161851140448555,0.2826781023937703
Province:Henan,1988,Autumn,0.19255227033646,5,-0.47569889250145897,-1.0210259165883762,-0.2573642909345113,1.4355827316852245,-0.7607841131553305
Province:Henan,1989,Winter,0.43182874505860724,5,-0.5345869926905564,-0.6224423442533821,0.9613332753608315,1.5714299069177011,-0.461474808548322
Province:Henan,1989,Spring,-0.1549536615573231,5,-1.2894940272144402,-0.46753149639102615,-0.34876374611255506,1.3787891995024302,-0.9828312303530766
Province:Henan,1989,Summer,-0.7234418113361143,5,-1.176544073332343,1.5623981841661423,-0.15518470789507863,0.4945310554230478,-1.2176131467100553
Province:Henan,1989,Autumn,-0.47198830064548114,5,-0.944705872908538,-0.2752139547182562,-0.6829495343916105,-0.4460132731629093,-0.5614867774826041
Province:Henan,1990,Winter,0.09583113397728217,5,-0.7879285952490941,0.2589061874254349,2.3424923718281496,-0.7178483931379197,-0.09865352612929006
Province:Henan,1990,Spring,-0.454776612315175,5,-0.8806204447103857,0.46472327661718493,-0.026161030686922705,-1.195758220848398,0.29337991128701596
Province:Henan,1990,Summer,-0.23965625546475863,5,0.2807822580431732,-0.8485398418102863,-0.5477885144234473,-1.5648727068607964,-0.21494215589300883
Province:Henan,1990,Autumn,-0.11697112461600115,5,0.3967543455966875,-1.1456938544994004,-0.6618253618916518,-1.5160497440533054,0.05057128276886345
Province:Henan,1991,Winter,-0.3177877285206402,5,-0.037598889245655645,-0.9289741536115987,-0.10778826606860295,-1.2052452404229135,-1.1672804004776276
Province:Henan,1991,Spring,-1.0038585829937454,5,-1.3001691169503549,3.115548523844903,1.2124535101006233,-1.006190259020994,-0.8098385252530979
Province:Henan,1991,Summer,-0.1324103137326579,5,-0.35582294828892547,0.2323594369527769,1.383668477958206,-0.6314631895011578,-0.8260744718786355
Province:Henan,1991,Autumn,-0.5472514845680976,5,-0.9903772758471941,-0.78123370987622,-1.4167685585257292,-0.12774197564180764,-0.9826033227019773
Province:Henan,1992,Winter,0.28192719640570235,5,0.4678316927882993,-0.29719072492896564,0.9585364175773015,0.3500263744729734,-0.663949227739028
Province:Henan,1992,Spring,-0.19479937015245247,5,-0.9157650175212214,0.8978072582266979,-0.3630438312084576,0.5791954272334406,0.6234238289606744
Province:Henan,1992,Summer,0.21805572208475893,5,0.2374949995243569,0.5503538701636809,-0.9970243223916716,0.8250012434148708,1.5751605600399194
Province:Henan,1992,Autumn,0.08952707845116994,5,-1.0745938269329451,0.8229088548615393,0.646351521548651,0.8465927357834477,0.8521938167182354
Province:Henan,1993,Winter,0.5284112299948412,5,-0.29306811995213267,0.04020773443787614,1.7444330755958284,0.8777337964040179,0.3531651323643684
Province:Henan,1993,Spring,0.43175434811494,5,-0.7954157260687579,0.2680113846628395,1.511755732597839,0.6843049085541456,1.0261382101543126
Province:Henan,1993,Summer,-0.5138467764971613,5,-0.856446215032128,1.3263755369571946,-0.884840179047474,0.3020516845168843,0.19637636403410602
Province:Henan,1993,Autumn,-0.235145089261025,5,-0.9292831865742975,0.7377878503538702,-0.2475940071359869,-0.12653199078374344,0.8654715885427728
Province:Henan,1994,Winter,0.005758240846810603,5,-0.3874733639355821,-0.6651400658942903,-0.9188805927749703,-0.18783553929970895,0.8578406343500241
Province:Henan,1994,Spring,0.37838913786101214,5,0.8884238610960292,-0.27629616678818714,0.3758748273170543,-0.5245540927614697,0.8759049268652598
Province:Henan,1994,Summer,0.6164347146241672,5,1.369927038335697,-1.4927200481936882,0.06953681672709959,-0.8416667471002414,0.9916564169645924
Province:Henan,1994,Autumn,0.00033581431124993786,5,0.2617349688021058,-0.06059193844696318,0.08441237959179568,-0.9250123251591982,0.5199521098745832
Province:Henan,1995,Winter,0.11704003335274638,5,-0.38721451715897476,-1.4059389193900287,-0.2572073695801879,-0.41327854166060374,0.2369616757734696
Province:Henan,1995,Spring,-0.031618988826046496,5,-0.31300412548463363,-0.4974386350683935,-0.8433540764075117,0.553168027537787,-0.052343404844267666
Province:Henan,1995,Summer,0.44573835251855487,5,-0.840896945765172,-0.7787322593528009,0.6297073082828916,1.8595437806571837,-0.1983946399349298
Province:Henan,1995,Autumn,0.5267172258613685,5,0.0837497361513803,-0.6545021165484648,-0.16513598096336704,2.6035749399692767,-0.5431046823989125
Province:Henan,1996,Winter,0.17615860009491358,5,-0.5607704268936424,-0.4295219428889262,-0.9282206518013354,2.711489982115636,-0.7712278458350166
Province:Henan,1996,Spring,-0.08349802853680591,5,-1.5028063155513023,0.1635411932367501,-0.7396052791051396,2.563271052374052,-0.5748084071648895
Province:Henan,1996,Summer,0.411705693091052,5,-0.16906295502307594,0.8958308983050478,0.8878634478471952,1.825821650917169,0.40973722001901985
Province:Henan,1996,Autumn,0.4512500028846994,5,-0.7727878168356075,-0.17797088971068858,2.4229496810456452,0.6891938310507827,-0.26107657054801203
Province:Henan,1997,Winter,0.08921582687466274,5,0.5150476239941857,-1.1991136388879389,-0.6653017052820173,0.23515325902325482,-0.8379336822500483
Province:Henan,1997,Spring,0.12075438999531589,5,0.18653879946636034,-1.1415739246671261,0.3686930654883731,0.017543890551839973,-1.11057773019712
Province:Henan,1997,Summer,0.20832212626550017,5,1.3021903728906867,-1.3691620467652894,-0.8616628503898555,-0.2503076451499622,-0.5177712927886581
Province:Henan,1997,Autumn,-0.2676903262277879,5,0.49306944405777686,1.0609350405300098,-0.255979800902266,-0.4354969264888296,-0.07910930727561093
Province:Henan,1998,Winter,0.10522431395709028,5,0.11278920592813593,-0.6633197197348508,0.43638079296239185,-0.2890731082767538,-0.3972950405631732
Province:Henan,1998,Spring,0.29841493552335846,5,0.7279143502112918,0.7834922534840878,2.2207260835534552,-0.3791604640328877,-0.29391303863097895
Province:Henan,1998,Summer,0.45539584996913673,5,-0.06691282612350184,-1.2126891037154333,1.8840826177933159,-0.3759306397085922,-0.3769490058309715
Province:Henan,1998,Autumn,0.3814637868663494,5,2.4814756838025755,-1.6737547025561432,-1.4993743494878002,-0.2792583875595874,-0.46927871497958407
Province:Henan,1999,Winter,1.2121230805021381,3,3.1456981253336758,-1.2650729504185796,,,-0.7744018342458411
Province:Henan,1999,Spring,0.25964276814274917,3,-0.010572828058343893,-0.6861848064732236,,,0.10331632601336795
Province:Henan,1999,Summer,0.15897060401805999,3,-0.24906999452630485,-0.18747236843221798,,,0.5385094381482668
Province:Henan,1999,Autumn,0.5561601288866501,3,1.4522102539591202,-0.5143919577988579,,,-0.29812182509802804
Province:Henan,2000,Winter,-0.5718630256255121,3,-0.6768384028270273,0.6960945413291082,,,-0.3426561327204007
Province:Henan,2000,Spring,0.724630626435452,3,1.1136697928602763,-1.614002552122951,,,-0.5537804656768713
Province:Henan,2000,Summer,-0.009567115616740526,3,-0.6655753317971079,-1.1141936523762066,,,-0.47731966742932025
Province:Henan,2000,Autumn,-0.27622756915822805,3,0.053138382969035745,0.7389100279111279,,,-0.14291106253259184
Province:Henan,2001,Winter,0.045346505993951326,3,-0.20990738769631231,-0.41372206735069245,,,-0.06777516167252613
Province:Henan,2001,Spring,0.7968892514627122,3,1.8522186978108954,-1.1319876437194203,,,-0.5935385871421788
Province:Henan,2001,Summer,0.7768638008484419,3,1.218574010929516,-1.1880562786895803,,,-0.07603888707377097
Province:Henan,2001,Autumn,0.19019880123278454,3,-0.3440352788865943,-1.25549051541634,,,-0.34085883283139207
Province:Henan,2002,Winter,0.7000953514829461,3,2.1029960500474463,-0.7496684597164925,,,-0.7523784553151004
Province:Henan,2002,Spring,0.15064790247545715,3,1.2606214430482978,0.6298361608326063,,,-0.17884157478932003
Province:Henan,2002,Summer,0.8332656832919741,3,2.240246959846139,0.47815133432469975,,,0.7377014243544834
Province:Henan,2002,Autumn,-0.1520332203735862,4,0.5526157947627917,1.3612670578458461,-1.1357855202871094,,1.3363039018758192
Province:Henan,2003,Winter,0.013421090395449212,4,-0.3141123872406154,0.6376989646434322,0.6866307910437729,,0.3188649224220716
Province:Henan,2003,Spring,-0.005407803163136604,4,-0.6192977775938682,0.41301611951384154,0.7457650516953322,,0.26491763275983105
Province:Henan,2003,Summer,-0.6636886868023948,4,0.13375368488326184,2.581415756231344,0.31507850210412686,,-0.5221711779656238
Province:Henan,2003,Autumn,0.4590780883404407,4,0.26120645554584765,1.1224965138053402,1.7336789302685847,,0.9639234813526708
Province:Henan,2004,Winter,0.17055163146981253,5,1.2653445302973676,-1.3625999150407857,-0.04112560112974413,-1.4760304989033184,-0.25803018795602795
Province:Henan,2004,Spring,0.24339536643131102,5,1.0730071077298728,-0.9093564347111922,-1.1491902410257995,-1.4262173984053965,1.810020929146686
Province:Henan,2004,Summer,-0.4535823957304993,5,-0.6236964562395161,1.2114920111431076,0.39539004813381823,-0.9888697288819752,0.16075616947828378
Province:Henan,2004,Autumn,-0.47689410428768975,5,-0.7448891166953996,-0.42142317453337597,-1.082872001512915,-0.33819912109892236,-0.6399334566645879
Province:Henan,2005,Winter,-0.930849234743963,4,-0.756417892993418,1.9543084160189952,-0.10145939728779298,,-0.9112112326756459
Province:Henan,2005,Spring,0.30507449846946016,4,0.6512667695966429,-0.5003685586361675,0.5565609041131241,,-0.48789823846809394
Province:Henan,2005,Summer,0.6226738441319648,3,1.391518966526518,0.03801294990879636,,,0.5145155157781729
Province:Henan,2005,Autumn,0.2648629492649344,3,0.6700415726632654,-0.7721953833117454,,,-0.6476481081802075
Province:Henan,2006,Winter,-0.47570114457001517,3,-1.0375063415169377,0.9512553299518958,,,0.561658237758788
Province:Henan,2006,Spring,0.3110338058048348,3,1.2574532845596542,-0.18088934646503396,,,-0.5052412136101836
Province:Henan,2006,Summer,0.49842847176389826,3,1.0395754619079305,-1.078962568058183,,,-0.6232526146744183
Province:Henan,2006,Autumn,0.34115788553665377,3,1.6698583278451837,-0.3556685987864786,,,-1.0020532700217009
Province:Henan,2007,Winter,0.3876974295956414,3,0.8635308005570235,-1.4423347262236148,,,-1.1427732379937143
Province:Henan,2007,Spring,0.8111718004137559,3,2.2963712719673848,-1.22949349733391,,,-1.0923493680600274
Province:Henan,2007,Summer,-0.7240783653091342,3,-0.19608869365434195,0.36207000787290455,,,-1.6140763944001564
Province:Henan,2007,Autumn,-0.3627534532832794,3,-0.4184742777516538,-0.5241746704867242,,,-1.1939607525849085
Province:Henan,2008,Winter,-1.119673505369874,3,-0.584186518375001,1.856617032007044,,,-0.9182169657275773
Province:Henan,2008,Spring,0.2435729001960818,3,0.99697577205933,-1.3959156072097325,,,-1.662172678680817
Province:Henan,2008,Summer,-0.8362700374897519,3,-1.4622972577816638,-0.2091833373223828,,,-1.2556961920099745
Province:Henan,2008,Autumn,0.13454685335151964,3,0.7087564742268978,-1.0918942699120269,,,-1.3970101840843658
Province:Henan,2009,Winter,0.32288679714704044,3,1.5185152829190929,-0.26725069469090634,,,-0.817105586168878
Province:Henan,2009,Spring,-0.27472025021286894,3,0.22826576404352306,-0.38520067327524377,,,-1.4376271879573737
Province:Henan,2009,Summer,-0.2719521133636055,3,0.7111256533600807,-0.18625272710382137,,,-1.7132347205547185
Province:Henan,2009,Autumn,-0.9773554017692628,3,0.8591233590952287,2.3917750688100305,,,-1.3994144955929866
Province:Henan,2010,Winter,-0.8086813925218399,3,0.22983557623290485,0.8532677007843147,,,-1.8026120530141096
Province:Henan,2010,Spring,-1.3084190818555397,3,-1.1657827816754147,1.3428979803844536,,,-1.4165764835067505
Province:Henan,2010,Summer,0.022383366568160607,3,1.2686095430873587,-0.6547932693361099,,,-1.856252712718987
Province:Henan,2010,Autumn,-0.10716117888961245,3,0.48519807816679167,-0.7018850982772512,,,-1.5085667131128802
Province:Henan,2011,Winter,-0.6766126587507212,3,0.5077194359742919,1.335914672189215,,,-1.2016427400372407
Province:Henan,2011,Spring,-0.13069272451305616,3,0.8694067610405399,0.029846385496546144,,,-1.2316385490831623
Province:Henan,2011,Summer,-0.18921567519683,3,0.950001867055906,-0.1605258283383398,,,-1.6781747209847357
Province:Henan,2011,Autumn,-0.597885856510854,3,-0.13349329717478808,0.2850651490588836,,,-1.3750991232988903
Province:Henan,2012,Winter,-1.0622344454984385,3,-1.3986809688406374,-0.5475815331152706,,,-2.3356039007699487
Province:Henan,2012,Spring,-0.08708475340173272,3,0.5536028774948851,-1.1239558511682701,,,-1.9388129888683534
Province:Henan,2012,Summer,0.34283470289195533,3,1.572932948713445,-1.088229635139065,,,-1.632658475176644
Province:Henan,2012,Autumn,-0.56284397758267,3,-0.8764911475445935,-0.7769904646512491,,,-1.589031249854666
Province:Henan,2013,Winter,-1.2020855466556357,3,-0.7400709582337857,0.615352047413384,,,-2.2508336343197377
Province:Henan,2013,Spring,0.3649450827746081,3,2.229764059156042,-0.32119386545385054,,,-1.4561226762860684
Province:Henan,2013,Summer,1.9484485949639279,3,5.010436850600098,-1.4239068433395206,,,-0.5889979090478352
Province:Henan,2013,Autumn,0.09862778330197923,3,0.8850645431298627,-1.0437484311977419,,,-1.632929624421667
Province:Henan,2014,Winter,-0.15522904463770767,3,1.6146786689135078,0.5504049024382579,,,-1.529960900388373
Province:Henan,2014,Spring,0.9686708348759838,3,2.3597441353094224,-1.585901363928184,,,-1.0396329946096554
Province:Henan,2014,Summer,-0.621024199538018,3,-0.23220435015390214,1.038761749094632,,,-0.5921064993655202
Province:Henan,2014,Autumn,0.03834877969783904,3,0.3487290632509244,-0.6538097171869496,,,-0.8874924413443569
Province:Henan,2015,Winter,0.810095687192351,3,1.6112278483220241,-1.5550016365191346,,,-0.7359424232641057
Province:Henan,2015,Summer,0.18926332910957858,3,-0.5981502406467334,0.41828279958041426,,,1.5842230275558833
Province:Henan,2015,Autumn,0.3351517990758061,3,0.3226274033937807,0.3173284197248379,,,1.0001564135584755
Province:Henan,2016,Winter,0.6146812194053052,3,0.7470320537053993,-0.7617731299144412,,,0.3352384745960753
Province:Henan,2016,Spring,0.8365486138177748,3,1.7199785791416633,-1.0096201484305167,,,-0.21995288611885586
Province:Henan,2016,Summer,1.0994774593325947,3,2.2515344115851366,-0.4187513090835097,,,0.6281466573291374
Province:Henan,2016,Autumn,0.9318254430913392,3,2.3455206000255084,-0.10347900604564257,,,0.34647672320286643
Province:Henan,2017,Winter,1.4826840269256873,3,2.884630549592045,-1.7349076481667227,,,-0.17148611698170568
Province:Henan,2017,Spring,0.904409817329527,3,1.7549923623060877,-1.5076748032257505,,,-0.5494377135432574
Province:Henan,2017,Summer,1.1119708984435428,3,2.3611383950736125,-0.056984481790606674,,,0.9177898184664094
Province:Henan,2017,Autumn,0.27883049119615494,3,0.2469713899457486,-0.4992634495442502,,,0.09025663409846607
Province:Henan,2018,Winter,-0.08737308312570284,3,0.11095123943434157,0.4684889499793618,,,0.09541846116791175
Province:Henan,2018,Spring,1.7889970042091248,3,4.372807796699753,-0.7233950325923254,,,0.270788183335296
Province:Henan,2018,Summer,2.3869679630931553,3,3.466986907730374,-1.4995330238785274,,,2.1943839576705644
Province:Henan,2018,Autumn,0.5467165015993424,3,0.6777651019762728,-0.7869069302908731,,,0.1754774725308812
Province:Henan,2019,Winter,-0.4580785999784254,3,0.48448763639288156,0.8770094557706425,,,-0.9817139805575154
Province:Henan,2019,Spring,0.8246171165176114,3,1.7022429656615736,-0.7922688299081592,,,-0.020660446016898894
Province:Henan,2019,Summer,1.7839720068071212,3,2.598830531315247,-1.485200316915088,,,1.2678851721910278
Province:Henan,2019,Autumn,1.3260388919099537,3,2.9018330729611836,-0.8634303778624375,,,0.21285322490624
Province:Henan,2020,Winter,2.088605943263724,4,2.5267712673927507,-1.843079374442199,4.986265375176296,,-1.0016922439563503
Province:Henan,2020,Spring,1.392609313158461,4,2.8746317490444544,-0.9621221626176113,2.0498899119614666,,-0.31620657098968824
Province:Henan,2020,Summer,1.552533957932818,4,1.6181788062053846,0.8632164383049741,4.749750073911825,,0.705423389919036
Province:Henan,2020,Autumn,0.9540647439692035,4,1.3974242533923344,-0.7595243327277829,2.406252025309976,,-0.7469416355532794
Province:Henan,2021,Winter,1.4229827433517026,4,3.079569156401421,-0.70941811224342,2.314010096024552,,-0.4110663912625831
Province:Henan,2021,Spring,1.455529809554249,4,0.8924141899709538,-1.1972369452319012,4.254106393652071,,-0.52163829063793
Province:Henan,2021,Summer,2.671164393552231,4,1.3449997662060371,-0.7595495346133959,7.773445939289898,,0.8066623340995921
Province:Henan,2021,Autumn,1.0733709840635506,3,2.695062404910926,-0.3766423533077921,,,0.14840819397193306
Province:Henan,2022,Winter,0.6436484580043386,3,1.3374918490245087,-1.2326367440053492,,,-0.6391832190168419
Province:Henan,2022,Spring,1.7778342205008422,4,3.538868910022209,-0.6458287290529159,2.4401577294013626,,0.48648151352688096
Province:Henan,2022,Summer,2.983664591934615,4,6.871411562284082,-0.3070740313446984,3.7015098197018603,,1.0546629544078217
Province:Henan,2022,Autumn,1.4355618437247992,4,2.4185814566425043,0.14343019880032945,3.1687658549758777,,0.29833026208114444
Province:Henan,2023,Winter,0.4621061213525536,5,0.7628070451695631,-0.8531604885866625,1.5782401237488497,-0.5389060286624621,-0.34477102207984545
Province:Henan,2023,Spring,1.6343385905048051,5,3.5642313029463213,-0.10476247434398411,4.9842592035432345,-0.9245263824129347,0.44296635410342206
Province:Henan,2023,Summer,1.4957304197754957,5,2.710799071207749,-0.9717081926237126,4.92951759798517,-1.222220440684167,0.0888476777450125
Province:Henan,2023,Autumn,1.2521413381400728,5,3.601374936975794,-1.3571571722473743,2.870682068500573,-1.192778710641177,-0.3757287763822008
Province:Henan,2024,Winter,1.0603716248261121,5,1.8800845798301964,2.228172286887132,6.375754979362577,-1.3369068648896285,0.6110977167145476
Province:Henan,2024,Spring,0.7185054003769681,5,3.1875805468112106,-1.8379179844062685,1.0610088252309202,-1.6697256408206558,-0.8242547137429035
Province:Henan,2024,Summer,2.5161154474580245,5,5.253160159406671,-1.7593143209751168,6.857971467663132,-1.4053934968359176,0.11552478608111877
Province:Henan,2024,Autumn,1.2974110786962931,5,3.961834403931805,-1.3044252502496054,-0.07044911463336417,-0.8108340115614775,2.1020788654948976
Province:Henan,2025,Winter,0.8147664636332987,4,1.3604332512181974,-0.9078435548658557,1.5914935106431825,,-0.6007044621940406
Province:Henan,2025,Spring,2.0494336331388663,4,4.991512170382362,-1.5012138208233374,0.611311190504705,,1.0936973508450618
Province:Henan,2025,Summer,2.9011510921819035,4,7.716578376107104,-1.8698190696104415,0.5164271523454647,,1.5017797706646043
Province:Zhejiang,1981,Spring,0.048186524991253366,4,-0.5830432074092967,-0.20833776143108024,-0.05616316982372489,,0.6236147157669548
Province:Zhejiang,1981,Summer,0.42680951999776073,4,0.4563992050964169,-0.2824319802342717,-0.8083304891379587,,1.776737383798313
Province:Zhejiang,1981,Autumn,0.21173384595719358,4,-1.2808098935252326,3.3894858905708274,2.643017287447958,,2.874213880476877
Province:Zhejiang,1982,Winter,-0.10015290419181583,4,-0.6756785293142843,0.22365345192007097,,-1.3179153991822148,1.8166357636493065
Province:Zhejiang,1982,Spring,-0.36178957186648447,5,-0.4565905663274012,0.47456004546739855,-1.5267287456982377,-1.5814921164590483,2.230423614619663
Province:Zhejiang,1982,Summer,-0.7793330485054485,5,-1.8292556007766312,1.3025586996466227,-0.062398813869274095,-1.663863852360873,0.9614117241261593
Province:Zhejiang,1982,Autumn,-0.34835861867979123,5,-0.5406450020938389,-0.8351335834524451,-0.06321198176559219,-1.4999068585207258,-0.4731628344712445
Province:Zhejiang,1983,Winter,-0.21251913887128193,5,-1.497894632822982,0.46434015991354805,0.7596182138414532,-1.0999911872475143,1.2400120717861816
Province:Zhejiang,1983,Spring,0.3612929127839111,5,-0.22694691593308194,-0.21755709347978391,0.827054217932987,-0.38117899646033515,1.3699791649002018
Province:Zhejiang,1983,Summer,0.06485455945158344,5,-0.6434974255175334,0.701312419690975,0.41866566607400374,0.5579199825930073,0.6924969937994145
Province:Zhejiang,1983,Autumn,0.6153941202344285,5,-0.1570633280236654,-1.1093127468005493,0.7326986530100751,1.340974949369217,0.05104758001596641
Province:Zhejiang,1984,Winter,-0.5396140313708058,5,-2.105754977978451,2.7094057360838333,-0.7030901645245438,1.6654955411948222,1.1546851805379765
Province:Zhejiang,1984,Spring,0.1007200831328274,5,-1.2527915099790057,0.8952517183658723,0.35635749326057853,1.4310274301562127,0.8642587205922238
Province:Zhejiang,1984,Summer,0.2969870224089837,5,-0.7811950220067707,-0.9606775374193496,-0.22871670025900043,0.9531430465389563,0.5810262503523838
Province:Zhejiang,1984,Autumn,0.19365119405837966,5,0.19441162435898576,0.17855521973109634,0.6583391331170887,0.37645917701012227,-0.08239874446320203
Province:Zhejiang,1985,Winter,-0.11993269534547579,5,-0.16928606279624106,1.5740482541326934,-0.08666482616020107,-0.029287966981184483,1.2596236333429411
Province:Zhejiang,1985,Spring,-0.29450979316281745,5,-0.5162795872764189,0.32808236898703474,-1.6309023720073543,-0.5098480925387919,1.5125634549955127
Province:Zhejiang,1985,Summer,-0.014744200460955436,5,-1.3970677275836527,-0.1360064342156794,0.0987601115188485,-1.0090258155815277,2.097605995125875
Province:Zhejiang,1985,Autumn,-0.021961008592820373,5,0.580856395561051,-0.32015825808321513,0.2561409084121177,-1.3226229995146195,0.05566239449413402
Province:Zhejiang,1986,Winter,-1.1132916793039311,5,-1.9039179716871435,1.624658850412294,-1.384745823229141,-1.3392964198229729,0.6861606686318954
Province:Zhejiang,1986,Spring,-0.19385299644144138,5,-0.14492768653626872,0.05159313946378034,0.3613131818297173,-1.1496599658310023,0.015602627794127138
Province:Zhejiang,1986,Summer,-0.4061432027543804,5,-0.7057214026073703,-0.7212283530007293,-0.8222598177647035,-0.7433513160050411,-0.48061183039551647
Province:Zhejiang,1986,Autumn,-0.3969334104021036,5,-1.2070448824129314,1.6228413132681203,0.5193532076132802,-0.26269764943101576,0.5885635854882696
Province:Zhejiang,1987,Winter,0.3482064898096794,5,0.9821171295289166,-0.6955976246134755,-1.610038147244258,-0.022873463173762418,1.6962293053240254
Province:Zhejiang,1987,Spring,0.009567971655683304,5,-0.043659752346084206,2.1581874229698346,-0.01229001453422892,0.138160708785364,2.1238163393432004
Province:Zhejiang,1987,Summer,-0.6319870658826643,5,-0.7126716533678091,1.039756955617471,-1.1869969190617624,0.32554013836485346,-0.5460499397311326
Province:Zhejiang,1987,Autumn,0.3388600606833462,5,0.6064204096566302,1.102613793797059,0.8624760497213366,0.4509243624509076,0.8770932753849153
Province:Zhejiang,1988,Winter,0.23241502636491324,5,0.10352136557342144,0.7696297520126891,-0.059029795610989616,0.7112868038398842,1.1759265100349394
Province:Zhejiang,1988,Spring,-0.07145230339343027,5,-0.7684505238046897,1.696029686474578,-0.032158993703149355,1.3469365712883303,0.7924411157269355
Province:Zhejiang,1988,Summer,0.3553303441682751,5,1.2668469286041981,-0.12970646820411097,-1.0945800016807496,1.9378678862754117,-0.4631895605615959
Province:Zhejiang,1988,Autumn,-0.13370057082763198,5,-1.3077662884551768,-0.13420053948861016,-1.8146086582794416,2.202019009515629,0.11765254359221937
Province:Zhejiang,1989,Winter,0.33587391991471766,5,-0.32157361439535026,-0.39347666759255157,-0.41216089765581887,2.307710882348498,-0.2880834383162923
Province:Zhejiang,1989,Spring,0.06838957159163936,5,-1.1247750358223512,0.4203483254288143,0.7038824402470879,2.1076696717885595,-0.9244808928262852
Province:Zhejiang,1989,Summer,-0.10914316734232928,5,-0.6105698424100747,2.6343808922402205,1.1376039213080604,1.509006280321092,0.05262469630949669
Province:Zhejiang,1989,Autumn,-0.09381710136668592,5,-0.3670172804899867,0.9849776329846668,-0.34372164213704776,0.7411996528776031,0.4854313959006686
Province:Zhejiang,1990,Winter,0.40853649841720213,5,-0.077493139932242,-0.7811045069515895,1.2682378534606937,0.32295055809054957,-0.2521172864845803
Province:Zhejiang,1990,Spring,-0.2025119981895799,5,-0.4672939983940132,-0.4080226955465978,-0.9331172364960393,-0.02083071533406285,0.0006592637296179261
Province:Zhejiang,1990,Summer,0.3528036360055658,5,0.33222816172575564,-1.2191434545288784,-0.9134141482951699,-0.47622624848637707,1.6022869605547418
Province:Zhejiang,1990,Autumn,0.2847317005242254,5,-0.8315852199657033,-0.020886573740549606,1.2661066817298265,-0.8263226959722593,1.7945731630887136
Province:Zhejiang,1991,Winter,-0.26970095270377803,5,-0.8215020789472961,-0.9458718452229952,-0.07549069390078021,-0.8589639250324687,-0.5384199108613402
Province:Zhejiang,1991,Spring,0.06329967979149584,5,0.7609756474030921,0.9968482740885389,1.655535093907637,-0.7799048720177318,-0.323259196246979
Province:Zhejiang,1991,Summer,-0.2697501754742159,5,0.12035270989877539,-0.12614089340029794,-0.24400524579658397,-0.5938084486462181,-0.7574307862273509
Province:Zhejiang,1991,Autumn,-0.4094629063126393,5,-1.1168478952507197,-0.4501299895337762,-0.1675251377765855,-0.3371652160954788,-0.8759062719741889
Province:Zhejiang,1992,Winter,0.14046438666426989,5,0.4760423686898203,-0.4886552607206858,0.44335610375947737,-0.07440497254951502,-0.6313268272991189
Province:Zhejiang,1992,Spring,-0.03268869972672396,5,-1.0275738491600885,0.16781922205725044,0.9644872521027057,0.1722701508701655,-0.10480783038915191
Province:Zhejiang,1992,Summer,-0.3811514672714046,5,-0.7274834568881764,2.0354169544718723,0.7909396784630673,0.4587850026278568,-0.3925816060878982
Province:Zhejiang,1992,Autumn,-0.06057000472453762,5,-0.9043333587341776,0.9609768432133108,0.04504209731216384,0.656121549624508,0.8612965313881285
Province:Zhejiang,1993,Winter,0.2486675548841931,5,0.5408569119921939,0.02914719030800596,-0.2696715131821615,0.7236221097234817,0.27767745619545736
Province:Zhejiang,1993,Spring,0.1460350829409872,5,-0.32738184116794045,0.5990270121026215,1.5155744662780997,0.5461803732684697,-0.4051705715710714
Province:Zhejiang,1993,Summer,-0.18867554057082603,5,-0.7487288565252017,1.4920555335151662,2.021778158069765,0.2641119010928686,-0.9884833719763961
Province:Zhejiang,1993,Autumn,-0.38462241356018184,5,-0.10249127181409316,0.7049785763975767,-0.33092085374087893,-0.03327493570770895,-0.7514464301406516
Province:Zhejiang,1994,Winter,0.04040156792033904,5,-0.6728766399243628,-0.22389518306626424,0.20769335286133273,-0.07749217597605815,0.5207881195745192
Province:Zhejiang,1994,Spring,-0.05554549439183241,5,0.5944927619577023,-0.36560993811109765,-1.0598852530906122,0.07493427824270063,-0.2528791971800504
Province:Zhejiang,1994,Summer,0.8396502351718595,5,1.3200860834870165,-0.83468091470844,0.6449734038550963,0.24291195316006486,1.1555988206486802
Province:Zhejiang,1994,Autumn,-0.08499040789550358,5,0.2899687069086022,0.2158829368827872,-0.22299290633401422,0.3623609690961377,-0.6384058722654564
Province:Zhejiang,1995,Winter,0.16681750084420027,5,-0.7992575330740409,-1.18059333763968,0.6388189564595863,0.4724832442620407,-0.6585505010662648
Province:Zhejiang,1995,Spring,0.03772416973232946,5,-1.1722483883155894,0.15794640629817766,1.5584277504191817,0.5489185884270654,-0.5885306955708327
Province:Zhejiang,1995,Summer,0.04765311358451346,5,-0.7386413331452077,0.20036347719380435,1.0854950080485022,0.5748010748824331,-0.48302570466935596
Province:Zhejiang,1995,Autumn,-0.24420900505139315,5,0.01674372549038176,-0.08133413380066264,-1.1111163932657349,0.515793836529701,-0.7238003278119762
Province:Zhejiang,1996,Winter,-0.7011350061981094,5,-1.0236778846559558,1.1909431113376094,-1.23671389982068,0.4594640051837558,-0.5138041403600575
Province:Zhejiang,1996,Spring,-0.8791441244713634,5,-1.4557416052275038,2.6455077677646046,-0.3402014577235784,0.12976607054099107,-0.08403586218212031
Province:Zhejiang,1996,Summer,0.3100741895797689,5,-0.22676251600724023,-0.6674364762333356,1.1220753338746048,-0.27766515940292824,0.26528681320107256
Province:Zhejiang,1996,Autumn,-0.1801261669264044,5,0.21409017378447168,-0.9154351433768075,-0.8280333150400856,-0.6122663438863067,-0.5898564928669088
Province:Zhejiang,1997,Winter,-0.61440529496662,5,0.13938928369567516,-0.31270834626038796,-1.3669156810554923,-0.9711453775976776,-1.1860630461359933
Province:Zhejiang,1997,Spring,-0.5018389661478565,5,1.2860808575053253,-1.2130622171788819,-1.8954621390965753,-1.294835458674045,-1.8180403076528697
Province:Zhejiang,1997,Summer,-0.382015261935734,5,-1.0354373082316681,0.330520215667985,1.454779717851156,-1.4912160892482904,-0.5076824143818822
Province:Zhejiang,1997,Autumn,-0.9446922984960306,5,-0.3733108135908087,1.220449110457491,-0.36493924526936755,-1.4569523851791117,-1.3078099379833736
Province:Zhejiang,1998,Winter,-0.058509400014196876,5,0.040190106741680554,-0.14305032766879863,1.253045415505035,-1.307041952824553,-0.4217908971619457
Province:Zhejiang,1998,Spring,0.43067566477879166,5,2.6196819076815654,-0.7335504639548623,0.3546663115394261,-1.4399406987258285,-0.11457966055606708
Province:Zhejiang,1998,Summer,-0.5062245135410318,5,0.9943126958986723,-0.24110473067650154,-0.9365665600936598,-1.4226617109440602,-1.4073117232426127
Province:Zhejiang,1998,Autumn,-0.3543167702463033,5,-0.26362092645700413,-1.2475016067008258,-0.5332660284559335,-1.2018306204130351,-1.0203678826063696
Province:Zhejiang,1999,Winter,0.708184319347834,3,2.2902281157799385,-1.3670198536985112,,,-1.5326950114349476
Province:Zhejiang,1999,Spring,-0.12641290942097913,3,-0.27748363945239596,-0.6439775981413086,,,-0.74573268695185
Province:Zhejiang,1999,Summer,-1.4630124188776605,3,-1.6233676290431103,1.363483847341759,,,-1.4021857802481128
Province:Zhejiang,1999,Autumn,0.31320208832654767,3,0.9658009223074879,-0.36160081505942054,,,-0.38779547238726547
Province:Zhejiang,2000,Winter,-0.32020170242240686,3,-0.8474217247365848,0.5254546434446405,,,0.41227126091400473
Province:Zhejiang,2000,Spring,0.2082830396856129,3,-0.5755323193185352,-1.3461052811643737,,,-0.14572384278899975
Province:Zhejiang,2000,Summer,0.23372596911562835,3,-0.575799365811888,-0.015307328214603878,,,1.261669944944169
Province:Zhejiang,2000,Autumn,0.81707368838186,3,-0.16213352102638692,-0.25922659990534513,,,2.354127986266622
Province:Zhejiang,2001,Winter,1.1923317670677085,3,1.341135631796223,-1.3472278505261643,,,0.8886318188807384
Province:Zhejiang,2001,Spring,0.2016956058309662,3,-0.09363255519325553,-1.142118574092532,,,-0.4433992014063778
Province:Zhejiang,2001,Summer,-0.35870074575058947,3,-0.10802146354609787,0.21273415761094042,,,-0.7553466160947301
Province:Zhejiang,2001,Autumn,-0.04113515932065407,3,-1.2258828459523379,-0.821767940174287,,,0.28070942781608865
Province:Zhejiang,2002,Winter,0.636690625375453,3,0.9567854439205953,-1.1986473354542775,,,-0.24536090324851395
Province:Zhejiang,2002,Spring,0.9110419076158264,3,2.3844988506215876,-0.705210119040103,,,-0.3565832468142116
Province:Zhejiang,2002,Summer,-0.10673645876807762,3,0.0032295622331326907,0.6956285266320195,,,0.37218958809465397
Province:Zhejiang,2002,Autumn,-0.02835136748693105,4,-0.9261472696730898,0.36001411852686355,1.0887414128542763,,0.08401450539795292
Province:Zhejiang,2003,Winter,0.42425525691758714,4,0.34241668072799336,0.015238771249844045,0.8700980011955725,,0.4997451169966266
Province:Zhejiang,2003,Spring,0.6326927676166748,4,-0.10823087811352895,-0.9565701882865643,-0.007109599323254026,,1.689541359616918
Province:Zhejiang,2003,Summer,0.6195375790558272,4,2.226900486572409,-1.087404051369053,-1.1921639724564514,,0.3560097507382979
Province:Zhejiang,2003,Autumn,0.24529583722039,4,1.876083946156115,-0.33847641495592057,-1.697561476323339,,0.4641844640928637
Province:Zhejiang,2004,Winter,-0.017815765914716584,5,0.3905327255462275,-0.7245929251597033,-0.46410022968089193,0.43539969574489346,-1.1755039463435153
Province:Zhejiang,2004,Spring,0.3916861047222554,5,0.6435197546775919,-0.7932527473345475,-0.30121726217607425,0.6618270726729963,0.16104821110221543
Province:Zhejiang,2004,Summer,0.03202330799016441,5,-0.03881337997681125,-0.8999121015171413,-1.285638330647787,0.8537313748187734,-0.2690752257604944
Province:Zhejiang,2004,Autumn,-0.16709220753589246,5,-0.9862401093976813,-0.3800568457814695,-0.5940177928301017,0.907186198246433,-0.5424461794795818
Province:Zhejiang,2005,Winter,0.2905507515555891,4,-0.4731284595940541,0.48855673554455153,2.227753774981808,,-0.1038655736208459
Province:Zhejiang,2005,Spring,-0.11876898348169315,4,0.4167685277700746,0.20009493501996997,-0.5020619638445901,,-0.18968756283228716
Province:Zhejiang,2005,Summer,0.7316390902430427,3,0.6608810573926919,-0.150393165089241,,,1.383643048247195
Province:Zhejiang,2005,Autumn,1.3940175742218808,3,2.551817414573587,-1.3191854990489007,,,0.31104980904315505
Province:Zhejiang,2006,Winter,0.031950758982632964,3,0.08037651049029786,0.9453183466634311,,,0.9607941131210321
Province:Zhejiang,2006,Spring,0.04655007748259887,3,0.5201422686173286,-0.40152636295955135,,,-0.7820183991290833
Province:Zhejiang,2006,Summer,0.7828945820986292,3,1.1266998624500064,-1.1313275452782028,,,0.0906563385676782
Province:Zhejiang,2006,Autumn,0.2819903813174758,3,1.8051195235208906,-0.7024668129055,,,-1.6616151924739633
Province:Zhejiang,2007,Winter,0.22958471564975688,3,0.9116940225892289,-1.5796132856857001,,,-1.8025531613256585
Province:Zhejiang,2007,Spring,0.6446579602536422,3,1.7652989197591633,-0.748631635303235,,,-0.5799566743014715
Province:Zhejiang,2007,Summer,0.7603269892652239,3,1.593446659021147,-1.2753264362385777,,,-0.5877921274640527
Province:Zhejiang,2007,Autumn,0.34364647450071456,3,0.41839037652064215,-0.8052167232557407,,,-0.19266767627423922
Province:Zhejiang,2008,Winter,-0.5433658092342716,3,0.051504332793853906,0.8769312834812826,,,-0.8046704770153862
Province:Zhejiang,2008,Spring,-0.2907826262640436,3,-0.1642050020668474,-1.200411662249848,,,-1.9085545389751315
Province:Zhejiang,2008,Summer,0.14508837937761523,3,0.2140170543873541,-1.00756944432996,,,-0.7863213605844684
Province:Zhejiang,2008,Autumn,0.6730093391004389,3,1.7339589786533929,-1.2393286490337183,,,-0.9542596103857944
Province:Zhejiang,2009,Winter,0.188447905847503,3,1.385151459340166,-0.04275962620662517,,,-0.8625673680042821
Province:Zhejiang,2009,Spring,0.2752174118604953,3,0.6800841203025353,-0.9781555934742479,,,-0.8325874781952971
Province:Zhejiang,2009,Summer,0.3043390092988065,3,1.4456084106680467,-0.3933122126702702,,,-0.9259035954418974
Province:Zhejiang,2009,Autumn,-0.16238889038332002,3,0.28813367939464124,0.6090391253017916,,,-0.16626122524280967
Province:Zhejiang,2010,Winter,-0.06725835320702056,3,1.3575211606527602,-0.012512310037082457,,,-1.5718085303109044
Province:Zhejiang,2010,Spring,-0.9798263681097475,3,-0.8847547544516754,1.2708036072601328,,,-0.7839207426174344
Province:Zhejiang,2010,Summer,-0.14170846911027177,3,0.7420251060096211,-0.7291021523002004,,,-1.8962526656406369
Province:Zhejiang,2010,Autumn,-0.20396022520324866,3,0.21114402997595036,-0.008395686033852436,,,-0.8314203916195488
Province:Zhejiang,2011,Winter,-1.0373821084477919,3,-0.4750686708259029,2.0866279645011225,,,-0.5504496900163502
Province:Zhejiang,2011,Spring,-0.4609426565584694,3,0.07626540867823123,0.5737892353523916,,,-0.8853041430012478
Province:Zhejiang,2011,Summer,0.16497163228643216,3,0.48299621658261327,-1.0498949778911357,,,-1.0379762976144524
Province:Zhejiang,2011,Autumn,0.14116493828597532,3,0.9860514943048528,-0.3353456698782063,,,-0.8979023493251331
Province:Zhejiang,2012,Winter,-1.176909285440982,3,-1.899493224917767,0.46382151186116893,,,-1.16741311954401
Province:Zhejiang,2012,Spring,-0.14646913519848637,3,0.6801611975381874,-0.6815077965135118,,,-1.8010763996471582
Province:Zhejiang,2012,Summer,0.1100216796973098,3,0.43412019330205587,-0.8901679402505571,,,-0.9942230944606837
Province:Zhejiang,2012,Autumn,-0.9429864823126936,3,-1.0657661314710072,0.12006595684350664,,,-1.6431273586235668
Province:Zhejiang,2013,Winter,-0.1165822194050052,3,0.49967526571322085,0.1917239112535738,,,-0.6576980126746627
Province:Zhejiang,2013,Spring,0.22059417553348562,3,1.1501419071709207,-0.46640326859477155,,,-0.9547626491652352
Province:Zhejiang,2013,Summer,1.2571901486564694,3,3.4413564137678088,-1.1474356886669619,,,-0.8172216564653624
Province:Zhejiang,2013,Autumn,0.4762361614744884,3,0.6066108872056792,-0.39595987540380434,,,0.4261377218139818
Province:Zhejiang,2014,Winter,-0.12421344782637607,3,0.5920616805886568,0.05686399437997464,,,-0.9078380296878104
Province:Zhejiang,2014,Spring,0.08185427437261339,3,0.7898800733632164,-1.162602432600506,,,-1.7069196828458821
Province:Zhejiang,2014,Summer,-1.064429236966684,3,-1.00794362916677,0.5613986066369275,,,-1.6239454750963538
Province:Zhejiang,2014,Autumn,0.6198404649589926,3,1.3839335152039902,-1.0882487568476618,,,-0.6126608771746743
Province:Zhejiang,2015,Winter,-0.08088545673239626,3,-0.1453037368651672,-1.0400035325329753,,,-1.1373561658649969
Province:Zhejiang,2015,Summer,-0.9219895483920234,3,-0.5253190984253451,1.4601983199265105,,,-0.7804512268242149
Province:Zhejiang,2015,Autumn,-0.40152071966762676,3,0.5911547902045601,-0.1453405109079493,,,-1.9410574601153898
Province:Zhejiang,2016,Winter,-0.20388716098953172,3,0.47522919581552026,-0.24972659493246396,,,-1.3366172737165793
Province:Zhejiang,2016,Spring,-0.11568730734435066,3,0.6835222635642464,-0.8064874456786104,,,-1.8370716312759088
Province:Zhejiang,2016,Summer,0.6516251676895628,3,2.8649782159723,-0.9650817792084273,,,-1.8751844921120386
Province:Zhejiang,2016,Autumn,1.3651736639704162,3,2.9223866811720023,-0.8470905638105861,,,0.32604374692866095
Province:Zhejiang,2017,Winter,1.0333548392400262,3,2.678314171710147,-1.6090102224529916,,,-1.18725987644306
Province:Zhejiang,2017,Spring,0.09394182507006181,3,1.2811771029517107,-1.5593486380308286,,,-2.558700265772354
Province:Zhejiang,2017,Summer,0.8464125287391391,3,3.1432463511730377,-0.8975089055074768,,,-1.5015176704630968
Province:Zhejiang,2017,Autumn,1.1508332693973953,3,1.19596816778022,-1.2381982461893053,,,1.0183333942226604
Province:Zhejiang,2018,Winter,-0.6741534090728655,3,-0.4823172560882887,0.13368932765340488,,,-1.406453643476903
Province:Zhejiang,2018,Spring,1.8655788971420337,3,5.011181280406877,-1.49509860422772,,,-0.9095431932084957
Province:Zhejiang,2018,Summer,0.43648402631721894,3,1.262588171334153,-1.4746095678885105,,,-1.4277456602710068
Province:Zhejiang,2018,Autumn,-0.13453779469323632,3,0.71165830376747,-0.5539560968416042,,,-1.669227784688783
Province:Zhejiang,2019,Winter,0.5059772791403714,3,0.9863303192067838,-0.8295733044837518,,,-0.29797178626942167
Province:Zhejiang,2019,Spring,0.16599090608138956,3,1.1096823069577888,-1.2244090774384508,,,-1.836118666152071
Province:Zhejiang,2019,Summer,-0.2202027053936696,3,0.8599144596858143,0.19030554031664135,,,-1.3302170355501817
Province:Zhejiang,2019,Autumn,0.3297951690814806,3,0.48097706448092226,-1.269027249848116,,,-0.7606188070845967
Province:Zhejiang,2020,Winter,2.6185590094169764,4,4.069018275418856,-1.6474880649091512,5.972524921877978,,-1.2147952245380815
Province:Zhejiang,2020,Spring,1.8901782755874148,4,2.036012002241538,-1.091423416092044,6.738233202950284,,-2.3049555189342072
Province:Zhejiang,2020,Summer,1.9722115844501542,4,2.6365024320391672,-0.8164401387510899,6.621676406226562,,-2.1857726392162014
Province:Zhejiang,2020,Autumn,0.34810282280641947,4,0.1212825201836962,-1.1054177787576813,2.005311013313783,,-1.8396000210294825
Province:Zhejiang,2021,Winter,0.6544140885250027,4,3.841217239682365,-0.2857140436650087,-0.2830994223905821,,-1.2261755068567812
Province:Zhejiang,2021,Spring,2.56266422031889,4,1.9269116576127783,-1.6944218316132391,8.40335313781261,,-1.7740297457630685
Province:Zhejiang,2021,Summer,3.4427052436227705,4,1.0389425601817937,-0.6409147756257183,11.801708655287992,,0.28925498339557754
Province:Zhejiang,2021,Autumn,1.1331222272859691,3,3.7132374994406185,-0.40604166625356836,,,-0.7199124838362793
Province:Zhejiang,2022,Winter,0.0725093844921368,3,0.0057725219682961335,-1.250848780519454,,,-1.0390931490113395
Province:Zhejiang,2022,Spring,2.5335549522555185,4,2.3023375650036,-0.4899537625209241,8.567384381839032,,-1.2254559003414816
Province:Zhejiang,2022,Summer,2.0797220061392667,4,6.331038328920456,-1.3679859908101224,1.542764283956065,,-0.922900579129576
Province:Zhejiang,2022,Autumn,2.0955272605848747,4,2.017461791315706,-0.3534338591422684,5.307982572834761,,0.7032308190467643
Province:Zhejiang,2023,Winter,1.1265214656388776,5,0.682003388649133,-0.4715304240928839,5.2806529908836275,0.08756411685857206,-0.8891435922898284
Province:Zhejiang,2023,Spring,1.2019883602525272,5,2.553939070595995,-1.0633555972975266,3.6630737014337855,-0.2633085656226131,-1.0071180024420578
Province:Zhejiang,2023,Summer,1.292209043231649,5,2.2561224542484917,-0.9464631999240718,4.278635491086738,-0.6402377074543764,-0.3799382216466791
Province:Zhejiang,2023,Autumn,0.9783898683513641,5,2.851701415459639,-1.1929090250007761,2.9245464637404814,-0.8945635073367335,-1.1826440551073438
Province:Zhejiang,2024,Winter,0.629562860491086,5,2.0168234574709647,0.7316322062899859,3.995218208116915,-1.0422560361246573,-1.0903391207178073
Province:Zhejiang,2024,Spring,0.650251876000254,5,1.1509690736513432,-1.2099658310763584,4.124665770551549,-1.3640809329347288,-1.8702603623432519
Province:Zhejiang,2024,Summer,0.9423703213243154,5,6.03760392698655,-1.1143599436019214,-0.7419080940512405,-1.5355118273784467,-0.16269234253720768
Province:Zhejiang,2024,Autumn,1.8394991293180947,5,4.224070339069053,-1.7589442698048021,5.520179759994464,-1.471927700809311,-0.8337710214685341
Province:Zhejiang,2025,Winter,-0.04721781696799221,4,0.1477349106222469,-1.2775998621003168,0.3907434964123822,,-2.004949537006915
Province:Zhejiang,2025,Spring,1.760006926764022,4,3.396567462831683,-0.934467991256814,4.4936441016318485,,-1.7846518486642562
Province:Zhejiang,2025,Summer,2.222237515834754,4,4.244103291607622,-1.515275999197279,3.424308335730201,,-0.2947375631960861
Province:Hainan,1981,Spring,0.6111324199621748,4,-0.5167634999041143,-0.7008863159124173,1.6734449730464018,,0.5869618907939942
Province:Hainan,1981,Summer,0.1483810820299598,4,-0.6593155011026159,0.11346195490645032,-0.7649482851380357,,2.131250069266941
Province:Hainan,1981,Autumn,0.08012619379894707,4,-0.3162783334087891,0.9407349843912219,1.1415295123378981,,0.4359885806579011
Province:Hainan,1982,Winter,-0.43467249090123955,4,-1.073755303865985,0.25859574015979997,,-1.7200532674552547,1.3137143478760815
Province:Hainan,1982,Spring,-0.7203044395646389,5,-1.1001733264422477,0.40236141053213476,-0.5612691730095514,-2.2583634304318725,0.7206451425926117
Province:Hainan,1982,Summer,-0.6824649161257976,5,-0.6530614697527573,0.4858801430268017,0.35806512677362995,-2.458661576082793,-0.1727865185402662
Province:Hainan,1982,Autumn,-0.1438958237648971,5,-0.8480740722618715,-0.6821619947490616,1.2021838531453024,-2.144069164024524,0.3883182695675461
Province:Hainan,1983,Winter,-0.2397427752122608,5,-0.9569593042393711,1.9150796977294333,2.331910806231105,-1.398124799026717,0.7395391187031123
Province:Hainan,1983,Spring,-0.2272591999561418,5,-0.59611302403573,0.4607244289089107,-1.0931567913082287,-0.7108408320542017,1.7245390765263622
Province:Hainan,1983,Summer,0.30006199240953896,5,-0.03119864730159445,-0.16479745700736226,-0.8830244360839553,0.3777602024932563,1.871975385932626
Province:Hainan,1983,Autumn,0.09766844460771304,5,-0.19620713217742644,-0.3897175426067351,-1.0428633002083363,1.2736232918885941,0.06407182092899875
Province:Hainan,1984,Winter,-0.821817312365513,5,-1.438336201995845,2.8089308701143256,-1.250097948207035,1.7512375361066195,-0.3629590776169783
Province:Hainan,1984,Spring,0.19183367883332716,5,-0.8745044722513509,0.22962943634369046,0.20407876027659833,1.4389065821884817,0.42031696029659704
Province:Hainan,1984,Summer,-0.9115484278431898,5,-1.2799192861028608,2.163605630818504,-1.3601115527651617,0.7153451726652135,-0.46945084219463645
Province:Hainan,1984,Autumn,-0.5579761187245087,5,-1.0888687588112405,0.022175682645672427,-1.1537865905752465,-0.07404101501485658,-0.4510085465755275
Province:Hainan,1985,Winter,-0.3258488201795643,5,-0.3172663118604305,0.3082616499255683,-0.5330918671421067,-0.3795118078132359,-0.09111246415648017
Province:Hainan,1985,Spring,-1.0988961659885605,5,-0.9310727834587945,3.191411332741957,-0.5566662541951758,-0.6997102112364092,-0.11562024831046593
Province:Hainan,1985,Summer,-1.0028920899023548,5,-0.9426882683095769,1.4423641185915312,-1.5407944193321894,-0.9568155433339457,-0.13179809994453068
Province:Hainan,1985,Autumn,-0.5859498329416786,5,-1.0703840340149071,0.8763531086911517,-0.1157374192268607,-0.9943010920983213,0.12702648932284796
Province:Hainan,1986,Winter,-0.4956265831701412,5,-0.9580224160995108,-0.15523951961597207,-1.0012132482824492,-1.0642825260861943,0.3901457550014762
Province:Hainan,1986,Spring,0.23066104759748463,5,-1.0657156932527057,-0.22594863365168938,3.010209298277415,-0.7568496990331767,-0.26028730165579883
Province:Hainan,1986,Summer,-0.5116999740446276,5,-0.7959059614674746,0.2348523411882629,-0.4332081422630633,-0.17593726406287363,-0.9185961612414641
Province:Hainan,1986,Autumn,-0.666874908983554,5,-1.2715334803805163,1.1955779300063423,-1.166207459938548,0.3778807387531845,-0.07893641334554805
Province:Hainan,1987,Winter,0.2142481753656586,5,-0.9545588931969584,-1.1888425522589496,0.627038164457443,0.8016958347229761,-0.5917767814141174
Province:Hainan,1987,Spring,0.5812257270646889,5,1.7511912545037953,-0.6123009806755423,-0.6212251766881208,0.6076779000240609,0.5561836768081666
Province:Hainan,1987,Summer,0.21298041825983885,5,0.40562271827084184,-0.6238243483833835,-1.5004493337097413,0.2272342426395533,1.3086701157151568
Province:Hainan,1987,Autumn,0.0931804587425645,5,1.1881985554748007,-0.37946256968554987,-0.7272869566638287,-0.1579422668363815,-0.21652960794731776
Province:Hainan,1988,Winter,-0.14572797879281527,5,0.2517214713212372,0.31762999338316095,-0.2997122667327903,-0.00265742075153541,-0.36036168441782684
Province:Hainan,1988,Spring,-0.5174144160223481,5,-0.06055151556944152,1.8191097039220505,-0.47988368428325695,0.3078945158879931,-0.5354216922249844
Province:Hainan,1988,Summer,-0.23255439078363063,5,-0.2478764422941619,-0.31198388889881684,-0.6580819897097492,0.6670241659489545,-1.2358215767620135
Province:Hainan,1988,Autumn,-0.02552990196878413,5,-0.4591142744253217,1.818337183436237,0.5907393130534543,0.8537268839665452,0.7053357509976383
Province:Hainan,1989,Winter,-0.11564308238500705,5,-0.6344683045333593,0.4735219354917085,-0.2015459585354756,0.7426354433918094,-0.011314656756301255
Province:Hainan,1989,Spring,-0.10041295517054152,5,-1.3331082362916513,-0.2910980296297497,0.47722729075617165,-0.10381579453086824,0.16653393458389068
Province:Hainan,1989,Summer,-0.5940465476230845,5,-1.1755301112837633,0.6663219656512372,-0.48919952894115487,-1.057279205181907,0.4180980729426399
Province:Hainan,1989,Autumn,-0.0982868603463922,5,-0.7679777899226481,-0.514552011358256,0.802611979442737,-1.6961627732330165,0.6555422706227106
Province:Hainan,1990,Winter,0.011435964434208773,5,-0.2792534888574216,-0.3910313551938456,1.5848568107827246,-1.4447022506170673,-0.1947526043310374
Province:Hainan,1990,Spring,-0.5917492908637308,5,-0.4592436952046741,0.6154244718127424,-0.022666322274544327,-1.2081510757752754,-0.6532608892514181
Province:Hainan,1990,Summer,-0.007141471273525541,5,-0.43004165672798406,-0.2041580458193078,0.9025115166705515,-0.6959315844773566,-0.01640367765214637
Province:Hainan,1990,Autumn,0.30240016519130714,5,-0.34329772482230864,-0.8871157024495481,1.080495306399694,-0.09908144301804601,-0.013231015052351849
Province:Hainan,1991,Winter,-0.1136973703680116,5,0.39553664400585564,-1.0133213972919861,-1.6694176383709827,0.5202901838740936,-0.8282174386410107
Province:Hainan,1991,Spring,0.3215305993692904,5,0.8568250049065977,-0.3727141220744964,-0.3698553710052491,0.8714813325289685,-0.1235120916583614
Province:Hainan,1991,Summer,0.27317840798746706,5,-0.971627965727501,0.13989166057460528,0.7998443159790967,1.1591043729044541,0.5184629773558908
Province:Hainan,1991,Autumn,-0.24138973044964804,5,-0.6621953047914683,-0.39558088108949246,-1.0820152594946046,1.1832365891133105,-1.0415555581649703
Province:Hainan,1992,Winter,0.17004136820573396,5,-0.5851623352110494,0.20072812003831506,1.1718439035112593,1.351987886916395,-0.8877344941496199
Province:Hainan,1992,Spring,-0.14693473987823727,5,-0.8357839339302323,0.15404043224512168,-0.26584016776076813,1.4083126841581795,-0.8873218496132437
Province:Hainan,1992,Summer,0.16077894476209628,5,-0.6412006578206805,1.6959408290968638,1.5910116017305067,1.183083816002503,0.3669407929950161
Province:Hainan,1992,Autumn,-0.6081837939152691,5,-0.5697328396501548,1.0079235100117936,-1.1208553809436272,0.7446408548940388,-1.0870480938648082
Province:Hainan,1993,Winter,-0.10592640007190372,5,-0.227678277225966,0.3889990820279568,0.08726633408906792,0.79870312035993,-0.7989240955545938
Province:Hainan,1993,Spring,0.2067502091499686,5,-0.5796105708916791,-0.5038279173975232,0.6084178054350379,1.1141252288682697,-0.6130093350593088
Province:Hainan,1993,Summer,0.5358062910497191,5,0.7881396756420429,-1.177464676899937,0.10142832477579894,1.299945837402852,-0.6879470594720356
Province:Hainan,1993,Autumn,-0.29557935641190863,5,-0.9452823227484674,1.481154030571106,0.7317726570725741,1.2049484522564005,-0.9881815380689444
Province:Hainan,1994,Winter,-0.09183352422159514,5,0.04515494054419069,-0.22370982349815663,-1.4142310489392083,1.2525846117455361,-0.566385947956651
Province:Hainan,1994,Spring,0.2580712432885593,5,0.9911226406258182,-0.21177997148940864,-0.2816887238348979,1.0512324523139838,-0.6820901241515163
Province:Hainan,1994,Summer,0.01622107524843104,5,-0.7187147974349406,1.4519309677195151,1.7451498226985729,0.5620907785488775,-0.055489459850839404
Province:Hainan,1994,Autumn,-0.2914827325373889,5,-0.482712192432718,0.32209497990713654,-0.41181918683034985,0.012697119482870722,-0.25348442299961044
Province:Hainan,1995,Winter,0.09355115726809915,5,0.060320336625402135,-0.574470049844516,0.7584684222350533,-0.08032627983132888,-0.8451767425331467
Province:Hainan,1995,Spring,-0.27681700225640793,5,-0.3836437112087702,-0.386393918945361,-0.10269846138162093,-0.4058200326880569,-0.8783167249489524
Province:Hainan,1995,Summer,-0.18846492935535508,5,-0.34920149036436343,-0.3823452423989695,0.052992662813616156,-0.735527533921633,-0.2929335277033646
Province:Hainan,1995,Autumn,-0.5226811610622384,5,-1.132079386736029,0.37449009064388966,0.5246340394978569,-0.882222070993462,-0.749248296435668
Province:Hainan,1996,Winter,-0.6755689804220506,5,-0.7822740021060256,0.9103301221994081,-0.24546373781864922,-0.6957177907797492,-0.7440592492064214
Province:Hainan,1996,Spring,-0.8659732666112054,5,-0.4750040086696768,1.1076522280675138,-1.4949411108967166,-0.9628491318430956,-0.28941985357902367
Province:Hainan,1996,Summer,-0.002134431544449311,5,0.49248166343565913,-1.1750295591838007,-0.9139269281874483,-1.0905187607431217,0.32626230858886346
Province:Hainan,1996,Autumn,0.13369392100767294,5,-0.37970635508562856,-0.8586336062275894,1.8249757492836718,-0.9856421194187142,-0.649791275968554
Province:Hainan,1997,Winter,-0.18282078740171792,5,-0.7039921587967118,-0.8876777147814665,0.5691021524795444,-0.7236659946273803,-0.9432256508455084
Province:Hainan,1997,Spring,-0.19424512161073162,5,-1.4966873301145345,-0.5666766016249674,1.6133257303777355,-0.6302509956556079,-1.0242896142862186
Province:Hainan,1997,Summer,-0.12181288716333197,5,0.2632515623109001,-0.21163210764319812,0.44583218137523434,-0.5010723974882921,-1.0287078896577002
Province:Hainan,1997,Autumn,-0.24176042467201828,5,0.6460593554496474,0.04289371550130821,-0.7484457825220289,-0.2852203706119188,-0.7783016101744831
Province:Hainan,1998,Winter,0.7891861444889534,5,3.1654882662660753,-0.850653901853672,-0.6089497655485951,0.3686163424772183,0.1701219773963972
Province:Hainan,1998,Spring,0.5625372504852048,5,1.4269809941283356,-1.272718334255003,-0.7321566474652028,0.8621956090350545,-0.017052037527166535
Province:Hainan,1998,Summer,1.271903215901907,5,3.7958047316805175,-1.1209253622904485,1.5235417666547062,1.2035667749899166,-1.2843225561060523
Province:Hainan,1998,Autumn,0.6639635773111181,5,0.8364303196384133,-1.88997079241138,-0.18314514465198528,1.2667515014223492,-0.4901895822645668
Province:Hainan,1999,Winter,0.36741206758412387,3,0.3179190713736602,-0.41561143877135237,,,0.368705692607359
Province:Hainan,1999,Spring,0.4078960924863617,3,1.0712294753769842,-0.29150771030876976,,,-0.13904890822666877
Province:Hainan,1999,Summer,0.01164866543690235,3,-0.18910912274991956,-1.5730456476253971,,,-1.3489905285647705
Province:Hainan,1999,Autumn,0.16771558383461552,3,-0.03970088332669214,-0.7279774228375469,,,-0.18512978800700816
Province:Hainan,2000,Winter,-0.4580703995654407,3,-0.10333792317374285,1.251905584401466,,,-0.018967691121113506
Province:Hainan,2000,Spring,-0.0856546422465495,3,-0.22435361446873453,-0.961283602669277,,,-0.993893914940191
Province:Hainan,2000,Summer,-0.2964077361619872,3,-0.5133776393683177,-0.5140023549902267,,,-0.8898479241078705
Province:Hainan,2000,Autumn,-0.134526540840144,3,0.45359197915064114,0.7713073022716832,,,-0.08586429939938996
Province:Hainan,2001,Winter,0.3928665908466004,3,0.33115047455306584,-1.1708291051049196,,,-0.32337980711818415
Province:Hainan,2001,Spring,0.22986369137313786,3,0.37060217257841255,-0.9131974651970832,,,-0.5942085636560821
Province:Hainan,2001,Summer,-0.5875953101486487,3,-0.4135018401383812,0.38830139649510453,,,-0.9609826938124606
Province:Hainan,2001,Autumn,0.03303178078271137,3,0.8134378703401068,-0.21406786983305512,,,-0.9284103978250279
Province:Hainan,2002,Winter,0.07396987115543514,3,-0.35093420759742394,-1.20448751004589,,,-0.6316436889821606
Province:Hainan,2002,Spring,0.3744806834005287,3,0.3914112148971166,-1.463790917274841,,,-0.7317600819703716
Province:Hainan,2002,Summer,-0.012781979030928778,3,-0.05174124324392343,-0.9743779999635978,,,-0.9609826938124606
Province:Hainan,2002,Autumn,0.10231932306611047,4,-0.017314956733040256,0.3407458247101763,0.9439939785408453,,-0.17665590483318697
Province:Hainan,2003,Winter,0.2211338622836568,4,1.2050495392556593,-0.46667323854555803,-0.1304644266560586,,-0.6567229020105315
Province:Hainan,2003,Spring,0.7748130070747284,4,1.7966459640915842,-1.5858964660365442,-0.15205510084424748,,-0.13123530098496747
Province:Hainan,2003,Summer,0.8364056533690254,4,0.6401852888554556,-1.4365207561324074,0.8641510686443494,,0.4047654998438893
Province:Hainan,2003,Autumn,0.43300860254544205,4,0.5400491608053304,-1.3382529660358362,0.6695610904277208,,-0.8158288070871192
Province:Hainan,2004,Winter,-0.35376083566294503,5,-0.754246730568282,0.17182374520943067,-0.15019111823358677,-0.07870882260611001,-0.6138337616973156
Province:Hainan,2004,Spring,-0.3504178960631412,5,-0.9637515274410526,-0.8532215587933837,-0.47306618117590593,0.07482489824358457,-1.2433182287357158
Province:Hainan,2004,Summer,0.2785576107405129,5,0.8556413085735115,-0.8661651927726347,0.15921622801443042,0.27658850169633603,-0.7648231773543483
Province:Hainan,2004,Autumn,-0.6042214639703396,5,-0.5695495103956256,0.09014545787051288,-1.7603349981463359,0.4011768834719598,-1.002254236911183
Province:Hainan,2005,Winter,0.15476083218889014,4,0.7484577686742702,-0.2632403720701605,0.37389243068073674,,-0.7665472426696069
Province:Hainan,2005,Spring,-0.026876142398065073,4,1.1223588632074042,0.0804401012605386,-0.37953469204587137,,-0.7698886394932545
Province:Hainan,2005,Summer,0.16171829687592829,3,0.5959453894154209,-0.5979871024358231,,,-0.7087776012234591
Province:Hainan,2005,Autumn,1.0791630119616131,3,1.8360224874181525,-1.6447029639513246,,,-0.24323641548463823
Province:Hainan,2006,Winter,-0.08656677974709907,3,0.0044508165555667,-0.39601499882207103,,,-0.6601661546189349
Province:Hainan,2006,Spring,-0.051159417690467356,3,0.7516252821578759,0.045255330330471986,,,-0.859848204898806
Province:Hainan,2006,Summer,0.5386555741682274,3,1.6097362352283764,-0.760275669220868,,,-0.754045181944562
Province:Hainan,2006,Autumn,1.1680240506600332,3,3.2475461045713114,-1.2043053210596935,,,-0.9477792736509048
Province:Hainan,2007,Winter,0.9406940045327445,3,0.47451602381778407,-1.4623236395199455,,,0.8852423502605039
Province:Hainan,2007,Spring,0.46073486165407185,3,0.44923989891198374,0.472289056666213,,,1.4052537427164449
Province:Hainan,2007,Summer,0.8418052931778801,3,0.7017835714572218,-0.49073462751385893,,,1.3328976805625596
Province:Hainan,2007,Autumn,0.48060628856569876,3,-0.6975784348822678,-0.028566519144103426,,,2.1108307814352605
Province:Hainan,2008,Winter,-0.24731929756363905,3,-0.12458586002560029,2.0441011907157143,,,1.4267291580503974
Province:Hainan,2008,Spring,0.020179760307387922,3,-0.5853962880204329,0.03973522288388506,,,0.6856707918264817
Province:Hainan,2008,Summer,-0.12591612462912663,3,-0.4733811966112576,1.1697434768858774,,,1.265376299609755
Province:Hainan,2008,Autumn,1.8220096423903296,3,1.4872245444328493,-1.2820340841146873,,,2.6967702986234525
Province:Hainan,2009,Winter,1.3136513522235573,3,0.556477850040744,-0.1895633633122705,,,3.1949128433176575
Province:Hainan,2009,Spring,0.2577449870278259,3,-0.6270304709025095,1.5101484945724115,,,2.9104139265583986
Province:Hainan,2009,Summer,-0.1440323896305964,3,-0.6705841857681604,1.4789899361009902,,,1.7174769529773615
Province:Hainan,2009,Autumn,0.212778987499316,3,0.4418817806641591,1.675657721249885,,,1.872112903083674
Province:Hainan,2010,Winter,1.7643190532567579,3,2.6885885163201695,-0.19621775086554938,,,2.4081508925845547
Province:Hainan,2010,Spring,1.1368461678311919,3,2.1292749366724175,1.0850208956484124,,,2.3662844624695705
Province:Hainan,2010,Summer,0.308643578243423,3,1.0593853387002858,1.1539856181242936,,,1.0205310141542767
Province:Hainan,2010,Autumn,0.33876760741224926,3,0.36714562906171205,1.4775107256457396,,,2.1266679188207753
Province:Hainan,2011,Winter,0.06534873233513376,3,-0.6433004679758816,1.725511012487028,,,2.5648576774683107
Province:Hainan,2011,Spring,-1.4063404619488524,3,-1.072875552327697,4.086350093917685,,,0.9402042603988245
Province:Hainan,2011,Summer,-0.5370508784631537,3,-0.23179546148014724,1.4564716132956972,,,0.07711443938638339
Province:Hainan,2011,Autumn,0.4208338195236263,3,0.07762537994343206,1.6245243326232832,,,2.80940041125073
Province:Hainan,2012,Winter,0.34953104398017304,3,-0.7445309791021659,1.1587690363494194,,,2.9518931473921044
Province:Hainan,2012,Spring,0.1430009320572876,3,0.9093497843319196,0.12499246877573979,,,-0.35535451938431706
Province:Hainan,2012,Summer,-0.650523427193646,3,-0.26992211266842314,3.044187096496319,,,1.3625389275838042
Province:Hainan,2012,Autumn,0.44481976697774295,3,0.7561876298386597,-0.07940214966261504,,,0.49886952143195407
Province:Hainan,2013,Winter,0.8898825883468352,3,0.8502175327374638,-0.483980611716123,,,1.3354496205869186
Province:Hainan,2013,Spring,0.029327913011390167,3,0.598633675169585,0.09723695197203068,,,-0.41341298416338385
Province:Hainan,2013,Summer,-0.9719952571473923,3,-0.897853300154554,3.3755541406580982,,,1.357421669370475
Province:Hainan,2013,Autumn,0.1963177899033187,3,-0.822619126104243,1.0211767471043434,,,2.4327492429185424
Province:Hainan,2014,Winter,-0.9887918391491196,3,-1.1814509693679487,2.1886359738975414,,,0.40371142581813124
Province:Hainan,2014,Spring,0.53511584141941,3,1.5877098574049615,-0.4018107356541641,,,-0.3841730688008954
Province:Hainan,2014,Summer,0.3785852103923241,3,0.9934827874835664,0.21488292704976353,,,0.3571557707431694
Province:Hainan,2014,Autumn,0.6031020828789124,3,1.3002269731626328,-0.4054083426665872,,,0.10367093280751705
Province:Hainan,2015,Winter,0.305067427721287,3,-0.2743245980715373,0.39404952801330323,,,1.5835764092487015
Province:Hainan,2015,Summer,0.38364073130029,3,2.360069850808613,1.493610926423222,,,0.284463269515479
Province:Hainan,2015,Autumn,1.595746880485615,3,4.294724022244259,-0.13697091529359318,,,0.355545703918993
Province:Hainan,2016,Winter,0.06874547220805582,3,1.03888911015336,1.759530318449163,,,0.9268776249199706
Province:Hainan,2016,Spring,-0.32815648091857014,3,1.223756424095692,1.3892305929174258,,,-0.8189952739339766
Province:Hainan,2016,Summer,0.31861161364616475,3,1.3763641604855792,0.7043674268989172,,,0.28383810735183224
Province:Hainan,2016,Autumn,1.433162584126994,3,2.7018359382595674,0.05210195519153042,,,1.6497537693129443
Province:Hainan,2017,Winter,1.0396038637676952,3,1.1840998210450318,-0.4936533938050942,,,1.4410583764529599
Province:Hainan,2017,Spring,-0.7219888154065303,3,-0.484215524779602,0.8171366468508221,,,-0.8646142745891665
Province:Hainan,2017,Summer,0.2320836889140859,3,1.5427889400884685,1.00874924563018,,,0.16221137228396934
Province:Hainan,2017,Autumn,0.8731656216585494,3,2.871700491457467,1.0689194214421474,,,0.8167157949603286
Province:Hainan,2018,Winter,-0.08050743961868682,3,-0.25082292820685276,1.8550792417265587,,,1.8643798510773508
Province:Hainan,2018,Spring,-0.7723212915380246,3,-0.42471769405405985,1.6141779908412617,,,-0.2780681897187525
Province:Hainan,2018,Summer,-1.5225589274686435,3,-0.5140199655369732,5.308942593180761,,,1.2552857763118026
Province:Hainan,2018,Autumn,0.16380704050824332,3,0.6141897913347866,0.47544436054431044,,,0.3526756907342538
Province:Hainan,2019,Winter,1.4361077484246196,3,2.6634211249014066,-0.6938145865578047,,,0.9510875338146473
Province:Hainan,2019,Spring,0.5320543373989132,3,1.329919432319375,-0.664220426667597,,,-0.3979768467902325
Province:Hainan,2019,Summer,0.30655068498485843,3,1.4984719272557292,0.28298997369183193,,,-0.2958298986093219
Province:Hainan,2019,Autumn,-0.009337783315828463,3,0.22210238132421517,1.1001836227094786,,,0.8500678914377781
Province:Hainan,2020,Winter,2.6022533476886456,4,1.3247531595899205,-0.46290781232153966,8.163953698211449,,0.45739872063167375
Province:Hainan,2020,Spring,0.5575426436158102,4,1.1736401585737681,0.9045977884412796,2.3758062183438855,,-0.414678014013133
Province:Hainan,2020,Summer,0.5911398699702135,4,1.6232888334418658,0.5222775597914323,2.432634519025507,,-1.1690863127950868
Province:Hainan,2020,Autumn,3.2984630615969266,4,1.5833608830510728,0.3376369705185564,8.722719748905194,,3.2254085849499967
Province:Hainan,2021,Winter,-0.11664095725388986,5,-0.8530198075416233,1.5356998813159846,1.9775155615451292,-1.125034756516995,0.9530340975600243
Province:Hainan,2021,Spring,0.16866415122137465,5,1.48102539164606,0.22897784383634837,1.3956708599662062,-1.659671049303256,-0.1447266023657888
Province:Hainan,2021,Summer,-0.07921384454041383,5,2.2449637715890374,0.04461569898955921,-0.37230628417735395,-1.9885888759254904,-0.23552213519870277
Province:Hainan,2021,Autumn,-0.49168865096138814,4,0.7249913438304798,1.3356110570701647,,-1.883128955838537,0.5269940652326692
Province:Hainan,2022,Winter,-0.5560509249195668,4,-0.141237972656313,0.3870987627989879,,-1.6855504996527004,-0.01031646457026601
Province:Hainan,2022,Spring,0.03457286623924425,5,-0.15917119760781825,2.21172099641503,5.944205047486747,-2.734286819660877,-0.6661617026068005
Province:Hainan,2022,Summer,0.05564109363355938,5,0.1735300837325176,1.010926387272014,5.388142260889524,-3.508971286605276,-0.763569202576955
Province:Hainan,2022,Autumn,0.8975098510697572,5,1.928521146826531,0.45245884205106046,6.153031122825696,-3.4963029598308664,0.35475878757848645
Province:Hainan,2023,Winter,-0.17297666853914526,5,0.14714428974188723,0.797811244452062,0.7156038455298536,-1.2245216909570797,0.2947014574416746
Province:Hainan,2023,Spring,1.1149334683978247,5,1.1171150153293612,0.03347798258396711,6.198436599153557,-1.2274261653750436,-0.4799801245347835
Province:Hainan,2023,Summer,0.8460294194683069,5,2.0756906608759254,-0.5289072277117102,3.5601810405549563,-0.9438109390512376,-0.9908208927498205
Province:Hainan,2023,Autumn,1.1802714712386304,5,1.8586478393924108,-0.3889453641368313,4.155729482590736,-0.501267730751024,-0.0006975991758011951
Province:Hainan,2024,Winter,0.8747248946254131,5,1.9052844655505474,0.0264098707915004,0.8638793194581476,1.4440284702387993,0.18684208867107135
Province:Hainan,2024,Spring,1.6455697225560744,5,2.9481003138682467,-0.8488666838535176,2.807571684798009,1.791371157617959,-0.16806122735735984
Province:Hainan,2024,Summer,2.0308650991124195,5,2.9821893884014674,-0.43581232660143543,5.4718700844793915,2.159151718122078,-0.8946980220422743
Province:Hainan,2024,Autumn,4.369839507773671,5,1.2895051492429397,-0.2895881293610997,17.477589278317637,2.054153497339464,0.7383614846072157
Province:Hainan,2025,Winter,0.6068309279427307,4,-1.257862717065607,-0.050758315613163636,2.920839304453982,,0.7135888087693842
Province:Hainan,2025,Spring,0.9014489945629406,4,0.42109651878756227,2.1357162731013823,6.242818602150368,,-0.9224028695847858
Province:Hainan,2025,Summer,2.0505421904965435,4,0.8097209922432205,1.3470008676021137,6.806451643233485,,1.9329969941115819
Province:Hubei,1981,Spring,1.0926998030772415,4,-0.06777586006075025,-0.262204954741474,3.2518832539746523,,0.9244868636535902
Province:Hubei,1981,Summer,0.8779142362760736,4,1.3896470427403038,-1.1444435763312528,1.0883199374362567,,-0.11075361140351912
Province:Hubei,1981,Autumn,0.10302646043519725,4,-1.2511609401494577,2.3178688899106614,2.283008875690436,,1.698126796110472
Province:Hubei,1982,Winter,-0.23789880205020472,4,-0.6340152768524722,0.6678210020854887,,-0.5675861126715638,0.9178271834087058
Province:Hubei,1982,Spring,-0.3565300616881445,5,-0.8141003694873663,0.36907028225126176,-0.7346677569871675,-0.6096011998538771,0.7447893001389501
Province:Hubei,1982,Summer,-0.8064725820439289,5,-1.3176810306753393,1.3176613436201938,0.10977452491553863,-0.5114721514773946,-0.9953229093622553
Province:Hubei,1982,Autumn,-0.43305256562098426,5,-0.7735899686661974,-0.15408880797714927,-0.2467762508238215,-0.33233043324347644,-0.9666549833485752
Province:Hubei,1983,Winter,-0.2958436513069421,5,-1.3130332309140673,0.7956082468379467,-0.5355687880921637,0.08404154198022687,1.0809504673292398
Province:Hubei,1983,Spring,0.13979570340034672,5,-0.2115447035919662,0.05437150259634622,-0.8072125853717232,0.6505169034077062,1.121590405154063
Province:Hubei,1983,Summer,-0.1550833360497223,5,-1.2560751643061028,1.1024032341451957,0.49486279245979203,1.2898678711140652,-0.20166894537117025
Province:Hubei,1983,Autumn,0.7917881794643074,5,-0.5253714389487164,-1.4316836391604926,1.7607079146165134,1.6325067854365107,-0.34058600294326297
Province:Hubei,1984,Winter,-0.2793430150417565,5,-0.8233574195538822,1.6451994088102837,-0.7741173867106649,1.7769798904180016,0.06897924944804645
Province:Hubei,1984,Spring,-0.29979714662976475,5,-1.0309265740670792,-0.261453883668312,-1.082064389794127,1.3829605509284997,-1.0304092038844295
Province:Hubei,1984,Summer,-0.040888520329864876,5,-0.8597995914445264,-0.367564057068298,-1.0097513774981044,0.6675120822369696,0.630032227988039
Province:Hubei,1984,Autumn,-0.07939724911052633,5,-0.7066338526023166,-0.0018660896716780097,0.43810774358978427,-0.09245802593604481,-0.03786820027573251
Province:Hubei,1985,Winter,-0.6286124326614091,5,-0.7018088909595247,1.7625953078752024,-0.44190669189250675,-0.4463154573393451,0.20956418475953364
Province:Hubei,1985,Spring,-0.29475834776928617,5,-0.9337401763420144,0.2770640757889059,0.8035580538925047,-1.011263845268507,-0.05528169533950802
Province:Hubei,1985,Summer,-0.8483326394140279,5,-0.7604531943265683,-0.5969078482035732,-1.3865750891805424,-1.5035442505785073,-1.1879985111880949
Province:Hubei,1985,Autumn,-0.7714350549204158,5,-0.36334503653998795,0.7551333743339094,-0.7693293165533094,-1.676321421245407,-0.29304612592946533
Province:Hubei,1986,Winter,-0.8455571476128894,5,-1.31267262658371,0.5120604301235382,-0.5868438789584735,-1.697582650358112,-0.11862615204061326
Province:Hubei,1986,Spring,-0.3426613064853131,5,0.29080843499379794,-0.20850337301038482,0.015859550366993196,-1.890696227841548,-0.3377816629561936
Province:Hubei,1986,Summer,-0.9651098595903292,5,-0.738252882121438,0.5071928911673481,-0.4975612883874806,-1.748912672650604,-1.3336295636247755
Province:Hubei,1986,Autumn,-0.8739728852721832,5,-1.4509195184615882,0.8206429433343928,-0.5341347206594386,-1.3099270476831133,-0.2542401962223832
Province:Hubei,1987,Winter,0.06810402657613367,5,0.9473549132049437,-0.7826478161845328,-0.5022491941931625,-0.882525667104097,-0.004707735211548938
Province:Hubei,1987,Spring,-0.3133419683555868,5,-0.49506088454163694,1.2237891635097196,-0.4899935539413912,-0.9732413199309399,1.6153750801457534
Province:Hubei,1987,Summer,-0.8164872034044539,5,-1.1112181271676274,1.269625557445404,-0.08610156971217416,-0.8701026648082796,-0.7453880978887838
Province:Hubei,1987,Autumn,-0.1810584958799414,5,0.6905664257030858,0.9715997762485502,-0.07979391782827956,-0.6224997833517539,0.07803457232579086
Province:Hubei,1988,Winter,-0.516330198556631,5,-0.3999830664509982,1.0915204495603137,-0.22292389972922286,-0.18798456978200317,-0.6792390072606167
Province:Hubei,1988,Spring,-0.3551322944623526,5,-0.20752319747920525,1.4990567118236253,-1.0491946463637802,0.2575935803208342,0.7225195030340141
Province:Hubei,1988,Summer,0.2532299125412646,5,1.1143631713966873,-0.7688253987238735,-0.8676585454246546,0.8156289078847182,-0.5650093698743014
Province:Hubei,1988,Autumn,-0.0801257042614196,5,-0.8427656244891016,-1.1345170435496037,-0.8696783459057319,1.1700215741831186,-0.9927231686449868
Province:Hubei,1989,Winter,0.12197036752998731,5,-0.339401538951079,0.2955850229682543,0.050100528269375985,1.2529301118555232,-0.05819224055562922
Province:Hubei,1989,Spring,-0.4168226631864318,5,-1.7530527105048384,-0.6277952743537517,0.20685081521520166,0.3861348484031132,-1.5518415433993873
Province:Hubei,1989,Summer,-1.0264936846117556,5,-0.7371428665111815,2.2281742529934663,-0.15460447158653093,-0.770867677393528,-1.2416791545740706
Province:Hubei,1989,Autumn,-0.4888681588787186,5,-1.0247678847290431,0.5139822072886515,1.5145402510061725,-1.6697986267143836,-0.7503323266676876
Province:Hubei,1990,Winter,-0.527658058996926,5,-0.8373961191736295,-0.35765574311707166,-0.16956645798211792,-1.7652641965006828,-0.22371926444527118
Province:Hubei,1990,Spring,-0.6716366735245419,5,-0.9437939416239178,0.4212697218360266,0.4288103140447376,-1.5671937477166658,-0.8547362704908369
Province:Hubei,1990,Summer,-0.22674330378565183,5,0.6328939004479233,-1.0451214620600706,-1.1477253074434597,-1.0368116195452433,-0.6271949544475502
Province:Hubei,1990,Autumn,0.12077760113041289,5,0.7345872975903883,-1.0047637909399503,-0.7759239654462752,-0.37674683745575327,0.017207720023754224
Province:Hubei,1991,Winter,0.1600904287165863,5,-0.3983483268200483,-1.2230487657889404,1.2714675738783154,0.6173844750682054,-1.9131003443324814
Province:Hubei,1991,Spring,-0.36408797348481803,5,-1.1297885993391277,1.7356440998696836,0.7268318495700032,0.9025405240600218,-0.5843795418453045
Province:Hubei,1991,Summer,0.1387548980770652,5,-0.3389247663316563,0.502497663947256,2.7222826929748063,0.807182688321599,-1.994268460632167
Province:Hubei,1991,Autumn,-0.49252379383529227,5,-1.360658234927959,-0.9227977118523886,-0.2831069775374027,0.5777737003641296,-2.3194251689276175
Province:Hubei,1992,Winter,0.7920414277551535,5,0.6779503194096334,0.4690919964788617,3.7287129038376126,0.6435034985795288,-0.6208675865721456
Province:Hubei,1992,Spring,-0.08515605205737972,5,-1.2986918560751017,0.7776529460514383,0.16952615281586306,0.8237831426061737,0.6572552464176046
Province:Hubei,1992,Summer,-0.1825400106636515,5,0.16085976218634,1.3270517980603784,-1.177312179372187,0.9406913559024942,0.4901128060254737
Province:Hubei,1992,Autumn,-0.601578757978089,5,-1.0354956602309908,1.4890304299480221,-1.2349381594747306,0.877614209498418,-0.1260437497351199
Province:Hubei,1993,Winter,0.495675423092271,5,0.2357623679677969,-0.24035849606817333,0.3867461047404603,0.9636580286565869,0.6518521180283371
Province:Hubei,1993,Spring,0.39795219528189113,5,-0.3777669562527663,1.0611822761701273,0.27858298194798037,0.9655464292231017,2.1845807976612672
Province:Hubei,1993,Summer,-0.2047368400430519,5,-0.9705236485676141,1.6979747484476653,0.7324481259385984,0.829776462835289,0.08258960802613226
Province:Hubei,1993,Autumn,-0.5047239619964122,5,-1.2903728092255424,1.0462870143360583,-0.025774193367211057,0.5601360233562297,-0.7213218164094793
Province:Hubei,1994,Winter,-0.05413011639753571,5,-0.9924559812269943,-0.669812644477553,-0.6686636977323887,0.5335514377449838,0.18710501474916763
Province:Hubei,1994,Spring,0.13125999730775542,5,0.6038156607703853,-0.4897794899095875,-0.6038486114873232,0.429996235336928,-0.26344278799080056
Province:Hubei,1994,Summer,0.2806838231735253,5,0.510792183319707,-1.2668806553782737,-0.7787652015656146,0.25877016148930676,0.14574131724595366
Province:Hubei,1994,Autumn,0.07769305824088198,5,0.5078243188768037,0.5943659296370706,0.27325293505856324,0.059225996331887555,0.14252797057422598
Province:Hubei,1995,Winter,0.08895016500814426,5,-0.6008396784596591,-0.9492280378541961,0.027240724869352022,0.23118327044998385,-0.16206152967315157
Province:Hubei,1995,Spring,0.31230259502872126,5,-0.6498888698829466,-0.9002398313926688,-0.3459692194635657,0.6583926415530903,0.9987385915443595
Province:Hubei,1995,Summer,0.42271162962958525,5,-0.3622350941470432,-1.1325249226187108,-0.5288278183745841,1.1193875725107694,0.7527085655400729
Province:Hubei,1995,Autumn,0.5677584997455509,5,0.5622030429728833,-0.5246767562842327,-1.588461880664781,1.3326662763022203,2.0077083038331995
Province:Hubei,1996,Winter,0.168167375293882,5,-0.4807584364508908,0.33220684358225017,-0.7655215184376253,1.5004827962605432,0.9188408786796332
Province:Hubei,1996,Spring,-0.6360769755941319,5,-1.3915216221780082,1.9369311474771234,-0.7070873838041128,1.3829605509284997,-0.5278052754399147
Province:Hubei,1996,Summer,0.4016728687739963,5,-0.5725830522906529,0.11459966130271246,0.2969573085613798,1.0187425769497858,1.3798471719521812
Province:Hubei,1996,Autumn,0.11684720061588758,5,-1.1990017558124015,0.1386471887641413,1.345159410374169,0.5107505277341119,0.06597500954769984
Province:Hubei,1997,Winter,-0.1403100117976989,5,0.4802521039496142,-1.0045389348366032,-0.692432507306054,-1.0547205020312063,-0.43918808843745155
Province:Hubei,1997,Spring,-0.5640634549936845,5,0.16681199651699186,-1.119177049219418,-1.631869241294413,-1.3961791717140746,-1.078257907696345
Province:Hubei,1997,Summer,-0.490920818340025,5,-0.27426635703421415,-0.3838167666763098,-0.5905929772979459,-1.5337778560945758,-0.43978366794969886
Province:Hubei,1997,Autumn,-0.19402875881386175,5,0.24073970120762164,0.65671078515927,-0.9610163558857686,-1.3834386763201076,1.7902823220882156
Province:Hubei,1998,Winter,0.2632252911105157,5,-0.06858768685322604,-0.5858926628490734,-0.22990914799533324,-0.5473357275317478,1.576066355083812
Province:Hubei,1998,Spring,0.4056289507787397,5,1.2063713266657852,0.6240589115897912,-0.3817150883057221,0.020457851776914043,1.807089575346513
Province:Hubei,1998,Summer,0.6254650055285159,5,-0.12968682379830307,-1.3246680673178701,1.075327354658502,0.4723840296187386,0.38463239984577235
Province:Hubei,1998,Autumn,0.531764623843004,5,2.0729697722816645,-1.447507206551914,-0.709242967972606,0.7929533598605004,-0.9453642515064523
Province:Hubei,1999,Winter,1.0705198891689707,3,3.014603377984926,-1.1802410983925946,,,-0.9832848088706087
Province:Hubei,1999,Spring,-0.1081975948784542,3,-0.3935178551944148,-0.7030836746876205,,,-0.6341586041285683
Province:Hubei,1999,Summer,-0.41586630915874445,3,-0.5770231147316791,0.3666972458892039,,,-0.30387856685535025
Province:Hubei,1999,Autumn,0.6558409432533272,3,1.550268159031588,-0.5588556618497024,,,-0.14160099112130872
Province:Hubei,2000,Winter,-0.549448551758284,3,-0.7606868738643107,0.4525184577873434,,,-0.43514032362319793
Province:Hubei,2000,Spring,0.7064915321700407,3,0.39302171535981356,-1.5288863196293379,,,0.19756656152097093
Province:Hubei,2000,Summer,0.36108272090060173,3,-0.6455665786650189,-1.0779880526007164,,,0.6508266887661077
Province:Hubei,2000,Autumn,-0.25207507403283214,3,-0.33318991015877,1.607990918316216,,,1.1849556063764897
Province:Hubei,2001,Winter,0.9351287741178745,3,-0.052721096317533,-1.1316904221524817,,,1.726416996518675
Province:Hubei,2001,Spring,-0.030209289231307463,3,0.48451097942513394,-0.4676228932513056,,,-1.042761740370362
Province:Hubei,2001,Summer,1.1984394828089313,3,0.3037742720068666,-0.9346030367255916,,,2.356941139694336
Province:Hubei,2001,Autumn,0.9920879138900084,3,-0.0921912626459297,-1.6453017989446779,,,1.4231532053712768
Province:Hubei,2002,Winter,1.0889072427700281,3,1.8256668605103208,-0.5194560107265267,,,0.9215988570732371
Province:Hubei,2002,Spring,-0.37226084898111483,3,1.5957871685848362,1.1595725867543605,,,-1.5529971287738202
Province:Hubei,2002,Summer,0.35894056579867767,3,1.2087144982684919,0.37500418635552046,,,0.24311138548306155
Province:Hubei,2002,Autumn,0.1694570372860947,4,0.11237631847741911,0.34625239293958715,0.4117203505623303,,0.4999838730442166
Province:Hubei,2003,Winter,0.447087417976173,4,1.0720518906422776,-0.27799533631367357,0.04381524843537263,,0.3944871965133682
Province:Hubei,2003,Spring,-0.010896597005385367,4,-0.2068529464604114,0.1339850363515279,0.9148171781578787,,-0.6175655833674808
Province:Hubei,2003,Summer,0.3793905498853235,4,1.4137898822633832,1.1132383738838694,0.8413637525453868,,0.37564693861639353
Province:Hubei,2003,Autumn,0.4025339538013014,4,0.9424841883522735,0.5374010870279551,0.4056625708927597,,0.7993901429881276
Province:Hubei,2004,Winter,-0.01379115507776416,5,0.5365934219098224,-1.2186466936073836,0.03454204154788433,-0.454400167694827,-1.4043377647590842
Province:Hubei,2004,Spring,0.553926400071829,5,1.2633426632632363,-1.04069012207398,0.6724438893396699,-0.4127077462192552,0.2058630719015147
Province:Hubei,2004,Summer,-0.19761162427607878,5,-0.46130398736243733,0.9391537954158348,0.8641393363530159,-0.24445481631560537,-0.20728485863953242
Province:Hubei,2004,Autumn,-0.3133307871616515,5,-0.7721102754935151,-0.7705749935469172,-0.3539829996713737,-0.05012760111708789,-1.161008053073198
Province:Hubei,2005,Winter,-0.26902509098297356,4,-0.6783696094863414,1.0502291001879935,0.04707804345134065,,0.6054203022911001
Province:Hubei,2005,Spring,0.4715537493725248,4,0.8213121163688916,-1.1417091814142808,0.3644584374878472,,-0.4412647377809202
Province:Hubei,2005,Summer,0.8109254292502417,3,1.3638391798018399,0.11315497600422238,,,1.1820920839531073
Province:Hubei,2005,Autumn,1.1025153252620317,3,1.2731956124468002,-0.8500093018518513,,,1.1843410614874432
Province:Hubei,2006,Winter,0.2894250254996393,3,-0.6953180130131046,0.2800089657720598,,,1.8436020552840822
Province:Hubei,2006,Spring,0.8934565327332974,3,1.4738014831644106,-0.1461644739379316,,,1.0604036410975501
Province:Hubei,2006,Summer,2.137921321881134,3,2.464142153468611,-1.356812315209271,,,2.5928094969655207
Province:Hubei,2006,Autumn,0.39146248744459083,3,1.8713615775036794,-0.5674003882410699,,,-1.264374503410977
Province:Hubei,2007,Winter,0.0032901970937901184,3,1.0900340265827297,-1.2661531199890232,,,-2.346316555290383
Province:Hubei,2007,Spring,1.4877048486305862,3,2.3766296054793203,-1.4657963494837223,,,0.6206885909287159
Province:Hubei,2007,Summer,-0.370893433930686,3,-0.7329803079727195,-0.24765517729363482,,,-0.6273551711129733
Province:Hubei,2007,Autumn,0.014696627033804172,3,0.16971442891886387,-0.09617455132454811,,,-0.2217990991419995
Province:Hubei,2008,Winter,-1.3406161498051954,3,-0.7397966919677869,2.723093258525303,,,-0.5589584989224962
Province:Hubei,2008,Spring,0.5850333878347874,3,1.4154896445293723,-1.7992719059676898,,,-1.4596613869927
Province:Hubei,2008,Summer,-0.4059393839244459,3,-1.0831902330086505,-0.6814219381652333,,,-0.8160498569299206
Province:Hubei,2008,Autumn,0.5134396441165932,3,1.083055039757105,-1.176291261462955,,,-0.7190273688702808
Province:Hubei,2009,Winter,0.7384108830658015,3,1.5231198273410809,-0.5642769100053737,,,0.12783591185095006
Province:Hubei,2009,Spring,0.09634436919226212,3,0.385984079662482,-0.42105648671525636,,,-0.518007458800952
Province:Hubei,2009,Summer,0.7327030672098886,3,1.7401344716787988,-0.39681893436271887,,,0.06115579558814821
Province:Hubei,2009,Autumn,0.171654252236452,3,0.6894566558235735,1.0522999699447981,,,0.8778060708305806
Province:Hubei,2010,Winter,-0.25024987279848315,3,0.42616145439611497,-0.1058957982316321,,,-1.2828068710231966
Province:Hubei,2010,Spring,-0.7308404174590084,3,-0.5721397517028954,1.3097868013867782,,,-0.31059469928735145
Province:Hubei,2010,Summer,0.3144506323301849,3,0.6259563028838205,-0.24837751994287963,,,0.06901807416385457
Province:Hubei,2010,Autumn,0.1894662965816575,3,0.5207716341377747,-0.5617039039801582,,,-0.5140766483729604
Province:Hubei,2011,Winter,-0.36205633734202564,3,-0.028560606183636348,1.6519735139103888,,,0.5943651080679481
Province:Hubei,2011,Spring,0.6361049682880217,3,1.3065738539754208,0.3176219137396584,,,0.9193629646283027
Province:Hubei,2011,Summer,-0.05268048228625596,3,0.332634677873536,0.5866505825842938,,,0.09597445785198995
Province:Hubei,2011,Autumn,-0.015019884418261556,3,1.2003207236921891,0.3623924316788366,,,-0.8829879452681372
Province:Hubei,2012,Winter,-1.1736293083119165,3,-1.8699555325697286,-0.32766553024670525,,,-1.978597922612726
Province:Hubei,2012,Spring,-0.703574861854937,3,-0.21891746479869548,-0.685809040004893,,,-2.5776161607710084
Province:Hubei,2012,Summer,0.7598818454001148,3,0.9708936537710332,-1.4868339920733638,,,-0.1780821096440522
Province:Hubei,2012,Autumn,-1.324820759780592,3,-1.5700348188625255,-0.2946020864129693,,,-2.69902954689222
Province:Hubei,2013,Winter,-0.3273714753889247,3,-0.07832400377285605,0.5076101280674817,,,-0.3961802943264363
Province:Hubei,2013,Spring,0.9612832184494392,3,2.0207263144999463,-0.5926762269327934,,,0.27044711391557796
Province:Hubei,2013,Summer,2.5097208042243135,3,3.6463087783918016,-1.6197450395344362,,,2.263108594746702
Province:Hubei,2013,Autumn,0.06725217852061695,3,0.7172009028113703,0.20922029932988007,,,-0.30622406791963935
Province:Hubei,2014,Winter,0.5611705002750413,3,1.3907780381001862,0.5800864758375323,,,0.8728199385624701
Province:Hubei,2014,Spring,1.0072050985477279,3,0.7616597756962655,-1.4244874404598074,,,0.8354680794871109
Province:Hubei,2014,Summer,-0.5916240506237456,3,-0.1982302877316428,1.4379313947194798,,,-0.1387104694201139
Province:Hubei,2014,Autumn,0.428529267677763,3,0.5111536285153389,-0.9142529854610211,,,-0.13981881094307094
Province:Hubei,2015,Winter,2.219420887539471,3,1.5981255280552666,-1.0938628546760079,,,3.9662742798871395
Province:Hubei,2015,Summer,-0.3853954930159056,3,-1.1006729788701908,0.9001472923566067,,,0.8446337921790807
Province:Hubei,2015,Autumn,1.0983418466763712,3,0.9302767196776427,-0.5863886691107751,,,1.778360151240696
Province:Hubei,2016,Winter,1.3061252191392447,3,0.2685027542377656,-0.7717749837027513,,,2.8780979194772174
Province:Hubei,2016,Spring,1.579677353937954,3,1.118903568713227,-0.5040498402996668,,,3.1160786528009687
Province:Hubei,2016,Summer,0.8201057969899507,3,1.8281032087916276,0.4194282592840858,,,1.05164244146231
Province:Hubei,2016,Autumn,1.6685165984534407,3,2.32451761163768,0.11681066576398015,,,2.797842849486622
Province:Hubei,2017,Winter,1.6478849955808925,3,2.1494895491706028,-1.5242706392402567,,,1.269894798331818
Province:Hubei,2017,Spring,1.0498980796538737,3,0.3638657960422949,-1.4436397528254408,,,1.342188690093886
Province:Hubei,2017,Summer,0.9238411800198599,3,1.2434024860890076,-0.5774045966739593,,,0.9507164572966128
Province:Hubei,2017,Autumn,0.11184181495060898,3,-0.21315617951271956,-0.16326647706417394,,,0.3854151473003726
Province:Hubei,2018,Winter,0.6651298356935386,3,-0.004760720380096787,0.38872348742713564,,,2.3888737148878483
Province:Hubei,2018,Spring,3.5149040984182895,3,4.293628411593205,-1.2373930462348788,,,5.0136908374267835
Province:Hubei,2018,Summer,2.071322974165646,3,2.6101092062173437,-1.985972762701631,,,1.6178869535779616
Province:Hubei,2018,Autumn,0.324782149806189,3,0.6996519705810144,-0.3987343245022891,,,-0.12403984566473636
Province:Hubei,2019,Winter,0.12092745797028033,3,0.33925581078015915,0.9383357913500208,,,0.9618623544807027
Province:Hubei,2019,Spring,1.4488649292050502,3,1.2792797430434384,-0.5292107212505966,,,2.5381043233211154
Province:Hubei,2019,Summer,1.2460343572190389,3,1.9524249571403571,-1.1592516006407745,,,0.6264265138759852
Province:Hubei,2019,Autumn,1.7537161531612089,3,2.730323464245841,-0.7237372340683107,,,1.807087761169475
Province:Hubei,2020,Winter,1.8897967045695852,4,2.7171802422086393,-1.5608595758489119,2.6937199795618523,,0.5874270206589365
Province:Hubei,2020,Spring,1.787197008440954,4,1.6661635255581588,-0.4984168072509515,4.234923199127557,,0.7492845018271483
Province:Hubei,2020,Summer,2.84921570153653,4,0.905957740571027,0.695724322620283,10.552810893899162,,0.6338184942962133
Province:Hubei,2020,Autumn,2.1418835546755,4,-0.14583014015566811,0.19402967463411552,9.325137356368286,,-0.417743322876502
Province:Hubei,2021,Winter,1.7403918901375834,4,2.5264345220432887,-0.5115090427692844,1.4341666193625326,,2.489457376375228
Province:Hubei,2021,Spring,2.0962754679122426,4,0.32800736653683965,-1.3275992720218979,6.855492576410479,,-0.12599734332024648
Province:Hubei,2021,Summer,1.6640992071972251,4,0.7322402975658818,-0.032397067818636494,6.123754340424705,,-0.23199487702032293
Province:Hubei,2021,Autumn,2.2082798853359606,3,3.4050635509890377,-0.6079087207631078,,,2.6118673842557363
Province:Hubei,2022,Winter,0.19007268286423865,3,0.32951949386052914,-0.8557716946770253,,,-0.6150731399448384
Province:Hubei,2022,Spring,2.966035213993938,4,2.97918527137472,-0.2118831928396147,8.299204984653885,,0.3738674071075315
Province:Hubei,2022,Summer,3.1147580813475164,4,6.21488490052538,-1.3286409518887174,1.7195478909884216,,3.1959585819875476
Province:Hubei,2022,Autumn,2.1867566646042524,4,4.642408676165578,0.13797527176456492,3.158620541729051,,1.083972712286945
Province:Hubei,2023,Winter,0.6990581543088171,5,0.5844667554226891,-0.5951111456794745,0.4106220986515716,1.5716282473887788,0.33346252440157137
Province:Hubei,2023,Spring,2.4735914773614187,5,3.6655569827754575,-0.1368278835284511,5.279005305908752,1.2805759550384963,2.0059912595559353
Province:Hubei,2023,Summer,1.1102753671585193,5,1.3190316606139063,-0.6425887107040252,2.8795136709584104,0.7147536107655947,-0.004510817249340379
Province:Hubei,2023,Autumn,1.9737255898579797,5,3.8747758709229663,-1.3261435287133279,4.621271442946834,0.08039120874136828,-0.03395410203459919
Province:Hubei,2024,Winter,1.7041972898952007,5,2.1764791483739514,1.6263471303412949,2.964875417994145,-0.1576912976486642,5.163670311097866
Province:Hubei,2024,Spring,1.6598409377450742,5,2.4372979615851964,-1.8442497375751865,3.1999810951570162,0.09921523323076319,0.7184606611772109
Province:Hubei,2024,Summer,2.043569887849242,5,3.909937485827723,-1.608909899795762,2.6782410698677284,0.45903316286065005,1.5617278208943453
Province:Hubei,2024,Autumn,2.8611905762496157,5,6.273178437673569,-1.4945640615790168,1.3626403141931525,0.6994736717186353,4.476096396083704
Province:Hubei,2025,Winter,0.7727620661645652,4,1.1250607272047068,-0.921127559157387,0.5662059030972042,,0.4786540751989626
Province:Hubei,2025,Spring,2.83721745440386,4,3.9205209105550787,-1.3456339191000877,2.2902243868252383,,3.7924906011350363
Province:Hubei,2025,Summer,4.132900541298673,4,5.091437007773322,-1.344179325108375,7.898087079732683,,2.1978987525803118
Province:Hunan,1981,Spring,0.7172869256547071,4,-0.504489452394226,-0.08639595560023298,2.8287567801844395,,0.45848441922838157
Province:Hunan,1981,Summer,1.2000176739567965,4,1.8708423946292485,-0.8657637208038043,1.0498031749284977,,1.0136614054656354
Province:Hunan,1981,Autumn,0.30506468795477437,4,-1.6492165839872075,1.9820613817988044,2.681139107350865,,2.1703976102542444
Province:Hunan,1982,Winter,-0.26772416622624445,4,-0.6455722129805047,0.2693157630340405,,-0.540370977170298,0.38436228827986535
Province:Hunan,1982,Spring,-0.4899917172263386,5,-0.813077375211415,0.8119930842354425,-0.9651145661166157,-0.7018761744721406,0.8421026139039206
Province:Hunan,1982,Summer,-0.570111639170615,5,-1.2221290050091784,0.6395578754867892,-0.19363112481077877,-0.7404152220467396,-0.05482496849958905
Province:Hunan,1982,Autumn,-0.146548702530151,5,-0.8488776185113777,-0.165041125010561,0.9385851381901269,-0.630128455726753,-0.35736370161331227
Province:Hunan,1983,Winter,-0.0741333232222821,5,-1.181175548863242,0.8053510644533086,0.7387006463892518,-0.22566348718094603,1.1028228379968343
Province:Hunan,1983,Spring,0.12697285185204152,5,-0.5806198870444615,-0.18069178933106955,-0.982113607043273,0.7374389941700297,1.279466969846843
Province:Hunan,1983,Summer,0.7934135804850323,5,-0.3269800484357035,-0.09262064914074528,-0.5408536661710175,1.7905611258451986,2.9517198420459385
Province:Hunan,1983,Autumn,0.6425183987024731,5,0.11508984485310488,-1.3889869929447913,-0.9260818104254054,2.3198713743219965,0.31472559181787857
Province:Hunan,1984,Winter,-0.6431798402639268,5,-1.2873455306198573,1.9484767215706138,-1.7605567152753727,2.627033883980041,-0.8465541178338318
Province:Hunan,1984,Spring,0.12399791067093395,5,-1.5818685999991648,-0.17622139884107144,-0.1628479343933961,2.2481853980721644,-0.059700709166005124
Province:Hunan,1984,Summer,0.5267692941077889,5,-0.18165624616009662,-0.9551569769540728,-1.4954463702490053,1.229551462483662,2.126240647510312
Province:Hunan,1984,Autumn,0.09139357312617924,5,-0.44648833548127426,0.41186404544574584,-0.13329178274280962,0.14862955732291944,1.2999824719778066
Province:Hunan,1985,Winter,-0.4302492435906428,5,-0.7444080211421629,1.925826531281841,-0.06091505272160682,-0.5436457800176173,1.123549167210014
Province:Hunan,1985,Spring,-0.45185498294338816,5,-0.3949076848173233,0.8509858081897254,-0.8556818833804198,-0.7173394339335036,0.5596398956040313
Province:Hunan,1985,Summer,-0.2880090381693054,5,-0.532346252917157,-1.3006433299659106,-1.430291205113348,-0.7676023765296638,-0.010448686252268814
Province:Hunan,1985,Autumn,-0.1462661135287185,5,0.22789282022404692,0.3967867123379178,-0.39561047420026313,-0.6618146111291291,0.4949884097996708
Province:Hunan,1986,Winter,-0.8474560728923459,5,-1.359582813612704,0.6244832160796022,-1.1962868793861967,-0.6498521750348587,-0.40707528034836743
Province:Hunan,1986,Spring,-0.2474525358338108,5,0.11027889199206382,-0.3543505221345873,-0.6965981916553073,-0.6987760467585399,-0.30651785488185784
Province:Hunan,1986,Summer,-0.5874314702199971,5,-1.108896548372261,-0.13691319584400047,-0.814039403492802,-0.5956264139108305,-0.5555081811680926
Province:Hunan,1986,Autumn,-0.4502189097782369,5,-1.401225209794134,0.5134908260722493,-0.40698090270409987,-0.39566002267488937,0.4662624123541882
Province:Hunan,1987,Winter,0.43197083370159656,5,1.0163115163307295,-0.9103997306065634,-0.6421520314006006,-0.28987591707625515,1.1651708700475458
Province:Hunan,1987,Spring,-0.10362835334056904,5,-0.05457407616216819,1.5056132288092428,-0.7651839341537767,-0.42946711073783583,2.236696583160178
Province:Hunan,1987,Summer,-0.5133833968053471,5,-0.8497278229419246,1.5926958376620726,-0.26786079098999277,-0.4586437219153348,0.6020111894825897
Province:Hunan,1987,Autumn,0.171830258415986,5,0.5021565011632476,0.9773639681458385,0.4168348263775669,-0.3947258580806397,1.3122497907655937
Province:Hunan,1988,Winter,-0.2560174140318833,5,-0.09873163817575388,0.8952331723252974,-0.5788952325144732,-0.010132747409807207,0.3029057202659154
Province:Hunan,1988,Spring,-0.3050622207211147,5,0.1418149694285348,1.8312051890713357,-0.9893532786178691,0.33108341159308546,0.822348983062011
Province:Hunan,1988,Summer,0.2135067833807319,5,0.737564554198623,0.0006187837414603351,-0.28566208293212153,0.6816512308852876,-0.0654010015066692
Province:Hunan,1988,Autumn,0.3541919616875924,5,-1.0702536666133475,-1.0369023368678814,-0.14614351643839468,0.8414048963522582,1.1090497582695646
Province:Hunan,1989,Winter,0.0026232391447640778,5,-0.5814231660327893,0.13803005669165605,-0.5832170392038115,1.0051517985555483,0.310634659096529
Province:Hunan,1989,Spring,-0.4316080957118805,5,-1.6599659902337367,-0.5469108348517335,-0.8078321405035778,0.631915377439546,-0.8690685601133674
Province:Hunan,1989,Summer,-0.4216421268965666,5,0.1655061672308473,2.103321768652184,-0.6566506054210703,-0.041855426371364274,0.5281109987309384
Province:Hunan,1989,Autumn,-0.23526574132043415,5,-0.30782146035843205,0.48217875710672076,-0.02808283309147022,-0.5925411253770932,0.23429546933154563
Province:Hunan,1990,Winter,-0.05230591685303352,5,-0.7746853290515593,-0.3456634876867964,-0.0978343931056811,-0.5961223717116548,0.8614490219169312
Province:Hunan,1990,Spring,-0.04034473714598406,5,-0.9452924033977689,0.1309086974044967,0.47430793141152766,0.004160029876167264,0.39600945378465036
Province:Hunan,1990,Summer,0.27193285712562865,5,-0.2536352724365554,-0.9232802201154414,-0.6073466400490916,0.7431542057845044,0.5542117722138444
Province:Hunan,1990,Autumn,0.8721779344488144,5,-0.1353233763028719,-1.1921660656463848,1.3803861638695964,1.2131960911271937,0.7104647279037695
Province:Hunan,1991,Winter,0.4610055638937657,5,-0.8651502265485695,-1.276194436693824,1.3512277976313498,1.2417576048735368,-0.6990017931813132
Province:Hunan,1991,Spring,0.2761730900513388,5,0.3099998833701033,1.5084897855379709,-0.11198066046772369,0.8146793079739301,1.876656704918355
Province:Hunan,1991,Summer,0.564744554362492,5,-0.44372766778244976,-0.5821429341371661,1.3792636266224756,0.1867341961905985,1.11930968264467
Province:Hunan,1991,Autumn,-0.2072709871570933,5,-1.4297306556518468,-0.7837216752662606,1.0022484128116729,-0.3698660487797963,-1.022728319431757
Province:Hunan,1992,Winter,0.11845874605002873,5,0.6567729793951627,-0.3003131607356716,0.21614044018080064,-0.486236820164985,-0.09469602989650622
Province:Hunan,1992,Spring,-0.21590085067586529,5,-1.3560869546820657,1.4722500657807107,1.7643173237659542,-0.25205313177860433,0.23656857509610044
Province:Hunan,1992,Summer,-0.6774304131325712,5,-0.46261035260303224,1.509768364600083,-0.8387497066837847,0.10248716355618025,-0.6785108053321363
Province:Hunan,1992,Autumn,-0.15068907819911082,5,0.2774331852717544,0.6027162687392419,-1.8490597340103998,0.3768015421206137,1.0440958843617196
Province:Hunan,1993,Winter,0.5241360392325654,5,0.41225872295980315,-0.17067911374653955,1.5222177563817085,0.5674590998388863,-0.0519344967641107
Province:Hunan,1993,Spring,0.04886950366794065,5,-0.5937438839450309,0.722964213340978,-0.37399965197310736,0.3431099966239875,1.591945270974832
Province:Hunan,1993,Summer,-0.24476682392352522,5,-1.2002368783399824,1.2914640820751098,2.034841620128907,-0.024708693466431977,-0.7422660858650091
Province:Hunan,1993,Autumn,-0.43140739319054305,5,-1.2566043149935158,0.8221546850025657,-0.6786163461720357,-0.3249766941174448,0.9253150743328468
Province:Hunan,1994,Winter,-0.049832328242452914,5,-0.6955633597349719,-0.125873100218072,-0.6618408203053554,-0.2967040623425858,1.2790735009525767
Province:Hunan,1994,Spring,0.3569756466670766,5,0.4195786634729756,-0.6152856662679417,0.6893565238326522,0.006622587010803039,0.05403479275101057
Province:Hunan,1994,Summer,-0.05438874349159632,5,-0.5068103506154339,-0.17281175558495165,0.5149754296555368,0.38680846323293105,-0.8397290153159672
Province:Hunan,1994,Autumn,0.07762399965849698,5,-0.18485210879487618,0.741361410935251,0.5750531139806121,0.6277669369802933,0.11151346706170664
Province:Hunan,1995,Winter,0.42320118202329626,5,-0.9234580646732757,-0.7690297161350395,0.746902926558992,0.866812720735936,0.6567186113597898
Province:Hunan,1995,Spring,0.21940310818835623,5,-0.7108323442934542,-0.7519877295299128,-0.1802783523829996,0.8865879071172407,0.34955060097108165
Province:Hunan,1995,Summer,0.34813009096332737,5,-0.17926394307123578,-0.559997477765186,0.05626659307216844,0.6977145703220954,0.6059357567284228
Province:Hunan,1995,Autumn,0.29057727535025635,5,0.008973811092778606,-0.8437413017229565,-0.12265834537270719,0.4070487592024009,0.3157808501058529
Province:Hunan,1996,Winter,-0.05784823415721516,5,-0.245187409909974,0.5349686525143855,-1.6631109469526242,0.33531856602669713,1.8187072725642108
Province:Hunan,1996,Spring,-0.6944487930891013,5,-1.0622681339556068,1.7637718191270357,-0.9296317438141131,0.176237212233999,0.1071905192172501
Province:Hunan,1996,Summer,0.14613268661254694,5,-1.1513234677550672,0.23204798208844862,0.9512856780673469,-0.06912330789714703,1.2318725127360508
Province:Hunan,1996,Autumn,-0.3032609208968527,5,-1.0016673182302906,-0.1566577880793743,-1.0198037477323556,-0.2593096990624506,0.607818372461459
Province:Hunan,1997,Winter,-0.14202556353425347,5,0.5590836036696046,-0.8406804621419197,-0.5073225872920438,-1.1702984593651289,-0.4322708368256191
Province:Hunan,1997,Spring,-0.06252736277639608,5,0.6526734022982776,-1.455342699304116,0.04161709967127437,-1.8555530586866757,-0.6067169564689727
Province:Hunan,1997,Summer,-1.2441735561897962,5,-1.3410896162943702,0.46347506247445197,-1.211656268545705,-2.2809480973608487,-0.9236987362736053
Province:Hunan,1997,Autumn,-0.8221703407210101,5,-0.3220494520265746,1.880829251639182,0.2792443923396792,-2.1955024212393233,0.00828502896034976
Province:Hunan,1998,Winter,-0.20149326816455787,5,-0.5630067065850864,-0.45619637206024277,0.22818904656409705,-2.0316131940659092,0.9027681412038666
Province:Hunan,1998,Spring,-0.1212076223144897,5,1.6865330057507657,0.619407799274884,-0.36612892789582857,-2.1669417634826234,0.8599073733301219
Province:Hunan,1998,Summer,0.5594878735301118,5,1.1511884207520837,-1.1000347025600927,1.3537034416636906,-1.8892859971806208,1.0817987998553125
Province:Hunan,1998,Autumn,-0.21392475575090705,5,0.5150458649709462,-1.5640495939764918,-0.4287429693369817,-1.2960774411983687,-1.4238988271666229
Province:Hunan,1999,Winter,0.7464558674715338,3,2.2998957355104026,-1.0917608779759038,,,-1.1522890110717052
Province:Hunan,1999,Spring,0.10727099503967785,3,-0.23586063750386277,-0.21720062208928084,,,0.3404730005336155
Province:Hunan,1999,Summer,-0.9026105861180849,3,-0.7787460125829752,1.323740957224821,,,-0.6053447885464582
Province:Hunan,1999,Autumn,0.6214067788404687,3,1.219197541194271,-0.2036549429883049,,,0.44136785233882997
Province:Hunan,2000,Winter,-0.26302620204214944,4,-0.5454642971296183,0.06300072315373728,-0.5392318545892875,,0.09559206670404528
Province:Hunan,2000,Spring,-0.18397065716792438,3,-0.7571446573902308,-1.6667098989371352,,,-1.4614772130506775
Province:Hunan,2000,Summer,0.09414199893764534,3,-0.1789358747189822,-0.975719513148626,,,-0.5143576416167078
Province:Hunan,2000,Autumn,-0.392012475972944,3,-0.04744515859430267,1.765574772744412,,,0.6369825034198827
Province:Hunan,2001,Winter,0.6228458397208682,3,0.3409386189967593,-1.343526327392094,,,0.18407257277375105
Province:Hunan,2001,Spring,-0.42787128722220524,3,-0.5347265039079333,-0.4004839158536113,,,-1.1493712736122936
Province:Hunan,2001,Summer,-0.28565411891718384,3,-0.21805820050564922,-0.05888926398086297,,,-0.6977934202267653
Province:Hunan,2001,Autumn,-0.06798689444650423,3,-0.2843614574264304,-1.6143344589227957,,,-1.533933684835878
Province:Hunan,2002,Winter,0.4150854589070045,3,1.3429934296183106,-0.4678345519767944,,,-0.5655716048740914
Province:Hunan,2002,Spring,0.1301883089574003,3,1.3290037414160485,0.5348063939779607,,,-0.4036324205658869
Province:Hunan,2002,Summer,-0.9365882302899763,3,0.3338525166692634,2.1152937751755823,,,-1.0283234323636097
Province:Hunan,2002,Autumn,-0.14180604056453505,4,-0.3426302397894689,0.43507957149558424,0.8988759649449697,,-0.6883903159180568
Province:Hunan,2003,Winter,0.7792045354836519,4,0.9186779094454975,0.4822231137725034,1.2346715542610736,,1.44569179200054
Province:Hunan,2003,Spring,0.053034331359518586,4,-0.03700408692180441,0.160611578567749,0.3604859329768441,,0.049267057950783615
Province:Hunan,2003,Summer,0.7046676897407262,4,2.0009609797869965,-0.5832960065679446,-0.1871976356745599,,0.4216114082825239
Province:Hunan,2003,Autumn,-0.18306159584138626,4,1.0269453892272482,0.8403869744786019,-1.347901339971694,,0.4290965418575026
Province:Hunan,2004,Winter,-0.029755172615763614,5,0.5575152692409505,-0.8562107548556654,0.3495149602559829,0.1969823175293984,-2.108999164960815
Province:Hunan,2004,Spring,0.7257016575265356,5,1.3546725688274799,-1.2996053632547366,1.4920768582311834,0.6419864977389745,-1.159833000419696
Province:Hunan,2004,Summer,-0.2381781544860683,5,-0.9336672655645895,0.9386490448582052,1.1892459359946466,1.0495468383785207,-1.557367236380714
Province:Hunan,2004,Autumn,-0.15547271193633153,5,-0.617903748759911,-0.8881106583556686,-0.6893933176664705,1.1858832199582283,-1.544060371569173
Province:Hunan,2005,Winter,-0.3406823632332813,4,-0.5037769210547921,1.0720158219116012,1.903798424523803,,-1.6907351344905353
Province:Hunan,2005,Spring,0.46011821686514215,4,1.2128642184222358,-1.2168004199822782,0.5358264223241344,,-1.1250181932680798
Province:Hunan,2005,Summer,0.2803512998899104,3,1.0620568864965478,-0.09747730482477468,,,-0.31848029165159136
Province:Hunan,2005,Autumn,0.6615158341049984,3,1.9373114674101168,-0.5896174060293771,,,-0.542381371124499
Province:Hunan,2006,Winter,-0.31136160745979063,3,-0.9222885646525587,-0.007070379027957427,,,-0.018866636754770523
Province:Hunan,2006,Spring,0.3943188413492822,3,1.0789197637806163,-0.14728858405803727,,,-0.043251823790807074
Province:Hunan,2006,Summer,0.3482099492132466,3,0.7159515315301732,-1.1491156470405182,,,-0.8204373309309517
Province:Hunan,2006,Autumn,0.344639775785292,3,1.9656573276638274,-0.7009439431031061,,,-1.6326819434110573
Province:Hunan,2007,Winter,0.02933437519214673,3,0.7620747727892452,-1.2685559677153815,,,-1.9426276149281867
Province:Hunan,2007,Spring,0.9126409119013416,3,2.528395343629143,-0.798178021753006,,,-0.5886506296781245
Province:Hunan,2007,Summer,0.44385233279476716,3,0.6528538901998492,-1.2778532204035973,,,-0.5991501122191449
Province:Hunan,2007,Autumn,-0.24015660840181421,3,-0.24554814842468692,-0.3607031931217997,,,-0.8356248699025555
Province:Hunan,2008,Winter,-1.4492583497810385,3,-0.5373922272802405,2.68326599604577,,,-1.1271168260171054
Province:Hunan,2008,Spring,0.45110128944966404,3,1.007418545824899,-1.8296734201400173,,,-1.483788097615924
Province:Hunan,2008,Summer,-0.1223236743463975,3,-0.5657435486494322,-0.8507072560931831,,,-0.6519347304829434
Province:Hunan,2008,Autumn,0.27406819512313674,3,1.2638137387257709,-1.1096639329113942,,,-1.5512730862677546
Province:Hunan,2009,Winter,1.0704974824834899,3,2.3641751364722574,-0.9059485618133606,,,-0.05863125083514842
Province:Hunan,2009,Spring,-0.23518618445354175,3,0.48329377941575,-0.5713314257393993,,,-1.7601837585157747
Province:Hunan,2009,Summer,0.5646817268839658,3,2.281174950512878,-0.09233397313823671,,,-0.6794637429992174
Province:Hunan,2009,Autumn,0.35440457394714625,3,2.293255676728823,1.076300713840525,,,-0.15374124104685932
Province:Hunan,2010,Winter,0.3708731506937191,3,1.2435143436189307,-0.30625383205253426,,,-0.4371487235903076
Province:Hunan,2010,Spring,-0.6458556777683213,3,-0.49298410576864016,0.4014506043506323,,,-1.0431323231856915
Province:Hunan,2010,Summer,0.33535488688495363,3,1.4636320827495688,-0.435876385970096,,,-0.893443808064804
Province:Hunan,2010,Autumn,-0.25917149167892856,3,0.23922568521461296,-0.32985392483549075,,,-1.3465940850868894
Province:Hunan,2011,Winter,-0.2942672382150565,3,0.5870111579595542,1.131903322149511,,,-0.33790955045521276
Province:Hunan,2011,Spring,-0.22988886317860704,3,0.7160077327110953,0.6229475568218129,,,-0.7827267654251036
Province:Hunan,2011,Summer,0.3659517186939026,3,1.3043201736749666,0.015686588657284402,,,-0.19077842893597444
Province:Hunan,2011,Autumn,0.3626183159748629,3,2.0162236018415034,0.21426156192371737,,,-0.7141070919931972
Province:Hunan,2012,Winter,-1.0373024352213795,3,-2.0136183504638545,-0.21512688199615998,,,-1.313415837196444
Province:Hunan,2012,Spring,0.07953074586706947,3,-0.18743263120876102,-0.8963211176966566,,,-0.4702962488866871
Province:Hunan,2012,Summer,0.3145289672778608,3,-0.031399445131019,-0.6480660491778755,,,0.32692029778672593
Province:Hunan,2012,Autumn,-0.4948760963104389,3,-0.8938092096075673,-0.5987990420064963,,,-1.1896181213302457
Province:Hunan,2013,Winter,-0.042513958489029814,3,0.4457574079511613,0.4257668660724645,,,-0.14753241734578626
Province:Hunan,2013,Spring,0.7550058120156321,3,1.5757735986097539,-0.6380855050544609,,,0.051158332382681374
Province:Hunan,2013,Summer,2.893301723937725,3,3.6909415106851835,-1.5233513306707442,,,3.465612330457248
Province:Hunan,2013,Autumn,-0.0004292781364160364,3,0.6601152759517509,0.5526828608812718,,,-0.10872024947972718
Province:Hunan,2014,Winter,0.1992294521104111,3,1.3996930699979415,0.3101482139392919,,,-0.4918564997274163
Province:Hunan,2014,Spring,0.6119207775335208,3,0.841759026704177,-1.7968983382986035,,,-0.8028950324022177
Province:Hunan,2014,Summer,-0.6868903553855551,3,-0.5823935988202946,0.6551576762953553,,,-0.8231197910410153
Province:Hunan,2014,Autumn,0.956877643495433,3,1.7279307459354483,-1.2904150593721784,,,-0.14771287482132744
Province:Hunan,2015,Winter,0.8791736988768687,3,1.669260219699327,-1.081217458411634,,,-0.11295658148035481
Province:Hunan,2015,Summer,-0.2717687571225398,3,-0.3783871601347092,1.4975480099095093,,,1.060628898676599
Province:Hunan,2015,Autumn,0.37805853125749356,3,0.6649893447468502,-0.6072030714003207,,,-0.13801682237469026
Province:Hunan,2016,Winter,0.9721329926087124,3,-0.06561547191077355,-0.5860269392542907,,,2.39598751048262
Province:Hunan,2016,Spring,0.6540188665270353,3,0.5351619750537139,0.001541656348637301,,,1.4284362808760294
Province:Hunan,2016,Summer,1.9323256667101651,3,1.593019041281247,-0.13064393130800728,,,4.073314027541241
Province:Hunan,2016,Autumn,2.010724041329739,3,1.5997785949379508,0.527084811204062,,,4.959478340255329
Province:Hunan,2017,Winter,2.241127928733228,3,2.283429759376586,-1.5013753092233957,,,2.938578717599704
Province:Hunan,2017,Spring,0.6505196226802347,3,-0.22342077977924288,-1.19211813774069,,,0.9828615100792572
Province:Hunan,2017,Summer,1.0670510275642358,3,0.5374201374125677,-0.00979006261207298,,,2.6539428826680664
Province:Hunan,2017,Autumn,1.5232455802633778,3,0.5235427339813219,-0.033602983311034465,,,4.012591023497777
Province:Hunan,2018,Winter,0.49578559409345174,3,-0.23496944618386134,0.6297719667823017,,,2.3520981952465183
Province:Hunan,2018,Spring,2.8046734666023716,3,3.951239342058693,-1.5822696381176375,,,2.8805114196307833
Province:Hunan,2018,Summer,1.003460450112003,3,0.3275796849334292,-1.1127923367947343,,,1.5700093286078454
Province:Hunan,2018,Autumn,1.1160773591128426,3,0.25429686885723735,-0.220519586238115,,,2.8734156222431757
Province:Hunan,2019,Winter,0.6914440929144132,3,-0.0634087446608654,1.671064025208532,,,3.808805048612637
Province:Hunan,2019,Spring,0.6096654035809544,3,0.159805433967595,-0.4352546622544769,,,1.2339361145207912
Province:Hunan,2019,Summer,0.6369006399897286,3,0.8030818722777063,-0.03198929257018946,,,1.07563075512129
Province:Hunan,2019,Autumn,2.083681169824385,3,2.464034209358447,-0.6648149693822962,,,3.1221943307324125
Province:Hunan,2020,Winter,2.8855055666705733,4,1.6663328379831144,-1.446246470920559,6.048693413167586,,2.380749544611034
Province:Hunan,2020,Spring,1.3158793264235924,4,0.8231831738539943,-0.1522438491687031,3.863021791811353,,0.4250684908603186
Province:Hunan,2020,Summer,2.628307579310776,4,0.49699366424891495,-0.982806726863987,5.7117857870651605,,3.3216441390650426
Province:Hunan,2020,Autumn,1.6472098464287142,4,-0.5868257129439318,1.0958471847443843,5.26967523382746,,3.0018370495757125
Province:Hunan,2021,Winter,0.9537058054387598,5,2.3796009211394824,-0.18997479231485037,1.0265470272265553,-1.7704650809578613,2.9428713674707723
Province:Hunan,2021,Spring,1.5713257083834522,5,0.490727460611985,-1.0340242592893714,8.037187666535598,-2.249209857935454,0.5438990134157609
Province:Hunan,2021,Summer,1.5819779100715976,5,2.182160664640791,-0.7443987000646485,5.673353529181912,-2.511270426927655,1.8212470833982919
Province:Hunan,2021,Autumn,1.4575153235102014,4,4.078270788170167,-0.37042198817174576,,-2.2461305323838645,3.6274990500827573
Province:Hunan,2022,Winter,-0.04840074878396178,4,-0.013563245100921228,-0.17602671901246633,,-1.424611526678552,1.0685450576311597
Province:Hunan,2022,Spring,2.2375621883404038,5,2.299428712285538,0.2593992707955853,7.317136332667695,1.0469679773051608,0.7836771902392109
Province:Hunan,2022,Summer,3.2610196424917754,5,4.0884286401335554,-1.7538675173212614,3.222758814104575,3.921604263784803,3.318438977114682
Province:Hunan,2022,Autumn,3.3797151345716,5,4.629086834589211,-0.15477781101704044,-0.9159651190329015,5.552004572833972,7.478671573450681
Province:Hunan,2023,Winter,2.1901234350380205,5,0.3249605944256292,-0.3218407524840511,2.6320320389684575,5.230694270970598,2.4410895183413657
Province:Hunan,2023,Spring,2.8946237312936995,5,3.1452224267211895,0.13291084419562277,5.087099498820802,4.257358228465076,2.116349346657055
Province:Hunan,2023,Summer,1.7725997656802304,5,2.278911460330999,-0.9918242175388857,1.8292623040508862,2.0063865987047658,1.7566142477756148
Province:Hunan,2023,Autumn,1.929716744931257,5,3.6305028885774533,-1.217232996371531,2.2295419208638636,-0.24569787302122084,2.8170037918646575
Province:Hunan,2024,Winter,1.5879363805735989,5,2.4931328821336716,2.1972958179461477,4.071001486896683,-1.0684629053207408,4.641306257104527
Province:Hunan,2024,Spring,1.453158185157554,5,1.3883590218492947,-1.7110759926423071,4.660755684783261,-1.1339522553784542,0.6395524818913608
Province:Hunan,2024,Summer,2.975776519136386,5,2.995591993801195,-0.9534734914757207,9.4982781455834,-1.113325330813594,2.5448642956352088
Province:Hunan,2024,Autumn,2.3302841892298436,5,3.354266291957288,-1.7057361434267428,3.298280508145211,-0.8823330809891461,4.175471083609122
Province:Hunan,2025,Winter,1.4704981451123982,4,0.6405185648127859,-1.2203714036559579,0.8696485635341756,,3.151454048446673
Province:Hunan,2025,Spring,2.609518762620481,4,2.7856009171116316,-0.784154680942895,5.8040160920096255,,1.0643033604177716
Province:Hunan,2025,Summer,2.666673776250034,4,2.3754622932078817,-1.497371560839231,4.681075282766059,,2.1127859681869636
Province:Macau,1981,Spring,0.08751792890566779,3,0.48846354533055836,-0.5099877054807933,,,-0.7358974640943483
Province:Macau,1981,Summer,-0.15207168085275435,3,0.03185533495943572,-0.14092963607045927,,,-0.629000013588158
Province:Macau,1981,Autumn,-0.8718463354662797,3,-0.9862529043534503,1.6163160107455974,,,-0.012970091299790942
Province:Macau,1982,Winter,-0.5569388654240971,3,-0.5889625722476646,0.1369255732588898,,,-0.9449284507657372
Province:Macau,1982,Spring,-0.9112480422679538,3,-1.2937683092539116,0.5475427070590042,,,-0.8924331104909456
Province:Macau,1982,Summer,-0.8338645698805675,3,-0.16130999404990803,1.4924792190681317,,,-0.8478044965236629
Province:Macau,1982,Autumn,-0.37770201027811606,3,-0.7866677401746927,-0.9023962144916352,,,-1.2488345051512908
Province:Macau,1983,Winter,-1.1452213722632576,3,-1.5898296021552576,1.2657644943000705,,,-0.580070020334445
Province:Macau,1983,Spring,-0.45293434295253987,3,-0.22792376876712067,0.23304836868932582,,,-0.8978308914011731
Province:Macau,1983,Summer,0.09995955640313332,3,-0.27314255295005485,-1.654720165959002,,,-1.0816989437995472
Province:Macau,1983,Autumn,-0.040446943311075755,3,-0.18336108427283118,-0.6929225525651449,,,-0.630902298225541
Province:Macau,1984,Winter,-1.7178750105488672,3,-1.7984909264116111,2.6612537064822233,,,-0.6938803987527674
Province:Macau,1984,Spring,-0.8024034721988976,3,-0.7579338954572735,0.751445629738246,,,-0.8978308914011731
Province:Macau,1984,Summer,-0.35556627382359834,3,-0.9780265605631,-0.532782770510273,,,-0.6214550314179682
Province:Macau,1984,Autumn,-0.677448388315835,3,-0.9733764421483689,-0.18986578235215487,,,-1.2488345051512908
Province:Macau,1985,Winter,-1.0369094402200698,3,-0.6879882854540696,1.4778115844404027,,,-0.9449284507657372
Province:Macau,1985,Spring,-0.9976832247307684,3,-0.7695824696702439,1.4875697404277128,,,-0.7358974640943483
Province:Macau,1985,Summer,-0.9176544010210371,3,-1.1881362166785268,0.7170224898609219,,,-0.8478044965236629
Province:Macau,1985,Autumn,-0.6465899925374835,3,-0.6900942736365842,0.6187734057503254,,,-0.630902298225541
Province:Macau,1986,Winter,-0.9611298538013949,3,-1.4023880735859913,0.5360730370524562,,,-0.9449284507657372
Province:Macau,1986,Spring,-0.33749137512281036,3,-0.5861174258159603,-0.30954076454187746,,,-0.7358974640943483
Province:Macau,1986,Summer,0.3203165965780983,3,0.4554635126115063,-0.9081368256052521,,,-0.40265054848246357
Province:Macau,1986,Autumn,-0.847820252347056,3,-1.0828263708915586,0.41329951369149787,,,-1.0473348724581115
Province:Macau,1987,Winter,0.4560597766245092,3,1.112157715333792,-1.188368740118187,,,-0.9323471255784513
Province:Macau,1987,Spring,0.23414453442351124,3,1.5222745067316805,-0.07798998794002639,,,-0.8978308914011731
Province:Macau,1987,Summer,0.13965282820033997,3,1.4958451969249906,-0.0048122314755765965,,,-1.0816989437995472
Province:Macau,1987,Autumn,-0.15484566572236538,3,0.4881020181283393,0.7314526368793592,,,-0.2211863784160762
Province:Macau,1988,Winter,-0.3834799972629557,3,0.40056284272372655,0.6060743837468564,,,-0.9449284507657372
Province:Macau,1988,Spring,-0.9652287903601352,3,0.6282464358862035,2.631499696475663,,,-0.8924331104909456
Province:Macau,1988,Summer,0.46337816313336483,3,1.9431754325255772,-0.5286580006740644,,,-1.0816989437995472
Province:Macau,1988,Autumn,-1.0135566638347127,3,-1.0796072553402882,0.9137278637057382,,,-1.0473348724581115
Province:Macau,1989,Winter,-0.47815799779487334,3,-0.8754298140233363,-0.2684585696564513,,,-0.8275027490177351
Province:Macau,1989,Spring,-0.44788204585414143,3,-0.7666703261170013,0.008409555568126968,,,-0.568566255877296
Province:Macau,1989,Summer,-0.22073330961249374,3,-0.1782543211559911,-0.1450544059066679,,,-0.629000013588158
Province:Macau,1989,Autumn,-0.7411195013706836,3,-0.677217811431503,0.29730618752925736,,,-1.2488345051512908
Province:Macau,1990,Winter,-0.894465277227149,3,-1.6888553153616628,0.04961206555404689,,,-0.9449284507657372
Province:Macau,1990,Spring,-0.8408228012288882,3,-0.658921014647025,0.9657164976384662,,,-0.8978308914011731
Province:Macau,1990,Summer,0.751341510807542,3,1.983841817580176,-0.891637746260418,,,-0.6214550314179682
Province:Macau,1990,Autumn,0.12511939579463172,3,0.41084324489785196,-1.0051331605210487,,,-1.0406182180350056
Province:Macau,1991,Winter,-0.17097342017577832,3,-0.11505380190272656,-0.6644876938891308,,,-1.0623541525137392
Province:Macau,1991,Spring,0.24209927220413804,3,2.229925390169632,0.44386325484921996,,,-1.059764318707998
Province:Macau,1991,Summer,0.4576293919978515,3,1.1061256734850862,-0.8957625160966266,,,-0.629000013588158
Province:Macau,1991,Autumn,-0.2663143386584568,3,-0.7659734259165265,-1.0143652823992677,,,-1.0473348724581115
Province:Macau,1992,Winter,-0.3857669431554965,3,-0.49749793566539413,-0.2851255569646417,,,-0.9449284507657372
Province:Macau,1992,Spring,-0.914121285273955,3,-0.8482103456077938,0.8343891915060732,,,-1.059764318707998
Province:Macau,1992,Summer,0.06589807132684218,3,0.5503517444055699,-0.26879750099292493,,,-0.6214550314179682
Province:Macau,1992,Autumn,-0.17015226812861273,3,0.4237197071029333,0.10177458057005101,,,-0.8324019309187204
Province:Macau,1993,Winter,-0.12233934292234316,3,1.048498328272532,0.47058790627382435,,,-0.9449284507657372
Province:Macau,1993,Spring,-0.17491016233440523,3,0.564179277714866,0.029145446010083762,,,-1.059764318707998
Province:Macau,1993,Summer,1.030857004157246,3,2.1871737428531697,-1.5268523010365367,,,-0.6214550314179682
Province:Macau,1993,Autumn,-0.8067094968348972,3,-0.673998695880233,0.9137278637057382,,,-0.8324019309187204
Province:Macau,1994,Winter,-0.17686837612407824,3,0.15726690941488708,-0.3744821147266174,,,-1.0623541525137392
Province:Macau,1994,Spring,0.8019506894862184,3,2.4337754388966135,-1.0318409482700395,,,-1.059764318707998
Province:Macau,1994,Summer,-0.8880472366250424,3,-0.4764744782230488,1.3398627351284154,,,-0.8478044965236629
Province:Macau,1994,Autumn,-0.2129127302725311,3,0.2949550850521219,-0.1136415965883963,,,-1.0473348724581115
Province:Macau,1995,Winter,-0.11978682310062465,3,-0.21407951510913176,-0.9170731983209971,,,-1.0623541525137392
Province:Macau,1995,Spring,-0.20678210712457723,3,0.29626207081654704,0.018777500789105537,,,-0.8978308914011731
Province:Macau,1995,Summer,-0.43587723784390264,3,1.089181346379003,1.3151141161111637,,,-1.0816989437995472
Province:Macau,1996,Spring,-0.8951913943282555,3,-0.9443110828647997,1.8366238962006525,,,0.09536079608068555
Province:Macau,1996,Summer,0.10048748023472232,3,0.2656870490233782,-0.6647754052689469,,,-0.629000013588158
Province:Macau,1996,Autumn,0.6138250580112768,3,-0.3971547584709885,-1.2172352426462894,,,1.0213946898585295
Province:Macau,1997,Winter,0.23573561256364675,3,-1.1831168514860946,-0.6083575817931605,,,1.2819661073838744
Province:Macau,1997,Spring,0.5465501263264166,3,-0.5045774063251673,-1.2391998526896078,,,0.9050279326148096
Province:Macau,1997,Summer,-0.12307821772292571,3,-1.0830813886208135,0.98100775937827,,,1.6948544948303061
Province:Macau,1997,Autumn,0.21982631850477327,3,0.7939179954990158,1.1424004209970133,,,1.0079613810123174
Province:Macau,1998,Winter,0.829978765867556,3,1.4233813854110648,0.5173629996871331,,,1.583917911878736
Province:Macau,1998,Spring,0.7007819449141689,3,-0.0473708684660795,-0.9316174778005817,,,1.2180992254080045
Province:Macau,1998,Summer,0.10921918176829222,3,-0.5747515754383289,0.09830701442963748,,,1.000716135172843
Province:Macau,1998,Autumn,0.23708335516876156,3,-0.883241206712801,-1.4193950396719095,,,0.1750962325471762
Province:Macau,1999,Winter,1.0741333815759913,3,1.5047239355448974,-0.8187415575010195,,,0.8989346516820574
Province:Macau,1999,Spring,1.0501916210334572,3,1.4552952050071009,0.5268068166170474,,,2.2220864747103177
Province:Macau,1999,Summer,0.0461353494765551,3,-1.2931910447362402,-0.6647754052689469,,,0.7668216878969587
Province:Macau,1999,Autumn,0.5098509394241585,3,-0.2007887098435013,-0.29923091844798216,,,1.4311106096679946
Province:Macau,2000,Winter,0.30206761529373427,3,-1.1053109339667764,0.052085231412681704,,,2.063599011260661
Province:Macau,2000,Spring,0.7056635547139066,3,-0.6763938759664808,-1.5536941910592859,,,1.2396903490489148
Province:Macau,2000,Summer,0.6042189473045064,3,0.38090847334474176,0.48191060919703377,,,1.9136589777658113
Province:Macau,2000,Autumn,0.6927086257299114,3,0.4591299781669063,0.4166136087247048,,,2.0356095077475325
Province:Macau,2001,Winter,0.7184224575506514,3,0.2350728269342048,-1.2756822478230296,,,0.6445122978947196
Province:Macau,2001,Spring,0.34789543265593864,3,-0.5045774063251673,-1.118240491778193,,,0.43002321251479025
Province:Macau,2001,Summer,0.40495737584412955,3,-0.38158624642898487,-0.16567825508771064,,,1.4307801188736629
Province:Macau,2001,Autumn,0.19288225804896966,3,0.4044050137953113,-0.388711484344568,,,-0.21446972399297026
Province:Macau,2002,Winter,0.8378754166385723,3,0.6311756797598249,-1.2756822478230299,,,0.6067683223328619
Province:Macau,2002,Spring,1.63717135933842,3,1.8921167379934911,-1.4396467936285235,,,1.5797505463932462
Province:Macau,2002,Summer,0.16064179358237743,3,-1.3982458727939537,-0.6606506354327383,,,1.2195206181083478
Province:Macau,2002,Autumn,-0.8022524304371782,3,-0.9765955576996392,2.444839769047319,,,1.0146780354354235
Province:Macau,2003,Winter,0.4051342172907808,3,0.5427598643969631,-0.05329313995523168,,,0.6193496475201477
Province:Macau,2003,Spring,0.7620578328491132,3,-0.40556452551491906,-1.1389763822201497,,,1.5527616418421089
Province:Macau,2003,Summer,0.3012905490535736,3,-0.7882500969749724,-0.0048122314755765965,,,1.6873095126601165
Province:Macau,2003,Autumn,0.24904280724645048,3,-0.18469313208714996,0.5127223646877047,,,1.4445439185142062
Province:Macau,2004,Winter,0.5089248452945805,3,0.554223432181941,0.36219872429539923,,,1.3347498279971997
Province:Macau,2004,Spring,0.37654234012608284,3,-0.7637581825637587,-0.8210260621101454,,,1.072359140831862
Province:Macau,2004,Summer,0.5663255857731136,3,0.7638502659422133,-0.4172892150964331,,,0.5178372762806948
Province:Macau,2004,Autumn,0.13807127712690268,3,0.021330263194148123,-0.6140699466026361,,,-0.2211863784160762
Province:Macau,2005,Winter,-0.13259119596466284,3,-0.4793269611977163,0.4581145480302757,,,0.5396679213340034
Province:Macau,2005,Spring,0.10160971096464773,3,-0.7666703261170013,-0.5065317237404672,,,0.5649677352704773
Province:Macau,2005,Summer,-0.14206786014186168,3,-0.6798064034960425,0.98100775937827,,,1.2346105824487275
Province:Macau,2005,Autumn,1.7800526927240046,3,2.2908067268396963,-1.6182407416643225,,,1.4311106096679946
Province:Macau,2006,Winter,0.7115466940170029,3,0.6523954754469118,-0.39319215209194086,,,1.0890524545121558
Province:Macau,2006,Spring,0.21092354068138888,3,0.05164201234416867,0.6477661775284617,,,1.2288947872284597
Province:Macau,2006,Summer,0.19387910772434402,3,-0.37819738100776823,0.4860353790332424,,,1.4458700832140428
Province:Macau,2006,Autumn,0.7130911112695294,3,1.7628717764313702,-0.5908712813701882,,,-0.21446972399297026
Province:Macau,2007,Winter,1.0236332194384519,3,1.2536230199143703,-1.5376227709375578,,,0.2796538674634275
Province:Macau,2007,Spring,0.5601885937589844,3,0.8146236232937296,0.049881336452040556,,,0.9158234944352645
Province:Macau,2007,Summer,0.03298846496115274,3,0.03863306580186895,-0.9081368256052521,,,-0.8478044965236629
Province:Macau,2007,Autumn,0.16233081943945324,3,-0.5999590382010163,-0.6969223224328083,,,0.39002917408656773
Province:Macau,2008,Winter,0.043262420637242206,3,0.5781261905421082,1.9248094311510322,,,1.4764705025206506
Province:Macau,2008,Spring,-0.018243409597498646,3,-0.7637581825637588,-0.6136671576905773,,,0.09536079608068555
Province:Macau,2008,Summer,-1.073130559404683,3,-0.9881931568267496,2.998020209284258,,,0.7668216878969587
Province:Macau,2008,Autumn,1.6680805752191212,3,2.8670284105170776,-1.518817890668116,,,0.6183954244721709
Province:Macau,2009,Winter,0.9964613580269491,3,1.384478426651406,-1.3629957555278722,,,0.24190989190156942
Province:Macau,2009,Spring,0.1869434537646437,3,-0.6705695888599956,-0.8175700803698192,,,0.4138298697841075
Province:Macau,2009,Summer,0.12039444779696833,3,-0.37819738100776823,-0.9081368256052523,,,-0.16875610120657916
Province:Macau,2009,Autumn,0.5703389030978525,3,1.2059647860616116,0.744709017012187,,,1.249760940244133
Province:Macau,2010,Winter,0.1392681351659765,3,0.7478845560388022,0.5048896414435841,,,0.17480949090271133
Province:Macau,2010,Spring,-0.5872894827718793,3,-0.420125243281132,1.0970438037708594,,,-0.24469940126364648
Province:Macau,2010,Summer,-0.8274800591952864,3,-1.093247984884463,1.0016316085593127,,,-0.3875605841420839
Province:Macau,2010,Autumn,-0.24258711929051793,3,-0.2812665986252583,1.4141562137199775,,,0.9676614544736819
Province:Macau,2011,Winter,-0.5180472934928263,3,-1.1831168514860946,1.2252260800085362,,,0.8542010510161518
Province:Macau,2011,Spring,-0.5902544306603054,3,-0.8482103456077938,0.8343891915060732,,,-0.08816375486704901
Province:Macau,2011,Summer,0.182915719811686,3,-0.16808772489234125,-0.644151556087904,,,0.0726833282394953
Province:Macau,2011,Autumn,0.1495068908734034,3,-0.47441353170147527,0.09846048553684407,,,1.0213946898585295
Province:Macau,2012,Winter,-0.4657969226914959,3,-1.6994652132052062,1.0245770586079987,,,1.326651503738717
Province:Macau,2012,Spring,0.8463891225762987,3,0.3894506645203102,-0.9316174778005817,,,1.2180992254080045
Province:Macau,2012,Summer,0.7229097127807199,3,-0.06303289683462818,-0.5369075403464812,,,1.6948544948303066
Province:Macau,2012,Autumn,0.3990743364074043,3,-0.29736217638160983,-1.104556011517255,,,0.39002917408656773
Province:Macau,2013,Winter,0.5055796506841441,3,0.8150805757145768,-0.5771741861842881,,,0.12448419015356764
Province:Macau,2013,Spring,-0.11960741087463556,3,-0.2453966300865761,0.036057409490736485,,,-0.07736819304659412
Province:Macau,2013,Summer,-0.252406795118092,3,-0.7713057698688897,0.7376463390419651,,,0.7517317235565788
Province:Macau,2013,Autumn,-0.1313013972130871,3,-0.6836560425340437,-0.28928863334836136,,,0.0004632175464210575
Province:Macau,2014,Winter,-0.42182037079881435,3,-0.9532357315426545,0.6296232238790737,,,0.31739784302528523
Province:Macau,2014,Spring,0.1949751606685202,3,0.11279702696226361,-1.0352969300103656,,,-0.5631684749670686
Province:Macau,2014,Summer,0.6264419482544813,3,0.9773487874788568,-1.5309770708727453,,,-0.629000013588158
Province:Macau,2014,Autumn,0.5004906030992827,3,0.5074167114359607,-1.6182407416643225,,,-0.6241856438024349
Province:Macau,2015,Winter,-0.04024180893320043,3,-1.2715326668489562,-1.0137417247085014,,,0.13706551534085343
Province:Macau,2015,Summer,0.5424269888800622,3,1.800843084834482,-0.9081368256052521,,,-1.0816989437995472
Province:Macau,2015,Autumn,1.188139879109379,3,3.079490036900917,-0.5113330005732227,,,-0.026403400146002943
Province:Macau,2016,Winter,-0.10758732030007616,3,-0.5828649298088466,0.2688635953695328,,,0.528966564278151
Province:Macau,2016,Spring,-0.41973968637068504,3,-0.6793060195197232,0.32981585741845776,,,-0.25009718217387394
Province:Macau,2016,Summer,0.2334693843415937,3,0.7672391313634299,-0.7885185003552039,,,-0.8553494786938526
Province:Macau,2016,Autumn,1.3783554315106412,3,3.3402383965538096,-0.18986578235215487,,,0.604962115625959
Province:Macau,2017,Winter,0.7511419015109961,3,1.292525978674029,-1.15094866538754,,,-0.19004893952858087
Province:Macau,2017,Spring,-0.08472352605532373,3,-0.9326625086518294,-0.9177935508392772,,,-0.2393016203534189
Province:Macau,2017,Summer,0.06264125430495499,3,0.6689620341481501,0.08593270492101159,,,-0.3951055663122736
Province:Macau,2017,Autumn,1.446900050275944,3,2.8541519483119964,-0.7002364174660152,,,0.7863117850498202
Province:Macau,2018,Winter,-0.21822204491534317,3,-1.0840911382796894,0.5547830744177801,,,0.9842080779514398
Province:Macau,2018,Spring,1.0893667224732766,3,1.7814552829702723,-0.9108815873586248,,,0.5757632970909324
Province:Macau,2018,Summer,-0.24509817610246235,3,-0.8729717325053864,-0.532782770510273,,,-0.3951055663122736
Province:Macau,2018,Autumn,-0.1289879722479182,3,-0.2825708954434453,-0.2657757004834539,,,-0.37016872178376314
Province:Macau,2019,Winter,1.3503389156040964,3,3.057305653316746,-0.7518012015939735,,,0.24190989190156942
Province:Macau,2019,Spring,0.2908205456518701,3,0.6790471623149911,-0.5706593849220742,,,-0.3772449102814549
Province:Macau,2019,Summer,0.28610453754121096,3,0.8655162285787101,-0.161553485251502,,,-0.16875610120657916
Province:Macau,2019,Autumn,0.3918164073706936,3,0.7005636445121777,-1.5155037956349091,,,-1.0406182180350056
Province:Macau,2020,Winter,1.0126509367393135,3,1.7937521871448718,-1.3509525130858253,,,-0.10675189001275687
Province:Macau,2020,Spring,0.2308604395208896,3,0.4535178226916475,-0.7968341899278624,,,-0.557770694056841
Province:Macau,2020,Summer,-0.00730889032091749,3,-0.6764175380748259,-1.2834908807002314,,,-0.629000013588158
Province:Macau,2020,Autumn,1.0748032446259546,3,0.9226826175498268,-1.522131985701323,,,0.7795951306267142
Province:Macau,2021,Winter,0.5830801100943845,3,1.528773037323596,-0.31523366306975986,,,-0.0947663701102022
Province:Macau,2021,Spring,1.8023694621784108,3,4.149027991756505,-1.6539176615287439,,,-0.3958372667500161
Province:Macau,2021,Summer,-0.06376313501479554,3,0.1572433555444485,-0.2729222708291331,,,-0.6214550314179682
Province:Macau,2021,Autumn,1.1270940219508003,3,2.281149380185886,0.2906779974628435,,,1.3908106831293585
Province:Macau,2022,Winter,0.24013694358150764,3,-0.4121309415219417,-0.5802925257451751,,,0.5522492465212896
Province:Macau,2022,Spring,0.19693114592640346,3,0.5700035648213518,0.236504350429652,,,0.25729422338751046
Province:Macau,2022,Summer,0.7237362210743808,3,0.8417941706301941,-1.279366110864023,,,0.05004838172892568
Province:Macau,2022,Autumn,1.4597579704096961,3,3.4786603652584303,-0.3158013936140164,,,0.5848121523566411
Province:Macau,2023,Winter,0.36413709097509445,3,-0.4262774719799994,-0.6644876938891308,,,0.8542010510161518
Province:Macau,2023,Spring,0.25051993715765525,3,0.6428071536524161,-0.5099877054807933,,,-0.4012350476602437
Province:Macau,2023,Summer,0.4319347007743026,3,0.15046562470201524,-1.7743384912090505,,,-0.629000013588158
Province:Macau,2023,Autumn,0.9621735621131352,3,2.184575913647777,-0.10369931148877581,,,0.5982454612028529
Province:Macau,2024,Winter,1.2614272698237128,3,3.3610901996186615,-0.30319042062771273,,,0.12000118922476458
Province:Macau,2024,Spring,1.1434898584179685,3,2.614004767691739,-1.5229743533674982,,,-0.706509545805332
Province:Macau,2024,Summer,0.358824884224829,3,0.6791286304117993,-1.0112560715104664,,,-0.6139100492477785
Province:Macau,2024,Autumn,1.6674127420064841,3,2.630299605362124,-1.313343998609289,,,1.0585946220480396
Province:Macau,2025,Winter,0.2134082490047413,3,-0.9539430580655572,-1.5376227709375578,,,0.05654503414222337
Province:Macau,2025,Spring,0.5908602098900709,3,1.0708922559790786,-0.6171231394309034,,,0.0845652342602308
Province:Macau,2025,Summer,0.34060579472523655,3,0.07845223450116351,-1.33092573381663,,,-0.3875605841420839
Province:Gansu,1981,Spring,1.6755115894555561,4,-0.29021188297005446,-0.7852397831212954,4.432673558653458,,1.774344899017525
Province:Gansu,1981,Summer,1.486236644251612,4,-0.3465816091049653,-0.7265093365383812,4.052718523829077,,1.512300325743955
Province:Gansu,1981,Autumn,0.7924480609055612,4,-1.2723473729730281,2.0790149186988653,4.313958077660202,,2.2071964576339362
Province:Gansu,1982,Winter,-0.5702477948000061,4,-0.3180998743564243,-0.34291287777306606,,-2.657488381476308,0.35168419885964214
Province:Gansu,1982,Spring,-0.4962256603001216,5,-0.68678913327656,0.32299370649082115,-0.28333382363676324,-2.4118413505711755,1.223829712474712
Province:Gansu,1982,Summer,-0.6752793475451704,5,-0.8370868350290858,1.6144071064141676,-0.19998207347392458,-1.9005377984505003,1.1756170756418263
Province:Gansu,1982,Autumn,-0.29504362454209654,5,-0.8202251461685236,-0.19706701398296161,0.1393591207956809,-1.02887067588227,0.03745156456166847
Province:Gansu,1983,Winter,0.1388577190735341,5,-1.4134457123630653,1.0163637156367409,-0.5085724633909979,0.060773349286341156,3.571897137472133
Province:Gansu,1983,Spring,-0.2384352664035149,5,-1.521883291395238,1.574717686582721,-0.15901755052404856,0.10937625286092306,1.9540659436235102
Province:Gansu,1983,Summer,-0.4400342515996485,5,-1.34264489737429,1.5152177079693083,-0.16404943615708503,0.19145687512864892,0.630283908373792
Province:Gansu,1983,Autumn,0.05229512833257207,5,-0.7673890634756901,-1.2457774992765536,-0.08112396008830891,0.27832208763192334,-0.4141109216816175
Province:Gansu,1984,Winter,-0.5835305579349155,5,-1.6410289342975817,1.454402015463795,-0.6250806958764424,0.4810232870449048,0.3218355689183368
Province:Gansu,1984,Spring,-0.029799800077908854,5,-0.9631413688525651,0.06540392016900783,0.04347520602951979,0.6613307599737966,0.1747403226287122
Province:Gansu,1984,Summer,-0.2772695644096248,5,-1.2169244738742522,1.8537832285618925,0.053097049822050046,0.9002989112775468,0.7309639192884235
Province:Gansu,1984,Autumn,-0.018630432031123474,5,-1.0757226129880806,-0.10670098520675318,-0.4098278924090391,1.116552676924568,0.16914468311018124
Province:Gansu,1985,Winter,-0.18725242119838761,5,-1.020086410690474,2.0185055434007273,-0.07561311963914556,0.962966726775291,1.214976240963117
Province:Gansu,1985,Spring,-0.023635065922587562,5,-1.0179507535469947,0.48748099830458,-0.14619425559534416,1.22060067777997,0.31285000005401103
Province:Gansu,1985,Summer,-0.26447637741878927,5,-1.0145297435311929,0.39372106850798716,-0.23641414700844632,1.465520269387483,-1.143237197433803
Province:Gansu,1985,Autumn,-0.04627916850584491,5,-1.0435699870679351,0.8612734167441302,0.15916012826062628,1.629152333602719,-0.11486490058050461
Province:Gansu,1986,Winter,0.06452789534926899,5,-1.028059652081737,0.2865000639353314,-0.9808840276734064,1.2820676900943198,1.3360155303425003
Province:Gansu,1986,Spring,-0.010352579353920477,5,-0.3830045762772662,0.5289034679793199,-0.4022222535347157,1.5088504626490589,-0.2464830616273594
Province:Gansu,1986,Summer,-0.08048478836353697,5,-0.6841283557656705,1.1729248849581202,-0.6678213768920905,1.7652475435630979,0.3572031322350985
Province:Gansu,1986,Autumn,-0.037638304780040335,5,-1.2223062910464992,1.5849337439529787,-0.4801753960164524,1.9118561621994725,1.1873677449162565
Province:Gansu,1987,Winter,0.6825026748912114,5,1.0323428124949263,-1.2844093188931516,-0.6931356031884148,1.3080701386073885,0.4808267076490057
Province:Gansu,1987,Spring,0.13636487264269093,5,-0.23019394212387326,0.38997928723735553,-0.18551641933318783,1.057853321266711,0.42966069064116025
Province:Gansu,1987,Summer,-0.25433377934040574,5,-0.5381193276920496,0.8215359453310366,-0.57843139171626,0.6560844186807125,0.010333349356605024
Province:Gansu,1987,Autumn,0.4863481522204278,5,1.623166921363883,1.4382846455826621,-0.5220039129850768,0.060632026984226976,2.708230371321768
Province:Gansu,1988,Winter,-0.02519691946551894,5,0.44992488042040085,0.8908736217332209,-0.20691111645388588,-0.17594912708124832,0.6978243875203596
Province:Gansu,1988,Spring,-0.8286608477005467,5,-1.171982481412266,2.4874312693171827,-0.20347101630999603,-0.2235750551835468,-0.056844416279741974
Province:Gansu,1988,Summer,-0.15512484789747477,5,-0.5629137205081995,-0.08177733454283534,-0.06574535288217101,-0.2916333490202151,0.06289084838037638
Province:Gansu,1988,Autumn,-0.33391604705133193,5,-0.6008636647526168,-0.9770345059282367,-0.31073980078578306,-0.3494578973404218,-1.385553378306075
Province:Gansu,1989,Winter,-0.06679983518541692,5,-0.8443748063985832,0.21898317494019057,1.4092179938834648,0.11559592329329127,-0.795455111765067
Province:Gansu,1989,Spring,-0.4027402944694883,5,-1.5554556942584208,-0.7066800129081768,-0.29892579401689384,-0.02216734950857283,-0.8438326474717307
Province:Gansu,1989,Summer,-0.5068059264568955,5,-1.2195425342395705,0.6154690646172948,-0.6239375257703349,-0.3201288146062396,0.2450483069489623
Province:Gansu,1989,Autumn,-0.43523180544045015,5,-0.48881526758371074,-0.5281365051566838,-0.1877399980056794,-0.6755212286755529,-1.3522190380939916
Province:Gansu,1990,Winter,-0.015603788772001215,5,0.7580813468912918,-0.5477148500006239,0.22711996622509656,-0.3756085691378724,-1.2353265378391458
Province:Gansu,1990,Spring,-0.7137611552159875,5,-0.8019009204549241,0.9447601445476348,0.05788627039729403,-0.6894004855554673,-1.1906304959192056
Province:Gansu,1990,Summer,-0.5821170658451408,5,-0.8775534780314438,0.009205600615426638,0.47334566854103954,-1.0808464805570552,-1.4163254385628177
Province:Gansu,1990,Autumn,-0.1529013178995881,5,0.38235068696309665,-0.8276848401342586,-0.0516124364093642,-1.477180172701886,-0.44574950748404557
Province:Gansu,1991,Winter,-0.07279625314360263,5,-0.48701269394156543,-1.184980009095318,0.4130922846384786,-0.775643809595769,-0.6993970559144752
Province:Gansu,1991,Spring,-0.6155913589019865,5,-0.6238669502330044,0.7233409093367354,-0.12819221271936534,-0.7561663332003793,-0.8463903890204479
Province:Gansu,1991,Summer,-0.3230448290355924,5,0.17105781443415077,-0.4314852048952529,-0.44714152794116163,-0.6893610430570273,-1.0812645935091767
Province:Gansu,1991,Autumn,-0.5143983190773636,5,-1.050757764915495,-0.7432197427344764,-0.49202684723718876,-0.5283388119447283,-1.2440879140238823
Province:Gansu,1992,Winter,0.15435721254787862,5,-0.24731386136072941,0.33949457886169326,3.371326041792706,-0.012986884812609697,-1.9997446540182808
Province:Gansu,1992,Spring,-0.5664163156232239,5,-1.3140403646755532,-0.5767121886206618,-0.3348369361029751,-0.04198286180360518,-1.7179336041546478
Province:Gansu,1992,Summer,-0.6433284238327138,5,-1.0210137964419526,1.5365073064864752,0.08862867763888942,-0.04333772674952811,-0.7044119671245023
Province:Gansu,1992,Autumn,-0.39637799928441364,5,-0.9080940022175529,1.276700000323955,-0.13676768008512846,-0.040477920365701206,0.38014960657026936
Province:Gansu,1993,Winter,0.2928344730495627,5,0.3346329974513502,-0.16968594674800078,1.207845672583223,0.2339638100874623,-0.48195606162222276
Province:Gansu,1993,Spring,-0.2108158436920602,5,0.18384897331689137,0.8322848032025675,-0.23511054380697216,0.29204403282650954,-0.46257687759416233
Province:Gansu,1993,Summer,-0.8420625471497661,5,-1.4638094239952417,1.665364893798422,-0.06419435314199458,0.37710695427697616,-1.394051019090149
Province:Gansu,1993,Autumn,-0.601490413103729,5,-0.8744232097033919,1.6197802873777694,-0.24719785516155474,0.44803182059142466,-0.7140825338673539
Province:Gansu,1994,Winter,-0.249751612269504,5,-0.9575855104361177,-0.3695645046913018,-0.535356526379928,0.345703845720664,-0.47108437494344
Province:Gansu,1994,Spring,-0.19713967427934365,5,0.20720682238189475,0.32068011268295954,-0.24630701092622356,0.003884490059309844,-0.6298025602287397
Province:Gansu,1994,Summer,-0.029170979630466796,5,0.0872527183756755,-0.7308032386054211,0.07107164318598336,-0.4680623238918945,-0.5669201744275194
Province:Gansu,1994,Autumn,-0.4040966007898664,5,0.5694030012813535,0.5663888704859034,-0.27929398153004836,-1.0351424737962949,-0.7090606794184386
Province:Gansu,1995,Winter,-0.18235255283988758,5,-0.5324023156116021,-0.7929656431092563,-0.27095841214136185,-0.6425030435128773,-0.25886463604285287
Province:Gansu,1995,Spring,-0.19184045160338822,5,-0.8862511907394072,0.08123420868650862,-0.44707802639260574,-0.5290113852124056,0.9843725530139861
Province:Gansu,1995,Summer,-0.07299501204614249,5,-0.2713836856471439,0.1341305871222457,-0.4580858210678635,-0.3167334389905846,0.815358472597125
Province:Gansu,1995,Autumn,0.44781322389091577,5,-0.1138559856092821,-0.6376283838648732,0.08265401109855926,-0.005318056056843909,1.6379577661572726
Province:Gansu,1996,Winter,-0.3564426428777444,5,-1.1877240964545843,0.1273335287202763,-0.5639737171245103,0.3910250644768322,-0.2942069365661834
Province:Gansu,1996,Spring,-0.25025078595583466,5,-0.7685567052604134,1.6983619941092787,-0.3622895195072518,0.45598609449774113,1.1219681946000297
Province:Gansu,1996,Summer,0.14611921517488677,5,-0.1371680382285366,0.651306986769268,0.4945217217727888,0.5413941704780121,0.4831552086214377
Province:Gansu,1996,Autumn,0.3679387688693012,5,0.44862990995649543,-0.3141949338321908,-0.4749140711874534,0.5952134434407242,0.9565696283045491
Province:Gansu,1997,Winter,0.18699439289079994,5,0.3309461806132131,-0.771483532627134,-0.7606250373278536,0.5854176958672727,0.007749592674233422
Province:Gansu,1997,Spring,0.4968246028255846,5,0.8848723447761666,-1.748647158733315,-0.3175854767583686,0.7681423815824779,-0.5999533942056683
Province:Gansu,1997,Summer,0.8202666038497352,5,1.3674018270166264,0.1366221632765311,-0.9455772178467536,0.938677782935848,2.8774527904194867
Province:Gansu,1997,Autumn,-0.0382254335667717,5,-0.16193154084067796,1.4964660386992672,-0.326561403064566,1.061349912700862,0.7324819020697907
Province:Gansu,1998,Winter,-0.03328248299665933,5,0.0002542601835380841,0.17440625064154372,-0.38434414579276593,0.8361323987355268,-0.4440486774680519
Province:Gansu,1998,Spring,0.6241862339357269,5,1.741084721183506,0.12197254096885399,-0.026231584996718713,0.6397209545047899,0.8883296199559116
Province:Gansu,1998,Summer,0.11903561105920643,5,0.13796930112608966,-1.6106578085893517,-0.5988450034160332,0.33944793560399555,-0.8940519866073713
Province:Gansu,1998,Autumn,0.8618706314403642,5,2.804964499442801,-1.108711727868113,-0.4778089210523846,-0.0894540638798954,0.9629399148231872
Province:Gansu,1999,Winter,0.7358634771718139,3,1.4861320683369839,-0.8373007663889461,,,-0.11584240321048844
Province:Gansu,1999,Spring,-0.017405640765656982,3,0.3752240502728308,-0.6058858790561602,,,-1.033326851625962
Province:Gansu,1999,Summer,0.9196939353396899,3,1.187350835235744,-0.5626682790842299,,,1.009062691699096
Province:Gansu,1999,Autumn,0.24574510265116312,3,0.468930557701199,-0.886759268535035,,,-0.6184545182827447
Province:Gansu,2000,Winter,-0.5342397454802413,3,-0.5908630138487163,-0.01600210845654571,,,-1.0278583310485534
Province:Gansu,2000,Spring,0.33547753283135945,3,0.0417850769667683,-1.396505498810234,,,-0.4318579772829238
Province:Gansu,2000,Summer,0.6656407538767287,3,0.8557015334402746,-0.7215413444790557,,,0.4196793837108558
Province:Gansu,2000,Autumn,-0.35847838228601936,3,-0.6901916747844387,0.7708789173725378,,,0.3856354452989183
Province:Gansu,2001,Winter,0.6093493487440325,3,0.1063415928492064,-1.2770344924239108,,,0.44467196095898015
Province:Gansu,2001,Spring,-0.025944582400948473,3,0.20197813461628072,-0.5239600203396844,,,-0.8037719021588106
Province:Gansu,2001,Summer,0.6650715531028742,3,0.3987770557588007,-1.487670523482802,,,0.10876708006701999
Province:Gansu,2001,Autumn,0.1733471602277876,3,0.09070876105960339,-0.9845899759929553,,,-0.5552572563691959
Province:Gansu,2002,Winter,0.5951263212590514,3,1.6622958214948733,-0.4452930482187778,,,-0.3222099059364969
Province:Gansu,2002,Spring,0.08483524481917153,3,0.6259819257790017,-0.31215061371007047,,,-0.6836268050315576
Province:Gansu,2002,Summer,0.8568790933712678,3,1.7127015591589152,-1.0281448791722696,,,-0.17020915821738167
Province:Gansu,2002,Autumn,0.02967392396981558,4,0.6110234662811062,-0.06278258270594854,-0.24163464165018292,,-0.31347571145760944
Province:Gansu,2003,Winter,0.35995449246687217,4,1.2689061612161585,0.5967856831990918,-0.1291840637713832,,0.8968815556218052
Province:Gansu,2003,Spring,0.20214334868890113,4,-0.06823357783415514,-0.4678403585444325,-0.15922973933186088,,0.568196353377188
Province:Gansu,2003,Summer,-0.4974787993141665,4,-0.4940670432108157,0.13523169246369246,0.14373949291358104,,-1.5043559544957388
Province:Gansu,2003,Autumn,0.025390996760156756,4,0.4920187028425882,0.49729479921044195,0.5156554037859419,,-0.4088153203774611
Province:Gansu,2004,Winter,-0.5748420083047782,5,-0.47250907646980966,-0.66010275580168,-0.5019264610277511,-1.9625601143726188,-0.597317145455391
Province:Gansu,2004,Spring,0.29215123611939137,5,1.8280686617391133,-0.9432725404225504,-0.37220346910853785,-2.0436446069661467,1.1052630545099773
Province:Gansu,2004,Summer,-0.33186432180269543,5,-0.31771838282446285,0.18032965749354063,-0.3268975503892864,-2.064593886009292,1.2302178677031046
Province:Gansu,2004,Autumn,-0.5385786933977086,5,-0.43191216683339895,-0.4287205589415535,-0.49135794393279975,-1.871349163432344,-0.32699475173155385
Province:Gansu,2005,Winter,0.10797848765001335,4,0.08630491666404466,-0.07159649098964495,-0.392036569335121,,0.6660491122814848
Province:Gansu,2005,Spring,0.0543538042634904,4,0.6026872822723538,-0.9592954449426626,-0.22628940247844392,,-1.118278107682611
Province:Gansu,2005,Summer,0.1332899019246201,3,0.8920614569396199,-0.5449260423223893,,,-1.037117793488149
Province:Gansu,2005,Autumn,-0.10139764899441035,3,-0.3073933287290956,-0.9845057901285921,,,-0.9813054083827276
Province:Gansu,2006,Winter,-0.4113112946538838,3,-0.6317005930634078,0.47590958951107126,,,-0.12632370138717236
Province:Gansu,2006,Spring,0.4366552068757363,3,1.1333727103589106,0.262847521555619,,,0.43944043182391707
Province:Gansu,2006,Summer,1.252136858139134,3,2.232794577019204,-1.5416998252483596,,,-0.018083827850162694
Province:Gansu,2006,Autumn,0.7220345223674158,3,2.0327866297945096,-1.1420464089654265,,,-1.0087294716576887
Province:Gansu,2007,Winter,0.6911840562584891,3,1.4836955098195672,-1.2638958279773418,,,-0.6740391690214419
Province:Gansu,2007,Spring,0.7768492494957305,3,1.5587756572645237,-0.7926819700303928,,,-0.02090987880772502
Province:Gansu,2007,Summer,0.0015977479240277444,3,0.3990647275254764,-0.6074342650014164,,,-1.0017057487548096
Province:Gansu,2007,Autumn,-0.333541005102854,3,-0.35154725517548285,-0.2589804744168471,,,-0.9080562345499263
Province:Gansu,2008,Winter,-1.7279782279470233,3,-0.993168882117678,3.219911599965605,,,-0.9708542017577869
Province:Gansu,2008,Spring,0.5398753157553066,3,1.7405572009771642,-1.247754689001117,,,-1.3686859427123614
Province:Gansu,2008,Summer,0.23134040042289505,3,0.3456782899515294,-0.19611813240824547,,,0.15222477890891029
Province:Gansu,2008,Autumn,0.6574130775349021,3,0.9026780225633751,-1.185432057123723,,,-0.11587084708239202
Province:Gansu,2009,Winter,0.8554836061897583,3,1.6990289105638996,-0.4370726574421378,,,0.43034925056323736
Province:Gansu,2009,Spring,0.6412470545738259,3,1.4292976985661918,-1.2903166379100304,,,-0.7958731727547442
Province:Gansu,2009,Summer,0.14160995323733572,3,0.43558191627368703,-0.9225467507080084,,,-0.9332988072696883
Province:Gansu,2009,Autumn,-0.3251213624934643,3,0.3022380621827152,0.95972774220473,,,-0.31787440745837814
Province:Gansu,2010,Winter,0.7025700566790984,3,1.6664879744926264,-0.34745453537244614,,,0.09376766017222299
Province:Gansu,2010,Spring,0.029295885565738145,3,-0.2712784271609066,1.5145502249796408,,,1.8737163088377617
Province:Gansu,2010,Summer,1.1360137298952202,3,2.121791733243085,-1.2417749293073779,,,0.04447452713519748
Province:Gansu,2010,Autumn,0.8508849851093384,3,1.4524471134321781,-0.5307701258580527,,,0.5694377160377846
Province:Gansu,2011,Winter,0.2654121767261814,3,-0.3485325561684441,1.954137793383418,,,3.0989068797304062
Province:Gansu,2011,Spring,0.44011228499561045,3,0.670268908178871,1.2575603302379512,,,1.9076282770459114
Province:Gansu,2011,Summer,1.0307491120943768,3,1.8485714470675352,-1.050862315447562,,,0.19281357376803268
Province:Gansu,2011,Autumn,0.6804752195077496,3,0.48516765959585034,-0.767579817114678,,,0.7886781818127203
Province:Gansu,2012,Winter,-0.9793695386931779,3,-1.5577573113963048,0.6838591822388307,,,-0.6964921224443981
Province:Gansu,2012,Spring,0.6459580408727041,3,-0.30920969606363014,-1.0617294393196828,,,1.1853543793620598
Province:Gansu,2012,Summer,0.8751867306745758,3,0.6558881868922212,-1.6895867876860995,,,0.28008521744540654
Province:Gansu,2012,Autumn,0.3255653153627918,3,-0.9971038732646033,0.371484366976294,,,2.345284186329273
Province:Gansu,2013,Winter,1.9010494900361528,3,1.0201683789557472,0.11896000533333455,,,4.801940096486046
Province:Gansu,2013,Spring,2.2713989573683033,3,3.9445866222876225,-1.1894514167359949,,,1.6801588330812927
Province:Gansu,2013,Summer,1.086138776590013,3,1.6272117054925759,-0.13391762256612402,,,1.497287001711339
Province:Gansu,2013,Autumn,1.1494482518065847,3,0.9838548655824291,-0.7358357135141868,,,1.7286541763231378
Province:Gansu,2014,Winter,0.8878830347930694,3,0.9561298073640566,-0.6622371982470228,,,1.045282098768129
Province:Gansu,2014,Spring,1.1813506151421125,3,1.0224155217674011,-0.8020008881485601,,,1.7196354355103762
Province:Gansu,2014,Summer,0.47783398369066843,3,0.12350488562830368,-0.37515136994064024,,,0.9348456955030613
Province:Gansu,2014,Autumn,0.9877583880933317,3,1.10423272414349,-0.5746438330265303,,,1.2843986071099753
Province:Gansu,2015,Winter,1.2485319003997684,3,0.5392719612264489,-0.5420861207418852,,,2.664237619230971
Province:Gansu,2015,Summer,0.7826014888637826,3,0.36909759978309836,-0.4815955522612759,,,1.4971113145469734
Province:Gansu,2015,Autumn,1.4625980278548372,3,1.6794460180957282,-0.6756063291234677,,,2.0327417363453146
Province:Gansu,2016,Winter,0.9427066129739857,3,0.47681952267424993,0.14557163303014817,,,2.4968719492778555
Province:Gansu,2016,Spring,0.31442022420871757,3,1.3538678225680103,0.14752301836554768,,,-0.2630841315763099
Province:Gansu,2016,Summer,2.416727574397416,3,3.1982667881208773,-1.5474589317873837,,,2.5044570032839872
Province:Gansu,2016,Autumn,1.8787927761412633,3,2.4654214095752267,-0.7552841386967635,,,2.4156727801518
Province:Gansu,2017,Winter,2.0955128267358503,3,2.47474546839697,-1.3788627943804073,,,2.432930217430173
Province:Gansu,2017,Spring,0.5332030697762581,3,0.2809694986309556,-1.490789259805621,,,-0.1721495491078025
Province:Gansu,2017,Summer,1.4678015405994522,3,2.4880035346427003,-0.8582331065533613,,,1.0571679806022953
Province:Gansu,2017,Autumn,1.1431850000984654,3,0.7198580497019879,-0.6319886077486042,,,2.0777083428448044
Province:Gansu,2018,Winter,0.3689141791323611,3,-0.09276085426082877,0.9277638878119272,,,2.127267279469839
Province:Gansu,2018,Spring,2.2848865137172516,3,4.344650302341374,-0.9664519962656087,,,1.5435572425447717
Province:Gansu,2018,Summer,1.6344960248989302,3,2.187505302141084,-1.7178792620774173,,,0.9981035104782897
Province:Gansu,2018,Autumn,0.5585294584177879,3,-0.206588531974632,-0.20677889839861283,,,1.675398008829383
Province:Gansu,2019,Winter,-0.3139663624257459,3,-0.9001450455736861,1.0423130586629221,,,1.0005590169593706
Province:Gansu,2019,Spring,0.9617170623576717,3,1.3075691461225005,-0.8507249919500642,,,0.7268570490004507
Province:Gansu,2019,Summer,0.7241939445792904,3,0.916990040294523,-0.9180748251280191,,,0.33751696831532935
Province:Gansu,2019,Autumn,1.396546217975069,3,1.2781534185352084,-0.6739104850566022,,,2.2375747503333963
Province:Gansu,2020,Winter,0.9608206826974065,4,0.9925104089618191,-1.1802622217656098,0.7135316708576533,,0.9569784292045437
Province:Gansu,2020,Spring,0.35417101435298415,4,1.2288549262849329,-0.7241857736850776,0.04225547806071071,,-0.5786121206187848
Province:Gansu,2020,Summer,0.866241509929451,4,0.961716703880649,-0.6196502129468778,1.9230084125613813,,-0.039409289671103895
Province:Gansu,2020,Autumn,0.5044960913963203,4,-0.014446773789007751,-0.31799952721690805,0.3243877141028116,,1.3900438980545693
Province:Gansu,2021,Winter,1.101865701622215,4,2.2693776107581285,0.19958204645506258,0.13894822352594974,,2.1987190186598444
Province:Gansu,2021,Spring,1.0586643368799207,4,2.01828406795402,-1.253723549526543,0.2964920848789605,,0.6661576451601595
Province:Gansu,2021,Summer,0.999229342482132,4,1.6390410734326983,-1.623249088846027,0.36289507498958956,,0.37173213266021304
Province:Gansu,2021,Autumn,1.0853180301709864,3,1.194262326034872,0.30400885773187786,,,2.3657006222099652
Province:Gansu,2022,Winter,0.09559091524751372,3,0.02358624508073227,-0.6211397047219671,,,-0.35795320406015824
Province:Gansu,2022,Spring,1.2091106683383293,4,3.9948600150512505,-1.366827505827707,0.03860313053224654,,-0.5638479780578869
Province:Gansu,2022,Summer,2.4889681635544374,4,3.9836220169527943,-1.4418986866530386,2.6235718530050027,,1.9067800976069136
Province:Gansu,2022,Autumn,1.3047474103349979,4,2.237563839028413,-0.39215335426645,0.4667152296346496,,2.122557218410478
Province:Gansu,2023,Winter,0.6772616415496755,5,0.34500644457326474,-0.22697129130190308,1.4241174806803403,-1.3238878368830382,2.7141008280759076
Province:Gansu,2023,Spring,0.36701893568109667,5,2.1079287012081536,-0.19742256232788832,0.21775647458676983,-1.7583956237399248,1.0703825640225964
Province:Gansu,2023,Summer,1.5288970694594108,5,3.6481275761739393,-1.7595676616961544,1.9542040904929538,-1.9411925600996467,2.2237785790336533
Province:Gansu,2023,Autumn,1.275809758283622,5,3.8743671676516684,-1.3094099897598737,0.6268976583945223,-1.9727615435551105,2.5411355191671565
Province:Gansu,2024,Winter,0.7579796480043146,5,2.415918807479291,0.6657457514164755,0.7560500891962058,-2.63102691639294,3.9147020111554918
Province:Gansu,2024,Spring,0.524691152981829,5,4.2803485056561525,-1.7603781129712661,0.012440557453321864,-4.0226393308473725,0.5929279196757773
Province:Gansu,2024,Summer,0.4923443790353315,5,2.9942877104092327,-2.1952753236379956,0.7690859870694322,-4.694878492442871,1.1979513665028674
Province:Gansu,2024,Autumn,1.5111096692805615,5,4.23785353738902,-0.8633746423790858,1.2014459711823444,-5.07214593598225,6.325020131434607
Province:Gansu,2025,Winter,1.0128317907809954,4,-0.011502160384343159,-0.46395323079963857,1.5170302469427763,,2.0818458457659097
Province:Gansu,2025,Spring,2.154478720407676,4,2.756335822732575,-0.7307766702079332,-0.343366316940254,,5.474168705630449
Province:Gansu,2025,Summer,2.4106620529520018,4,3.6579451239350065,-1.8376056047810725,0.9790411591723294,,3.1680563239195982
Province:Fujian,1981,Spring,0.4279968131969315,4,-0.4395774592690325,-0.36341915211817144,1.289672210285315,,0.49847334965327195
Province:Fujian,1981,Summer,0.3467535131214354,4,-0.027667436939154532,0.3824434621030939,0.03172722079095331,,1.7653977307370365
Province:Fujian,1981,Autumn,0.273673293827447,4,-0.6876571100825305,2.428536588334864,2.034414206598303,,2.1764726671288797
Province:Fujian,1982,Winter,0.1950718738351936,4,-0.5751316657654955,-0.1880509376186214,,-1.2553225144945308,2.422690737982179
Province:Fujian,1982,Spring,-0.6063976455271552,5,-0.784973787885807,0.27253362887004007,-1.1722255263035966,-1.7456321754980777,0.9433768909217451
Province:Fujian,1982,Summer,-0.811384951547101,5,-1.2995651559930563,2.417058831551894,0.7752958799818328,-1.9217853202690482,0.8061886700966608
Province:Fujian,1982,Autumn,-0.4004634819115577,5,-0.5828021369221126,-0.772256129100468,0.03355741131972339,-1.6504454295351767,-0.5748833835206903
Province:Fujian,1983,Winter,0.03165141973097514,5,-1.5188592955638331,0.7882667301511033,1.494870855100356,-1.090437310476919,2.060949579746375
Province:Fujian,1983,Spring,0.6959488866292315,5,-0.0260293260576462,0.16767090706875545,1.2964673930278803,-0.4541211969999075,2.8310984702445863
Province:Fujian,1983,Summer,0.2516565398755907,5,-0.5022819935650279,-0.5029377455025327,0.010059248919230171,0.5592542137569668,0.6883134847642518
Province:Fujian,1983,Autumn,0.48054982401173607,5,0.9770399672798945,-1.2101061252011944,-1.4260442864671052,1.3051659540139817,0.33648136003071516
Province:Fujian,1984,Winter,-0.7697299267441193,5,-2.063253191698967,3.142621312318214,-1.079953988026306,1.6241826340690795,0.8129962242538111
Province:Fujian,1984,Spring,-0.09254702211898855,5,-1.5715129426445396,1.4280671247503287,0.6556912715473516,1.3054435863247076,0.5757100989278662
Province:Fujian,1984,Summer,-0.2294660188253897,5,-1.071136893403462,-0.75498315571521,-1.441295683379244,0.5620565081570851,0.04806281878346241
Province:Fujian,1984,Autumn,-0.35953672277635007,5,-0.715834087323376,0.581970031412325,0.2330259275018587,-0.1988183854964355,-0.5340870371514723
Province:Fujian,1985,Winter,-0.43696908891936503,5,-0.3535098426122089,1.0294141713808271,-0.1641082804280186,-0.458074725747526,-0.1797384244282446
Province:Fujian,1985,Spring,-0.6788734441102217,5,-0.6376053144884373,0.49138238824427,-1.7755388610413902,-0.707366633308654,0.2175259765316429
Province:Fujian,1985,Summer,-0.6465375448207237,5,-1.5287988202775011,1.0563400531485554,-0.10743930651182274,-0.8288246055049349,0.28871506133919556
Province:Fujian,1985,Autumn,-0.34456146886101696,5,-0.08432481362148826,-0.5795803000890569,-0.6697867189358669,-0.7508000338705404,-0.7974760779662461
Province:Fujian,1986,Winter,-1.0307650921029965,5,-1.637206471420623,2.0914503875659234,-1.1411572381516788,-1.0893070313733886,0.8052956679966312
Province:Fujian,1986,Spring,-0.5560654886173795,5,-0.5168825436202296,0.4000679036233244,-0.5791768701300217,-1.0983964168286713,-0.1858037088846506
Province:Fujian,1986,Summer,-0.6555362806191295,5,-0.9499980868995167,-0.41125966776437417,-1.5853752794788327,-0.7915230851468655,-0.36204461933480686
Province:Fujian,1986,Autumn,-0.05192429492303674,5,-0.7522844280268413,1.2755516281501567,0.5380789383587112,-0.3544641744076631,1.584599817610766
Province:Fujian,1987,Winter,-0.006514252223307959,5,0.3678688467922589,-1.013723501410842,-1.1182025283749708,-0.0355235332042984,-0.26043754774037153
Province:Fujian,1987,Spring,-0.31935725444779817,5,-0.014507789545241413,1.6461992995397663,-0.09790140083327532,-0.2772398470811199,0.439062064760412
Province:Fujian,1987,Summer,-0.6863961625606654,5,-0.42841364623979517,0.47999442470143394,-0.8950907303300765,-0.5182950163332751,-1.1101869951987462
Province:Fujian,1987,Autumn,-0.0365010259082734,5,0.33838926093686883,1.2158133983315202,0.7326788351373865,-0.611055335556764,0.5732955082726618
Province:Fujian,1988,Winter,0.07289398506847818,5,-0.0364802411275476,0.42854408741674427,0.21648174760772435,-0.304418846074762,0.9174313523537204
Province:Fujian,1988,Spring,-0.34647364777398415,5,-0.6789256575526201,2.0959992565415524,0.12899238152391404,0.07060220138388393,0.8429620923164536
Province:Fujian,1988,Summer,0.08656023545738341,5,0.80836942099813,-1.032859795556344,-1.3715344738511672,0.5168416344392421,-0.553735199855632
Province:Fujian,1988,Autumn,-0.10536175189607715,5,-1.3004321676418182,1.0403526807298296,0.9571272562932384,0.7858373217763668,0.0710115108216568
Province:Fujian,1989,Winter,0.1833079115757442,5,-0.7264755897560625,-0.2722823864537178,0.22823713879331453,0.8523226522578548,0.29017297012989657
Province:Fujian,1989,Spring,-0.2005173644437896,5,-0.8810811895831863,0.26492863721737137,-0.6306809601304049,0.41118728404237576,0.36291668066963856
Province:Fujian,1989,Summer,-0.7523243527592152,5,-0.25372864218683744,1.6190835654529239,-0.46376906924848843,-0.30498073952230464,-1.1200597473855212
Province:Fujian,1989,Autumn,-0.2337029391831685,5,-0.7890687776208336,0.49649903005853896,-0.4240090523490165,-0.8519636376255948,1.3930258017381412
Province:Fujian,1990,Winter,-0.24493601804085968,5,-0.4688414849061988,-0.3616459647847342,0.30993890739254787,-0.8117530530916859,-0.6156704243836959
Province:Fujian,1990,Spring,-0.6956007752243483,5,-0.7544700491908175,0.37781817615681473,-1.08862707398204,-0.8165853938081045,-0.44050318298396407
Province:Fujian,1990,Summer,0.52295116561799,5,-0.2487633519999549,-0.0021798308520955723,1.3301399065272108,-0.6677983127445937,2.1989977554551925
Province:Fujian,1990,Autumn,-0.0002518377514143633,5,-0.9385870420010093,-0.3751402992977016,0.6595553764678406,-0.39346755150139573,0.296099728979791
Province:Fujian,1991,Winter,-0.2812174503128287,5,-0.5736877552393336,-0.6785504915487832,-1.2817348089013274,-0.20290841209210284,-0.02630676688016289
Province:Fujian,1991,Spring,0.351996856515986,5,1.729926736461663,0.5891563848473214,-0.7254042062188579,0.10687869479861173,1.2377394423858346
Province:Fujian,1991,Summer,0.20036535114563678,5,1.4296334775779522,-0.23029421247237833,-1.1499421608311442,0.28052469818046977,0.21131652832852776
Province:Fujian,1991,Autumn,0.02573207930731338,5,-1.1955850835279938,0.8011435308711651,0.6419028504264067,0.36774801679004376,1.1157381437192753
Province:Fujian,1992,Winter,0.042878723387017016,5,-0.6372408074231555,0.029577990196382294,0.811980330176775,0.6338557613775246,-0.5646236769996767
Province:Fujian,1992,Spring,0.4121130978850648,5,-0.9857222270815075,0.16088953293372146,2.3336237923279173,1.1085909171285828,-0.23503746001594744
Province:Fujian,1992,Summer,0.08554126021986136,5,-1.137112776091192,2.1318619710778615,2.136674540333737,1.4930773600552658,0.06692914787935773
Province:Fujian,1992,Autumn,-0.09631410563132323,5,-1.0500798439169996,1.6568491339587992,-0.12961099579591817,1.4945737710423772,0.8603956744727234
Province:Fujian,1993,Winter,0.012562198829367465,5,0.20797770963192097,0.5684433818376592,-0.2933997137491079,1.3032166742880384,-0.586540294186355
Province:Fujian,1993,Spring,-0.26441872792496596,5,-0.48235933737130526,0.5333999387422692,-0.30355288539222947,0.6815419374397305,-0.6843234155587562
Province:Fujian,1993,Summer,-0.2985784403440158,5,-1.066296822679688,-0.06959932653520337,0.2027248363820986,-0.23374182162587456,-0.46517772033181853
Province:Fujian,1993,Autumn,-0.8046613016288164,5,-0.0076235098231629385,1.2417384390148891,-1.0733758166592888,-0.9670945137521963,-0.7334742288945449
Province:Fujian,1994,Winter,-0.0918243558191217,5,-0.454327785203514,-0.24822925326197123,0.036526848387763725,-0.9463295848222626,0.6567794892804332
Province:Fujian,1994,Spring,-0.05788692243801413,5,0.3843431055626465,-0.39915897314149523,-0.3520750326892942,-0.2767651092783466,-0.4440965489265717
Province:Fujian,1994,Summer,0.5705445644206014,5,-0.24871036420135356,-0.18407909211656223,0.6596297659920809,0.7352077190868038,1.5225166091089135
Province:Fujian,1994,Autumn,-0.33696216576224247,5,-0.2406144090789552,0.6638688935058713,-1.1986415035091667,1.441246264855607,-1.0229322875728262
Province:Fujian,1995,Winter,0.4603045213768505,5,-0.546400210570289,-0.617395798853495,1.139262650122675,1.8585669064661943,-0.7673025379878232
Province:Fujian,1995,Spring,0.05116275571604727,5,-0.68636329643126,0.009569571112165255,-0.4039505595021023,2.062379029271882,-0.7066818236461183
Province:Fujian,1995,Summer,0.2687868420580027,5,-0.8300272142003596,1.1553675987599534,1.2392494626180983,1.8293175155386778,0.26076204509355033
Province:Fujian,1995,Autumn,-0.2590908027366704,5,-0.3150733866044224,-0.19651471754850777,-1.493771248028003,1.2274573821999257,-0.9105814787993604
Province:Fujian,1996,Winter,-0.5789560311251198,5,-1.291004017830802,1.1756545087140358,-1.117478453646352,1.0561361880476623,-0.3667793634820716
Province:Fujian,1996,Spring,-0.24750925566196322,5,-1.2108953976319328,2.4282711296448163,1.1725553121984513,1.1659959236226467,0.06306901314583495
Province:Fujian,1996,Summer,0.6361596071596033,5,-0.10717687275636543,-0.7925440883382963,0.20128154174321247,1.0405177473977492,1.2536315310751238
Province:Fujian,1996,Autumn,0.30681679501281833,5,0.7343920980033022,-1.263018561862701,-1.4536015758753933,0.7042555401506371,0.2860193509228445
Province:Fujian,1997,Winter,-0.4474597683517093,5,-0.4130088223940333,-0.654026234777916,-0.8630451918421437,-0.35144266048056694,-1.2638284018197183
Province:Fujian,1997,Spring,-0.0736628721310364,5,0.9362192773556405,-1.2019928888927165,-0.12613234334498252,-0.9780402615503394,-1.4023539220082173
Province:Fujian,1997,Summer,-0.7247800049962818,5,-1.3204881590379518,1.2765459006444697,0.9546032226671687,-1.5403053851197144,-0.44116380284644224
Province:Fujian,1997,Autumn,-0.719561663573295,5,-0.4498009352943111,0.6861821657764563,0.6376631192963481,-1.6838417300690762,-1.4156466060229793
Province:Fujian,1998,Winter,0.5354495956331892,5,0.8812443236391951,-0.5824254225618805,2.5602147064440484,-1.30925050254207,-0.03738597193710814
Province:Fujian,1998,Spring,0.2645275904256146,5,2.4074931073458994,-1.2660828433310505,0.003319676922289875,-1.256688632810967,-1.0975690426602005
Province:Fujian,1998,Summer,0.14708102416548235,5,1.3674424940657284,-0.633940200144065,0.6474074077433047,-0.9888451380064829,-0.9245398431192033
Province:Fujian,1998,Autumn,0.40287634724706933,5,0.4505569542801767,-1.4345139700421428,1.114006541436871,-0.5418816742128979,-0.44281405531094525
Province:Fujian,1999,Winter,0.5718344237452381,3,1.4626402253935533,-1.3296975765947587,,,-1.076834530752598
Province:Fujian,1999,Spring,-0.37767426414019245,3,-0.14399811627555129,-0.33059621241986514,,,-1.3196208885648912
Province:Fujian,1999,Summer,-0.27495110686920904,3,-0.48489046771626376,-0.6309333642628651,,,-0.9708962171542285
Province:Fujian,1999,Autumn,0.540391051872672,3,0.5573023146880314,-1.0931148860943436,,,-0.02924404516435907
Province:Fujian,2000,Winter,0.2073625742080082,4,-0.30205026187396095,0.23492683368059683,0.6941866056576818,,0.6722407867289087
Province:Fujian,2000,Spring,-0.16428688968599903,3,-0.601781671607204,-1.1994936296088738,,,-1.090572627059667
Province:Fujian,2000,Summer,-0.7913624259297608,3,0.06566950437357115,1.5961985242571877,,,-0.8435582579056659
Province:Fujian,2000,Autumn,0.5321045752404875,3,0.6779964851651301,-0.4645855777568875,,,0.45373166279944505
Province:Fujian,2001,Winter,0.6448824219702664,3,1.324877565869338,-1.3832181432252926,,,-0.7734484431838313
Province:Fujian,2001,Spring,-0.1881763977171337,3,-0.5255060205214135,-1.1129461977654806,,,-1.1519693703954683
Province:Fujian,2001,Summer,-0.31556884383731915,3,-0.5233941842097495,-0.41046507096290974,,,-0.8337774182651176
Province:Fujian,2001,Autumn,-0.5967147607668574,3,-0.8664506329253296,0.24623227694816255,,,-0.6774613724270797
Province:Fujian,2002,Winter,0.28631691822038813,3,1.0326408355743928,-1.2000460947662293,,,-1.3737361756794577
Province:Fujian,2002,Spring,1.0210554628860498,3,2.857008620604038,-1.3709886852800763,,,-1.1648309172259652
Province:Fujian,2002,Summer,-0.20233274346356334,3,0.3277352757539655,-0.029595230842960726,,,-0.9643287369876162
Province:Fujian,2002,Autumn,-0.49449619426252517,4,-1.202255161836542,0.5920253874622515,1.433601893115984,,-1.617306120867291
Province:Fujian,2003,Winter,0.09502069960723214,4,0.7440358082855567,-0.5943478591997418,-0.07304374351997726,,-0.8852571255363926
Province:Fujian,2003,Spring,0.4242210990810342,4,0.7887364881607638,-1.2620550310225331,0.155084954496672,,-0.5089920773558321
Province:Fujian,2003,Summer,0.6608352693430395,4,2.87323732211629,-1.3915014372516055,-0.8776154645245731,,-0.743782217471165
Province:Fujian,2003,Autumn,0.24152572918085113,4,1.8513279931931619,-0.810141540514109,-0.9225786498593193,,-0.7727879671245468
Province:Fujian,2004,Winter,-0.31334024583878284,5,0.3666903605993069,0.09011073831898914,-0.8997942233952364,0.5264873578937509,-1.4699739859727465
Province:Fujian,2004,Spring,0.07627535503162239,5,0.645417038142528,-1.1001889402610225,-1.1075442177907253,0.69821609315176,-0.9549010786064732
Province:Fujian,2004,Summer,0.0890833321911431,5,0.23291749601151351,-0.5287812285231694,-0.2967308655435665,0.7793020276608359,-0.7988532256962368
Province:Fujian,2004,Autumn,-0.3329869828152938,5,-0.6140005831668226,0.17116944845531573,-0.22419250847359024,0.6775482151988037,-1.3331205891795441
Province:Fujian,2005,Winter,-0.03723806881794858,4,-0.28729069661964246,0.4216568863659904,0.5402183803522282,,0.019776927361610307
Province:Fujian,2005,Spring,0.8607641929348517,4,0.001935168864083048,-0.2646581437376628,1.3274029450291112,,1.8490605141085499
Province:Fujian,2005,Summer,1.0302244178935795,3,0.46732681683094435,-0.29538817707436515,,,2.3279582597754294
Province:Fujian,2005,Autumn,1.3827166750698403,3,2.2767311948980837,-1.3665166395034354,,,0.5049021908080022
Province:Fujian,2006,Winter,0.8900971704687235,3,0.8117960629746546,0.2416183783118401,,,2.100113826743356
Province:Fujian,2006,Spring,0.38454644594799187,3,0.14468023470275349,0.3828444291363356,,,1.3918035322775577
Province:Fujian,2006,Summer,0.655027927756938,3,0.8444935341032208,-0.39122336276837044,,,0.7293668863992225
Province:Fujian,2006,Autumn,0.00907365683895008,3,0.8793096823708125,-0.879967914875517,,,-1.7320566267294792
Province:Fujian,2007,Winter,0.30926511257238226,3,0.32596306867937314,-1.3187627636998605,,,-0.7169304946620868
Province:Fujian,2007,Spring,0.7167855872770273,3,1.1495598705871604,-0.4678002197134426,,,0.5329966715304791
Province:Fujian,2007,Summer,0.890863429835004,3,1.2617665386932602,-1.2590269519724742,,,0.15179679883927774
Province:Fujian,2007,Autumn,0.6012722064143091,3,-0.49432933165862536,-0.8813453280641037,,,1.4168006228374492
Province:Fujian,2008,Winter,0.08850163394620326,3,0.42251533167270944,0.7546898625338418,,,0.5976794326997422
Province:Fujian,2008,Spring,0.0907504059818045,3,-0.039755745564106965,-1.0119604885064506,,,-0.6999535249969301
Province:Fujian,2008,Summer,0.048430728353380394,3,0.26021991405493206,-0.8001586724081539,,,-0.9150864014029447
Province:Fujian,2008,Autumn,1.119150279695451,3,2.447156450566155,-1.0287801417246167,,,-0.11848575320441916
Province:Fujian,2009,Winter,0.8524410394664944,3,2.0112345639186384,-0.322410459096329,,,0.22367809538451588
Province:Fujian,2009,Spring,0.22654987151078035,3,0.167161295085643,-0.7589891792967599,,,-0.24650085985006184
Province:Fujian,2009,Summer,0.7090472015886822,3,1.3212813876504663,-0.9185036253504908,,,-0.11264340823491065
Province:Fujian,2009,Autumn,0.8291301220344507,3,1.1150896777385246,-0.37512376507177225,,,0.9971769232930553
Province:Fujian,2010,Winter,0.5141449642946324,3,1.9252834369747698,-0.2321623809379708,,,-0.6150109250288436
Province:Fujian,2010,Spring,-0.18138323198396003,3,-0.23053307055097944,0.8615322766667466,,,0.5479156512658458
Province:Fujian,2010,Summer,0.15095942832168233,3,0.7683577061672514,-0.8446400952829393,,,-1.1601195164851437
Province:Fujian,2010,Autumn,0.3317815882389999,3,-0.018488638046969343,-0.3672267362635942,,,0.6466066665003749
Province:Fujian,2011,Winter,-0.1821209220272125,3,-0.9086508160354706,1.6988658394011413,,,2.0611538893549746
Province:Fujian,2011,Spring,0.4788314251252397,3,-0.21437260616656326,0.736689426909103,,,2.3875563084513853
Province:Fujian,2011,Summer,0.9729237923914827,3,1.734254527905037,-0.9092743287710703,,,0.2752425204983408
Province:Fujian,2011,Autumn,0.6514558467470223,3,0.9597228589766249,-0.9693168329448194,,,0.02532784831962258
Province:Fujian,2012,Winter,-0.055163345859886505,3,-1.3256869008631158,0.439015498552892,,,1.5992123618363483
Province:Fujian,2012,Spring,0.7808634808391602,3,0.16980460988550283,-1.3837131464610344,,,0.7890726861709436
Province:Fujian,2012,Summer,0.5340729327320498,3,0.5899913805821626,-0.9666589895409684,,,0.04556842807301817
Province:Fujian,2012,Autumn,-0.5405717565370073,3,-0.7241802628640543,-0.15914869325523762,,,-1.0566837000022051
Province:Fujian,2013,Winter,0.6149982839930582,3,0.90192465729149,-0.29959241942772413,,,0.6434777752599607
Province:Fujian,2013,Spring,0.9202635038320931,3,0.8402949495817913,-1.0972754225721832,,,0.8232201393423046
Province:Fujian,2013,Summer,1.079890804266185,3,1.724505070596118,-0.38844030178737216,,,1.126727040415065
Province:Fujian,2013,Autumn,0.33778735337167376,3,0.02061748023283685,-0.34149962933388456,,,0.6512449505482998
Province:Fujian,2014,Winter,-0.14329349724382798,3,-0.21275643149426232,0.6356420921621445,,,0.41851803192492293
Province:Fujian,2014,Spring,0.8147950462879227,3,0.8287475627511736,-0.909575996863749,,,0.7060615792488455
Province:Fujian,2014,Summer,0.8288884337359416,3,1.5657381641954191,-1.294495430799681,,,-0.3735682937872754
Province:Fujian,2014,Autumn,1.232264154386179,3,2.660274147647115,-1.5689561515186303,,,-0.5324378360072081
Province:Fujian,2015,Winter,0.3931823299360147,3,-0.8722426102210168,-1.2263429656053766,,,0.8254466344236844
Province:Fujian,2015,Summer,0.5701657117653931,3,1.3524320806793915,1.1636651380263645,,,1.5217301926431523
Province:Fujian,2015,Autumn,0.48356406080600123,3,2.0580501314402833,-0.49603699917986155,,,-1.1033949482021412
Province:Fujian,2016,Winter,0.4330046614563348,3,-0.22486867981622935,-0.26515803047829734,,,1.2587246337069364
Province:Fujian,2016,Spring,1.206355247772443,3,1.3404332894306563,-0.6401328102654541,,,1.6384996436212185
Province:Fujian,2016,Summer,1.4598420972574997,3,2.65164672800671,-1.1954479198178247,,,0.5324316439479638
Province:Fujian,2016,Autumn,1.9012458769442666,3,3.519593075307091,-0.9618046740625783,,,1.2223398814631303
Province:Fujian,2017,Winter,2.1052771473155825,3,3.0010475289068386,-1.346405301635747,,,1.9683786114041615
Province:Fujian,2017,Spring,0.45033589183922973,3,-0.09012871511928669,-1.1800413505389356,,,0.26109504009804035
Province:Fujian,2017,Summer,0.7824032282198484,3,2.058443821569924,-0.5594596741571397,,,-0.2706938110675184
Province:Fujian,2017,Autumn,2.354249138367709,3,4.353670170437301,-1.3071358042361134,,,1.401941440429713
Province:Fujian,2018,Winter,0.6520235554847807,3,0.057106076645752284,0.0368111132998507,,,1.9357757031084406
Province:Fujian,2018,Spring,2.886615055265095,3,4.536243373418692,-1.6143363325695221,,,2.509265459807071
Province:Fujian,2018,Summer,0.8739783825572026,3,1.0510827601491135,-1.122055223281748,,,0.448797164240746
Province:Fujian,2018,Autumn,-0.1819113755882772,3,0.07202633379648486,0.14188498219709028,,,-0.47587547836422617
Province:Fujian,2019,Winter,1.5619944829793058,3,2.3902602334420804,-1.066213211422284,,,1.2295100040735527
Province:Fujian,2019,Spring,1.1611861830854757,3,0.6064291821948985,-1.5087099182920842,,,1.3684194487694445
Province:Fujian,2019,Summer,0.9026842224991335,3,2.490204329732302,-0.4070365871230474,,,-0.1891882493579491
Province:Fujian,2019,Autumn,1.5264418241011979,3,2.0160442321071494,-1.7239408214249181,,,0.8393404187715262
Province:Fujian,2020,Winter,1.7807266451798653,4,3.1176827695654596,-1.0417168889563173,2.6748142753251023,,0.2886926468725822
Province:Fujian,2020,Spring,2.411886537080475,4,1.2901633336879101,-0.6784624479661333,6.869004456823146,,0.8099159098447121
Province:Fujian,2020,Summer,2.4705792270669398,4,3.9615750274598374,-1.8546948930195393,3.6237661310125198,,0.4422808567758634
Province:Fujian,2020,Autumn,0.9284384128556719,4,1.3045840556465105,-0.9953302365570691,1.1725538085122165,,0.24128555070689106
Province:Fujian,2021,Winter,1.2849467478559928,4,2.9512377013639317,0.08875336480911337,-0.31488565411826813,,2.5921883089874207
Province:Fujian,2021,Spring,3.5957318272709666,4,3.395181808807376,-1.914262653229055,7.804921668634546,,1.2685611784128896
Province:Fujian,2021,Summer,3.367356685478892,4,2.6077665421686564,-1.300348264449456,10.222711053368831,,-0.6613991180713764
Province:Fujian,2021,Autumn,1.5210306346586016,3,3.854106412165397,-0.6328336143978119,,,0.07615187741259495
Province:Fujian,2022,Winter,0.1250186205671083,3,-0.34379393718515666,-0.7595591991252378,,,-0.040709400238756265
Province:Fujian,2022,Spring,2.556416868022247,4,2.1817888474067626,0.18665610634160307,8.16954115129421,,0.0609935797296186
Province:Fujian,2022,Summer,3.3023640359719546,4,5.423548019757392,-1.3618928214849144,6.3475637459773315,,0.07645155666818042
Province:Fujian,2022,Autumn,2.384702085007773,4,4.4827251158572246,-0.8408846255912911,1.9373602343039673,,2.277838364278611
Province:Fujian,2023,Winter,1.7115682779750407,5,0.14096982537318925,-0.41652615756825373,5.164302679793888,1.8169385432034844,1.0191041839363875
Province:Fujian,2023,Spring,2.5369914619778355,5,2.042371761075046,-1.524265808776705,7.044961742663509,1.5160536459847667,0.5573043513891507
Province:Fujian,2023,Summer,3.196016494344929,5,4.369162335239544,-1.635084133048292,8.523970607747627,0.7416646709225014,0.7102007247666831
Province:Fujian,2023,Autumn,1.5381411072421836,5,2.245333847511345,-1.2576815255447564,4.702911404634083,-0.08526377800543981,-0.4299574634738275
Province:Fujian,2024,Winter,0.9442370506019844,5,2.403257499877997,-0.21232527436256599,1.1790111560468157,-0.22963984218621594,1.1562311649087593
Province:Fujian,2024,Spring,2.025543501715176,5,1.3646762888308248,-1.5596415169902478,6.481470340944624,-0.7515544002136115,1.4734837620237946
Province:Fujian,2024,Summer,1.7027620343738827,5,5.122059894822867,-1.013564801817985,3.1328107317662277,-1.3546007518666523,0.5999754953289865
Province:Fujian,2024,Autumn,2.155745090068165,5,4.777131687495039,-1.8680535964041898,2.858991283609227,-1.5739148888991223,2.8484637717314936
Province:Fujian,2025,Winter,-0.014132080966564042,4,-0.4232327173148996,-1.1810104253107676,-1.7027402472394737,,0.8884342153773495
Province:Fujian,2025,Spring,1.273827522083807,4,2.670987195951434,-0.2247057096893995,0.8042847063265711,,1.3953324763678234
Province:Fujian,2025,Summer,1.8098214473575163,4,3.884175847414545,-1.2539490537619988,0.1605624669738806,,1.9405984212796406
Province:Tibet,1981,Spring,0.4718504049240296,4,-0.8724946042179296,1.0543766084109627,3.6138301642869393,,0.2004426680380713
Province:Tibet,1981,Summer,1.2232120103744137,4,-0.22455621086142005,-1.0427896267262353,2.66369647836705,,1.41091814726579
Province:Tibet,1981,Autumn,0.917041710627404,4,0.2664436636976396,2.2213363308105123,3.96010352779509,,1.662955981827399
Province:Tibet,1982,Winter,-1.1304863110339898,4,-1.2620431255301052,1.2316873403546587,,-3.0146868810400904,0.9864721027888955
Province:Tibet,1982,Spring,-1.0070383347180594,5,-0.8151134347249427,1.3457633213779576,-0.3433510957372748,-3.09131240882446,0.5603485870743378
Province:Tibet,1982,Summer,-0.5758092519066038,5,-0.4749410701098729,0.9421915263765985,-0.3236731030619677,-2.8909478691494375,1.752707309164857
Province:Tibet,1982,Autumn,-0.5969066779954737,5,-0.725559881193751,1.956402262077156,-0.14126054327288928,-2.230596307926358,2.0692856044927854
Province:Tibet,1983,Winter,-0.902941714302225,5,-1.1777963838990928,2.96161335827856,-0.4523356416395121,-0.6747211584930819,0.7517579707991219
Province:Tibet,1983,Spring,-0.5857249120051097,5,-1.2982174415254897,2.5592025323270753,0.3936509640627397,-0.5503561395591597,1.0855005893234364
Province:Tibet,1983,Summer,-0.04390382051167565,5,-0.12497291292678561,1.8448020334108794,-0.4094335846414643,-0.3180522151737114,2.4777416435944626
Province:Tibet,1983,Autumn,0.11246389120304615,5,-0.46029263802159737,0.6244326882649051,0.6757063867935007,-0.0032850629016513747,0.9746234584098838
Province:Tibet,1984,Winter,0.31593594199335107,5,-0.6968072119383788,-0.03838149307048091,0.0041307994763359205,0.1217292844996444,2.112245344858673
Province:Tibet,1984,Spring,0.2026997407275463,5,-0.4436300576290552,-0.6838629150972143,-0.6427391945763148,0.36831297603898,1.0476920647069072
Province:Tibet,1984,Summer,-0.21941254345613107,5,-0.4378266436548723,1.894965808512017,-0.27866152007105777,0.6814215407058801,0.8329697142514116
Province:Tibet,1984,Autumn,0.263421397441129,5,-0.04425764710483243,0.34310306054820616,-0.26001850831262757,0.9407024922017577,1.0237837109695536
Province:Tibet,1985,Winter,0.564129059998657,5,0.7580381645513784,0.2901158320286836,-0.6589469801075546,0.8560026412206909,2.1556673063574543
Province:Tibet,1985,Spring,0.8710035726122655,5,1.225293267221857,-0.8128842363684093,-0.10799346709235498,0.70470237998762,1.7201314465757966
Province:Tibet,1985,Summer,-0.16411051981805053,5,-1.0252523989028075,0.5682646736865767,-0.3343652412448348,0.4287361896007006,0.6785935251432657
Province:Tibet,1985,Autumn,0.15042615903350737,5,-0.655658662250413,0.6129742970189798,0.3408114053937034,0.047242446889550024,1.6327099021536762
Province:Tibet,1986,Winter,-0.030494719753619913,5,-0.5889115311412418,-0.9934334162700406,-0.727369119422202,0.0013950508248967506,0.1689785847004069
Province:Tibet,1986,Spring,-0.4288627316697454,5,-1.1425653931991508,1.8243355396196839,0.06101536955387493,-0.09747017245553408,0.8590420773717666
Province:Tibet,1986,Summer,-0.09056169732495127,5,-0.6313658204603995,0.9956590507200954,-0.29997058223674594,-0.2215467682004478,1.6957337349929322
Province:Tibet,1986,Autumn,-0.4579405314504572,5,-1.226706710087964,1.2094075213982005,-0.43532251234118535,-0.33149798523032836,0.913232071805392
Province:Tibet,1987,Winter,-0.3451116861370293,5,-0.9218643787512092,0.1277948948686208,-0.24148450746252947,-0.05080686956720131,-0.3836077800355858
Province:Tibet,1987,Spring,-0.24229243229511113,5,-0.7525957875115232,0.8778575048660126,-0.3889016451210343,0.1621723169026679,0.6457204591203468
Province:Tibet,1987,Summer,-0.00955602413105725,5,-0.20346840079707487,0.41862579950736445,-0.5892535383240971,0.44851173653065096,0.7150558814425992
Province:Tibet,1987,Autumn,0.4967855502635327,5,0.17520614069669446,-0.06996194921261986,-0.029099849131348447,0.7115808680420009,1.5562786424976967
Province:Tibet,1988,Winter,0.5086836483165504,5,0.258604348725066,0.2639555455203267,1.1403990978545042,0.8025812430308487,0.60578909749266
Province:Tibet,1988,Spring,0.30879053574379983,5,-0.4516367517276636,-0.16289255350909382,-0.3501253255053283,0.9477709144580314,1.235051287984866
Province:Tibet,1988,Summer,0.08104600278021884,5,-0.6302395114976308,0.14163151946630514,-0.16292433296798223,1.0623841792403905,0.2776411985926219
Province:Tibet,1988,Autumn,-0.1220738377137562,5,-0.6519474149899371,0.08099669247332852,-0.8049421400484446,1.036479781537122,-0.10896272259419296
Province:Tibet,1989,Winter,0.47035281060727135,5,0.25298637048592265,1.0484104282318207,0.25028952068180893,1.0003199502869535,1.8965786398134923
Province:Tibet,1989,Spring,0.464521053344766,5,-0.20925462610517012,0.4221809059342496,-0.005185164797007201,1.2717659372249646,1.6874600263352921
Province:Tibet,1989,Summer,0.09422489213333685,5,-0.9098193191730406,0.6413046442045343,-0.44304698500491974,1.4633859079196658,1.001909501129513
Province:Tibet,1989,Autumn,0.22170069139381376,5,-0.6383179881168214,-0.14786785514179407,-0.4462422891169508,1.4665620272287732,0.5786338518322738
Province:Tibet,1990,Winter,0.22398618407609372,5,0.5542162357451674,0.21788159809611926,-0.66247253067291,1.1321308652610795,0.3139379481432509
Province:Tibet,1990,Spring,-0.1387146382482201,5,-0.7514195959735803,1.9200813005548805,1.6047698443423528,1.0371078470863073,-0.6639499861413
Province:Tibet,1990,Summer,0.05941754236458354,5,-0.6334940996783605,0.917222181544456,0.9261533187817038,0.8072276588127422,0.11442301545128827
Province:Tibet,1990,Autumn,0.10823855583344115,5,-0.6719540285188417,-0.11616865560584103,1.0474284712163782,0.4225541593987414,-0.3730044785349131
Province:Tibet,1991,Winter,0.19362958760154775,5,-0.31106940985234593,0.05677577264785848,1.1098589864079513,0.2306010429309904,-0.004466908830998559
Province:Tibet,1991,Spring,0.1994002143627817,5,-0.527969643825412,-0.16437087351910085,0.99999645687299,0.045649053884993615,0.3149543313622362
Province:Tibet,1991,Summer,-0.16282630498386608,5,-0.373290760094279,0.28952639348749054,-0.05654116371701468,-0.21277278783384038,0.11799958021329415
Province:Tibet,1991,Autumn,-0.559750104157837,5,-0.9780582836705465,0.11761474522325985,-0.8154008174745382,-0.47872810956655437,-0.40894856485428577
Province:Tibet,1992,Winter,-0.8813494926277571,5,-1.003020751666829,1.3389811523884325,-0.7765008565508299,-0.32881778843049425,-0.9594269141021997
Province:Tibet,1992,Spring,-0.2911217223569269,5,-0.2952580968190399,-0.009716455389803253,-0.8164020303002156,-0.5970298819536783,0.24336494189849617
Province:Tibet,1992,Summer,-0.900917714515122,5,-1.4387869659861674,1.473015117818645,-0.854951662002163,-0.9231123264875134,0.18527749971887914
Province:Tibet,1992,Autumn,-0.5124320328021063,5,-0.5607550730194834,0.1769781061686641,-0.6154645584500682,-1.1614147234931582,-0.04754770287915778
Province:Tibet,1993,Winter,-0.18708616856536378,5,0.5420775539942914,0.4220671703832951,-0.7150199533960055,-0.6646914190123688,0.32427014597055936
Province:Tibet,1993,Spring,-0.18201699009465594,5,-0.2128999386500111,0.35176603722718974,-0.3260846526867985,-0.4393035629614095,0.41996924105212896
Province:Tibet,1993,Summer,-0.08314077741672235,5,0.14603948409241252,0.5084608929038288,-0.6552427989405517,-0.07668409830295297,0.6786444189713093
Province:Tibet,1993,Autumn,-0.045162020158152835,5,-1.0126566235213739,-0.2886487077563478,-0.3359354766844627,0.3522728026256841,0.4818604890330405
Province:Tibet,1994,Winter,0.9878032850794629,5,-0.09093898438441496,-0.44198665450529273,3.4026879095365725,0.7762312602363977,0.4090495855034663
Province:Tibet,1994,Spring,0.20130845916101361,5,-0.47236641691590736,-0.5252608825007244,0.30105654740660165,1.0076280347774045,-0.35503675196375517
Province:Tibet,1994,Summer,0.3459080085059223,5,0.09969253402058599,-0.08183230464381107,0.16515701668603922,1.2368657207732534,0.14599246640592173
Province:Tibet,1994,Autumn,0.04366138933919708,5,-0.41895175968009085,0.05920707336359297,-0.8378604827296374,1.3170227004015636,0.21730356206774318
Province:Tibet,1995,Winter,-0.1525664361209619,5,-0.8499821585214552,1.383846661491853,0.1909078885549428,0.9388048955894128,0.34128385526414323
Province:Tibet,1995,Spring,0.5855084521747003,5,1.4460122011327663,-0.4262091151048647,-0.8179155232655366,0.3524458602511856,1.5207906076502218
Province:Tibet,1995,Summer,-0.04256820219867574,5,0.8122687311376178,0.2621253764342676,-0.577565369412665,-0.49707519508628706,0.31165619880222317
Province:Tibet,1995,Autumn,-0.4319124843850971,5,0.07230652893481837,0.20305692305085313,-0.44810988021538023,-1.4014377278488823,-0.17926441974518825
Province:Tibet,1996,Winter,0.05842685234381988,5,-0.3635262698767454,-0.04275235680974509,0.581115282230586,-1.1247706633274137,1.1565635558829275
Province:Tibet,1996,Spring,0.08659826663443657,5,0.3447756648747788,-0.22113251028373507,-0.5717122635025029,-0.8930309928568482,1.33182641437302
Province:Tibet,1996,Summer,-0.40347665610716205,5,-0.21971409696485766,0.7273917375435746,-0.4501800398682608,-0.4770744152163624,-0.1430229909427551
Province:Tibet,1996,Autumn,0.4583424764917913,5,0.28928963392674195,-0.6261403967143835,0.16058779488517952,0.07280360012277648,1.1428909568098748
Province:Tibet,1997,Winter,-0.2255963962396128,5,-0.5727900323920134,0.09175469600546983,-0.8753764343706412,0.34804402653174016,0.0638951550383203
Province:Tibet,1997,Spring,-0.4273399339851025,5,-0.8391322215398509,0.5506629845244889,-0.4601406827257291,-0.09853948669820628,-0.18822429443723748
Province:Tibet,1997,Summer,-0.6982334614378882,5,-0.7371426149307677,1.1943411533212127,-0.7424045223951689,-0.7085089502056477,-0.10877006633664416
Province:Tibet,1997,Autumn,-1.0083586388965529,5,-1.3156361378239976,2.760070989499634,0.05550306894594389,-1.305603328944801,0.28401419283972507
Province:Tibet,1998,Winter,-0.748567745625754,5,-0.8303912635271485,1.3302871344938223,0.05323329107938326,-0.9638205424970506,-0.671573078690132
Province:Tibet,1998,Spring,-0.33092614994691977,5,0.19276327952889893,0.03465700510249588,-0.6217593759483886,-0.894353705287103,-0.2966239429255105
Province:Tibet,1998,Summer,0.15894149680252967,5,1.25520595899032,-1.1166927673765452,-0.25622443493326635,-0.70507242804643,-0.6158943793745205
Province:Tibet,1998,Autumn,0.5075153386465037,5,2.6155671008778634,-0.7775488055289589,0.011007312847361542,-0.3823305554354255,-0.48421597058624066
Province:Tibet,1999,Winter,0.33516524619147187,3,0.2993676813692434,-0.9860781798958953,,,-0.279950122690723
Province:Tibet,1999,Spring,1.3792348337271436,3,2.6679099860652444,-1.3849138775068615,,,0.08488063760932466
Province:Tibet,1999,Summer,-0.3086530447550751,3,-0.5122932733415451,-0.1268439295843628,,,-0.5405097905080432
Province:Tibet,1999,Autumn,0.3628409213836988,3,0.2359305987467944,-1.203448850117601,,,-0.350856684713299
Province:Tibet,2000,Winter,-0.5403258751623744,3,-1.0021314783165964,0.31114550522695034,,,-0.30770064194357655
Province:Tibet,2000,Spring,-0.5355767272029627,3,-0.5206857564354794,-0.043397540402205455,,,-1.129441965575614
Province:Tibet,2000,Summer,-0.28713345063434975,4,-0.48512266024241346,-0.6822266920469164,-0.1782995827280299,,-1.1673382516138722
Province:Tibet,2000,Autumn,0.27094663910953115,3,0.2079736123703957,-0.6100289677433585,,,-0.005162662785160674
Province:Tibet,2001,Winter,0.6318426001310335,3,1.3606510891904045,-0.8914533111874713,,,-0.3565765999847752
Province:Tibet,2001,Spring,-0.6880364057897429,3,-1.0943411529004055,-0.345251261892848,,,-1.3150193263616712
Province:Tibet,2001,Summer,-0.21509531994987216,4,-0.27939456318392264,-0.583008772585506,0.002043126318573418,,-1.1660386155196454
Province:Tibet,2001,Autumn,-0.01964585214699895,3,-0.08614190903919901,-1.2976134183552843,,,-1.2704090657570821
Province:Tibet,2002,Winter,-0.11538119273130419,3,-0.37157438671267734,-0.6744035227567633,,,-0.6489727142379985
Province:Tibet,2002,Spring,-0.6026359870136724,3,-0.03022932006432216,0.7265753681147185,,,-1.0511032728619765
Province:Tibet,2002,Summer,0.8117116234282228,4,-0.2952583634630396,-0.8023240412738433,3.975049844975302,,-1.2352690290732142
Province:Tibet,2002,Autumn,-0.5284041348047218,4,-0.8266541221298697,-0.042584323539992724,-0.34272142842423237,,-0.9868253122047781
Province:Tibet,2003,Winter,-0.31278656012341544,4,-0.45402797904347497,-0.8144758110553141,-0.5135963019220499,,-1.097997770583451
Province:Tibet,2003,Spring,-0.4842898198763634,4,-0.4418360886026926,0.13371690651193863,-0.8155293651499788,,-0.5460769192408435
Province:Tibet,2003,Summer,-0.019572720713466885,4,0.10427653603360122,-1.0482261082888797,-0.16843408230815957,,-1.062359444868189
Province:Tibet,2003,Autumn,0.5071051970936696,4,1.2561635782486984,-1.5821624484060715,-0.22092149726299531,,-0.5889837410170959
Province:Tibet,2004,Winter,-0.25678211885313473,5,-0.6432418690548336,-0.5140185040884325,-0.6663898128484385,0.6144750619550423,-1.1027724784058763
Province:Tibet,2004,Spring,0.6448770918964964,5,1.5937349629112592,-1.2126479332591145,-0.2597923903326583,0.7638410299842336,-0.08604607633946694
Province:Tibet,2004,Summer,-0.16556408312290155,5,-1.1378790221277262,-0.04560939513643399,-0.13217223447823984,0.90231412011933,-0.5056926742643058
Province:Tibet,2004,Autumn,-0.26844533997752495,5,-0.309210990323442,0.36764296466946755,-0.5178479844123988,0.9276729228991969,-1.0751976833815133
Province:Tibet,2005,Winter,-0.00044000576940605995,4,0.3317647249042412,-0.8274185145035539,-0.44313063742941533,,-0.717812625056004
Province:Tibet,2005,Spring,-0.21182185498400985,4,-0.2530964958684006,-0.6968916303491893,-0.44668716978437345,,-0.8443953846324547
Province:Tibet,2005,Summer,0.19255957924320294,4,0.57627236251248,-1.2319806239942341,-0.2627612927761539,,-0.7752533767577485
Province:Tibet,2005,Autumn,-0.07903641852226395,3,-0.1485322585927735,-0.7284204121431228,,,-0.8169974091171411
Province:Tibet,2006,Winter,1.4118068905038896,3,3.1868508356175096,-1.50977070189324,,,-0.46120086599908
Province:Tibet,2006,Spring,-0.2679395361073517,3,-0.14425296593826933,-0.7188310916655705,,,-1.3783967340493564
Province:Tibet,2006,Summer,0.20990519627921572,4,1.801541795518462,-1.1192017424512684,-0.7232269957212595,,-1.357895757131608
Province:Tibet,2006,Autumn,-0.4204214820919266,3,-0.3121475067877736,-0.522108483626765,,,-1.4712254231147712
Province:Tibet,2007,Winter,0.11970324748185053,3,0.7441704686203493,-0.7521802659206112,,,-1.137240992095409
Province:Tibet,2007,Spring,0.33705747843764683,3,1.555072409706618,-0.8550103522010642,,,-1.3989103265947418
Province:Tibet,2007,Summer,0.36700170801279763,4,1.3802258479980234,-0.7283539733515257,0.084272668925585,,-0.7248456582239436
Province:Tibet,2007,Autumn,0.7215282119911387,3,2.258580096888048,-0.8170352082606134,,,-0.9110306691752453
Province:Tibet,2008,Winter,0.40596456010638154,3,1.0840207402519817,0.11071554487484667,,,0.24458848494200977
Province:Tibet,2008,Spring,-0.19364285893017788,3,-0.4625615442047659,-1.485669186859532,,,-1.6040362194452997
Province:Tibet,2008,Summer,-0.3283539550647308,4,-0.5987019394815325,-0.7249561022938331,-0.18207444845394777,,-1.257595534617276
Province:Tibet,2008,Autumn,-0.5378274353692236,3,-0.08101294228784049,0.13345548242863609,,,-1.3990138813911943
Province:Tibet,2009,Winter,0.6603012370185112,3,2.0643626703541282,-1.581551634015258,,,-1.6650105933138526
Province:Tibet,2009,Spring,0.20379871811718955,3,1.0767254785988758,-0.6105726662195633,,,-1.0759019904668705
Province:Tibet,2009,Summer,1.1942669820262466,3,2.5209650315638084,-1.666247055788306,,,-0.6044111412733753
Province:Tibet,2009,Autumn,0.7191932973759849,3,2.092385372305199,-0.600192858299828,,,-0.5349983384770719
Province:Tibet,2010,Winter,-0.3048776972892047,3,-0.29699366920111947,-1.1191282689192215,,,-1.7367676915857162
Province:Tibet,2010,Spring,0.7823062757804543,3,1.9292700843387554,-1.44166093244276,,,-1.0240121894401526
Province:Tibet,2010,Summer,0.907233769001452,4,2.6770323660111988,-1.8192347733961438,0.26503506123369724,,-1.1323671246352311
Province:Tibet,2010,Autumn,0.5221421175332542,3,1.6546062504676513,-1.4367477965428224,,,-1.5249276944107109
Province:Tibet,2011,Winter,-0.4074270273723432,3,-0.5950307843186714,-0.6199151153496808,,,-1.247165413148039
Province:Tibet,2011,Spring,-0.19982583861068495,3,-0.10193102341578801,-0.5745831993953981,,,-1.072129691811665
Province:Tibet,2011,Summer,-0.1613504127195478,4,-0.23773611773847475,-0.3624088113295572,0.018581998211058295,,-0.788656342680332
Province:Tibet,2011,Autumn,0.1283612321217503,3,1.557170473270888,-0.10710957706162004,,,-1.279196353967257
Province:Tibet,2012,Winter,0.3422250784129052,3,1.0186088154784245,-0.6374418873604922,,,-0.6293754676002012
Province:Tibet,2012,Spring,-0.29583476080708176,3,0.2670958792572302,-0.07009278287788441,,,-1.22469294455636
Province:Tibet,2012,Summer,0.5332328785984966,4,1.496642484754385,-1.7653536228092146,-0.07372768090946327,,-1.0553369122601501
Province:Tibet,2012,Autumn,-0.4343662663985433,3,-0.28606481586289095,0.07884121635818658,,,-0.9381927669745526
Province:Tibet,2013,Winter,-0.33705324156861255,3,0.18070554054377239,0.03348732952637994,,,-1.1583779357232302
Province:Tibet,2013,Spring,0.1106166045915294,3,-0.16026054805691434,-1.214591823800751,,,-0.7224814619692483
Province:Tibet,2013,Summer,1.1855324886044893,3,2.28795979374185,-1.3527945958475622,,,-0.08415692377594416
Province:Tibet,2013,Autumn,0.14545440292574932,3,0.2964653064485616,0.38664832312363917,,,0.5265462254523255
Province:Tibet,2014,Winter,0.1068324088407281,3,-0.06677286261737683,-0.33563272665101784,,,0.051637362488543274
Province:Tibet,2014,Spring,-0.019372937054329815,3,-0.2892887037729388,-0.9238698994254834,,,-0.692700006815534
Province:Tibet,2014,Summer,0.9855087005637736,4,1.7490328631961114,-0.8010504893557417,1.146215839194479,,0.24573561050876203
Province:Tibet,2014,Autumn,0.8978026985511803,3,0.7683102767287078,-0.8878811400102193,,,1.0372166789146136
Province:Tibet,2015,Winter,0.036086607004424655,3,0.7890501920011556,0.24270183735575,,,-0.43808853363213157
Province:Tibet,2015,Summer,0.5295800582892104,3,1.0772720012365464,0.0892892659676038,,,0.6007574395986883
Province:Tibet,2015,Autumn,1.4884905260814858,3,3.0866742416691584,-0.880037202183792,,,0.4987601343915067
Province:Tibet,2016,Winter,0.34557800527189536,3,1.2890489304444448,-0.3701834447222895,,,-0.6224983593510484
Province:Tibet,2016,Spring,0.5616136217582867,3,1.0715810927364708,-1.2412387422245534,,,-0.6279789696861638
Province:Tibet,2016,Summer,1.0006618711929802,3,1.9970249755519722,-1.3886977082002434,,,-0.3837370701732753
Province:Tibet,2016,Autumn,1.5696773522389755,3,2.729835690351621,-1.3308721070502705,,,0.6483242593150349
Province:Tibet,2017,Winter,0.9991175220891625,3,2.4735942255433057,-1.2994964884619398,,,-0.7757381477377583
Province:Tibet,2017,Spring,0.09156743437049049,3,0.6664467386768534,-0.1817730548891516,,,-0.5735174904545336
Province:Tibet,2017,Summer,0.5867597349356805,3,0.7805911820089181,-1.20223339009406,,,-0.22254536729593677
Province:Tibet,2017,Autumn,1.541035015385855,3,3.537858373135145,-1.180165234123046,,,-0.09491856110062587
Province:Tibet,2018,Winter,1.561158422314472,3,3.298762962500388,-1.438665714740637,,,-0.05395341029760815
Province:Tibet,2018,Spring,0.012225988710563648,3,0.35227653433220113,-0.7446784307343564,,,-1.0602769989348666
Province:Tibet,2018,Summer,1.36738001838072,3,2.6374809172360836,-1.7412786130934603,,,-0.276619475187384
Province:Tibet,2018,Autumn,0.8720053494061636,3,1.00902129725019,-0.25592411244353835,,,1.3510706385247624
Province:Tibet,2019,Winter,-0.7322032329876479,3,-0.6003859186093338,0.8305443775238448,,,-0.7656794028297651
Province:Tibet,2019,Spring,0.19784192452699056,3,0.69191790603058,-0.6878264083645993,,,-0.7862185408142076
Province:Tibet,2019,Summer,1.246835534499349,4,2.8458822147697562,-0.8651646075378018,-0.15515109407667432,,1.4314464097665123
Province:Tibet,2019,Autumn,2.1395858076740932,3,3.704422746393638,-1.3236826013967091,,,1.3906520752319318
Province:Tibet,2020,Winter,-0.23278479137013627,4,-0.4438872543777936,0.5734919792311944,0.8121611800176834,,-0.7259211118892406
Province:Tibet,2020,Spring,-0.090105437721925,4,-0.51069017657471,-0.0669358126076823,0.7662989591007727,,-0.682966346021445
Province:Tibet,2020,Summer,1.4775858397191428,4,2.967709027401925,-1.785043938366522,1.232638428092145,,-0.07504803498402036
Province:Tibet,2020,Autumn,2.322552277815756,4,6.6265733188872735,-1.7270755286419486,0.26382570666589983,,0.6727345570679029
Province:Tibet,2021,Winter,0.5928750420108493,4,2.4719823083150243,-1.3120061043338018,-0.6729342354119403,,-0.7395540091934885
Province:Tibet,2021,Spring,0.8046572961298967,4,0.7237046697797073,-1.2911644921847318,1.8510280597673454,,-0.6472680372121978
Province:Tibet,2021,Summer,1.7464918903543998,4,3.0863951377745593,-1.8949310435640399,1.8464354493419157,,0.15820593073708428
Province:Tibet,2021,Autumn,1.5903617376790267,3,3.682182854064138,-1.3203969880178403,,,-0.23149462904489884
Province:Tibet,2022,Winter,-1.0265549955401685,3,-0.6551321928679542,1.0265985074846424,,,-1.3979342862679085
Province:Tibet,2022,Spring,1.0268625989887745,4,3.6777268912079903,-1.490810867034153,0.2902442257729356,,-1.3513315880599814
Province:Tibet,2022,Summer,1.9813912618052765,4,5.636907497335105,-1.6056223882664848,0.3780077183491466,,0.3050274432703685
Province:Tibet,2022,Autumn,1.3252862521548145,4,2.336623775476764,-1.2682625432757753,2.063531245449926,,-0.36727255558320726
Province:Tibet,2023,Winter,0.18683579514941234,5,1.844545243114151,-1.4254769724100826,-0.29374000792313243,-1.1606845793790577,-0.8814186524749817
Province:Tibet,2023,Spring,-0.17742495448517717,5,-0.2680982560241166,-0.9049839565480019,0.5049954458031128,-1.232607096616005,-0.7963988221368791
Province:Tibet,2023,Summer,1.3612099493332697,5,4.153327829769971,-1.6517038315047714,1.888713098262858,-1.2729495382025962,0.3852545253313447
Province:Tibet,2023,Autumn,0.761866154885934,5,3.232219674690248,-1.6402600469872686,0.0747800006656797,-1.1302288580299646,-0.007700089883560975
Province:Tibet,2024,Winter,-0.05131589896438702,5,0.35048975715550723,-1.0237356055938975,1.0041670034805925,-1.3443057652428405,-1.2906660958090919
Province:Tibet,2024,Spring,0.07933849842515706,5,1.4241026841098618,-1.3944991439868626,0.30407868799301196,-1.7161039101266398,-1.0098841138373116
Province:Tibet,2024,Summer,1.1162477218472877,5,4.817126103564404,-2.0604266775702422,0.3280225815588826,-1.5129450716432387,-0.11139168181385299
Province:Tibet,2024,Autumn,1.9399668241464565,5,7.38254664616799,-1.7375448040171815,0.9075900732307507,-1.0541635022306883,0.7263160995470489
Province:Tibet,2025,Winter,0.6378426631930917,4,2.749504534382614,-1.4864744425891183,-0.6712829097559222,,-1.0133254144434432
Province:Tibet,2025,Spring,1.1286737077384885,4,2.592940951515745,-1.4102617948236138,1.5214802556352176,,-1.0099881710206216
Province:Tibet,2025,Summer,2.1921911361245145,4,5.590790571361224,-1.5482761472646742,0.7101717239826668,,0.9195261018894935
Province:Guizhou,1981,Spring,1.3284526144546902,4,-0.07459361623191471,-0.16314751189350543,4.2804969092206875,,0.9447596529364829
Province:Guizhou,1981,Summer,1.4975144153627076,4,2.145176756274345,-0.9170212024869263,1.292061527032415,,1.6357981756571438
Province:Guizhou,1981,Autumn,-0.3301352333482579,4,-0.638867281358763,1.9704837772490174,0.4587377562772885,,0.8300723689374602
Province:Guizhou,1982,Winter,-0.6449291434254687,4,-0.17604986891122326,0.7743864053125347,,-1.0274337056612526,-0.6018465938168645
Province:Guizhou,1982,Spring,-0.5830540631397395,5,-0.9094679429046454,1.1764295167323044,0.43161435613110605,-1.3532317796009976,0.09224456740814393
Province:Guizhou,1982,Summer,-0.2502589622441402,5,-0.09322247502328461,0.7268586575923827,0.29423852172749804,-1.3257911830816997,0.6003389827491682
Province:Guizhou,1982,Autumn,-0.2547850814783489,5,-0.7950749837063055,-0.023463482223881137,1.1192438114874033,-0.9990200157819633,-0.6225377016147603
Province:Guizhou,1983,Winter,-0.5121524634452953,5,-1.7749648728542442,1.2987368181949224,1.8405740195262226,-0.6887073232163572,-0.6389273224871755
Province:Guizhou,1983,Spring,-0.10517371552093893,5,-0.6474328185644939,-0.08760011681476149,0.23746694161436255,-0.5516880261545011,0.34818520868517633
Province:Guizhou,1983,Summer,0.5309184907288067,5,0.24165140572808044,0.19930678569418225,1.4952051395502295,-0.1823181608356205,1.2993608548955267
Province:Guizhou,1983,Autumn,0.8893373704491596,5,0.6193631244238861,-1.7958459642938345,2.0486458699824177,0.13561692479843626,-0.1527850312527774
Province:Guizhou,1984,Winter,-0.6592832058399644,5,-0.8346599564377816,2.9288484243257313,-0.45409198116329547,0.4922846336831315,0.42889969904385533
Province:Guizhou,1984,Spring,-0.07490588336622185,5,-1.6189214095190159,-1.0960268096928878,-0.012937017047250256,0.5981797956465362,-0.43687759560426714
Province:Guizhou,1984,Summer,0.4132615184616963,5,-0.2126641351917149,-0.6836685013018946,0.34483932244518456,0.5519103530931679,0.698553550659949
Province:Guizhou,1984,Autumn,-0.06271618961255912,5,-0.1382124351826076,0.31721649718913913,-1.0175854619221727,0.3898591306389774,0.7695743155921464
Province:Guizhou,1985,Winter,-0.351858834193217,5,-0.5576561130295214,0.9994480589020924,-0.18371645028856268,0.5535558085249842,-0.5720293572708924
Province:Guizhou,1985,Spring,-0.22372015501822884,5,-0.5133430349507279,1.5748652419523699,-0.05264961405354986,0.5007072752042121,0.5215498406612913
Province:Guizhou,1985,Summer,0.046383116674059435,5,-0.814456608721058,-1.3952718129681358,-0.011304073769582874,0.280360571256064,-0.6179561183632619
Province:Guizhou,1985,Autumn,0.20023916298407266,5,0.3112609063810343,-0.05837520326427863,-0.6167177595886545,0.05105480012476784,1.197222664738937
Province:Guizhou,1986,Winter,-0.10880432714955038,5,-1.0253924847904143,0.24802237894872478,0.2870265583932356,0.24321513407902765,0.19915153551912396
Province:Guizhou,1986,Spring,0.05450930783301944,5,-0.05981211849185856,-0.14038674216152122,-0.8045821387207163,0.5840945951455212,0.41245945907062964
Province:Guizhou,1986,Summer,-0.46095396037794056,5,-0.9008424815602626,0.8520443654799925,-0.9115431648491991,0.8471935259537804,-0.4875333159540292
Province:Guizhou,1986,Autumn,-0.32934017045995134,5,-2.0014082893818235,0.6267423540106084,-0.37538810713015514,0.8479388175261305,0.5088990806966999
Province:Guizhou,1987,Winter,1.1290282195917976,5,1.7328969418673084,-1.2667603416759887,-0.3786847243380388,1.1465317443471754,1.8776367944065528
Province:Guizhou,1987,Spring,0.8065897465776224,5,0.4628659071242069,-0.14511282462070085,-0.3144429402639266,1.154987325300214,2.5844256161069166
Province:Guizhou,1987,Summer,-0.07384758452590008,5,-0.05361833249532467,0.9688491137531837,-1.3662528300288888,0.8006199199306498,1.218862433717247
Province:Guizhou,1987,Autumn,0.46149832337859553,5,0.7620484951090363,1.3672403287490322,1.1970697476675,0.3510490994019488,1.3645646034635248
Province:Guizhou,1988,Winter,-0.11550610845737679,5,-0.48885138944546447,0.5313407804820282,-0.5447966050234515,0.6227703894487511,0.36468784321530934
Province:Guizhou,1988,Spring,0.09367793469039977,5,0.5974229410679504,1.7466503995358418,-0.3503786699472525,1.6298444214869778,0.33815138038016485
Province:Guizhou,1988,Summer,0.9511802519766039,5,1.6434152887039415,-0.22763817404661651,-0.36002252402135543,2.415697176718868,0.8291731444349494
Province:Guizhou,1988,Autumn,0.48792981879121716,5,-1.3350404636982136,-0.7819041980957038,1.2299904796558634,2.444442556476939,-0.681647676574207
Province:Guizhou,1989,Winter,0.37034764457012576,5,0.26237524231954135,0.7254914326843851,-0.8583501541837143,2.7462977479894306,0.42690681940975633
Province:Guizhou,1989,Spring,0.06034333403732961,5,-1.3438508005362662,-0.20651239687086131,-0.4401109246605002,2.071880066432811,-0.19271406792025791
Province:Guizhou,1989,Summer,-0.18019998727888947,5,0.3948390696350502,1.7877321095505967,-1.1534008791105292,0.5325973066521345,1.1126966759794938
Province:Guizhou,1989,Autumn,-0.06851784204924821,5,0.12943529501579606,0.3892995211458807,0.2222677964289802,-0.7398574880575467,0.4348647075124101
Province:Guizhou,1990,Winter,-0.11614696340763422,5,-0.2232475236762979,-0.29177948252390645,0.07422118430432978,-1.1579476990565691,0.43445973886645983
Province:Guizhou,1990,Spring,-0.2996619959033123,5,-0.5197195963601297,-0.29914531324314236,-0.016973197464960645,-0.9855258890130325,-0.2752366099215809
Province:Guizhou,1990,Summer,-0.1247711593706641,5,0.2595214918402934,-1.0478436202100412,-1.5998458379923242,-0.4286517865952786,0.09727671568394752
Province:Guizhou,1990,Autumn,0.229507849128236,5,0.849660486197772,-0.48694934273130297,0.4933440733937898,0.0862040797466222,-0.7686187364283067
Province:Guizhou,1991,Winter,0.06309351927360755,5,-1.0527964122191482,-1.2035291236510834,0.5689294198494098,0.45450501534295706,-0.8586995502562644
Province:Guizhou,1991,Spring,0.415880178883073,5,2.41235913445445,1.519971491467853,-0.6904130747729239,0.022075541463362443,1.8553507847383293
Province:Guizhou,1991,Summer,0.041235528210048805,5,-0.8321613336657119,-0.2566217626350659,1.5140975083295534,-0.534375995274325,-0.19800430097433844
Province:Guizhou,1991,Autumn,-0.9184062264206473,5,-1.8291766924601847,-0.36818375202399234,-0.8202717562388674,-0.8264402570517656,-1.484326178376411
Province:Guizhou,1992,Winter,0.026390247543465074,5,-0.0346841580283259,-0.12019795322295733,1.1456655372114526,-0.79686984025495,-0.30235825443380865
Province:Guizhou,1992,Spring,-0.8827924584462872,5,-1.7225260950493717,1.3643680762529364,0.08828639524690753,-0.6703529044977012,-0.7450016116783341
Province:Guizhou,1992,Summer,-0.266195586307905,5,-0.421966640034598,1.8347052516111872,-0.17405489742889987,-0.2758769044086155,1.3756257619437753
Province:Guizhou,1992,Autumn,-0.0052659309142689455,5,0.18661840110286237,1.1277227149014055,-1.3613781386790214,0.082419160253742,2.1937336376524774
Province:Guizhou,1993,Winter,0.7557997755239692,5,0.5451660090932057,0.19137960005100352,1.4063702218030354,0.4786231791028479,1.5402190676717604
Province:Guizhou,1993,Spring,0.3256193953711279,5,-0.1668694585705364,0.2314382848073089,-0.41837127128890106,0.48451222932918486,1.960263762193201
Province:Guizhou,1993,Summer,0.2096203651792658,5,-0.9097763556748492,0.17545136968634265,0.7103360595817431,0.3456328188022422,1.0773606728735354
Province:Guizhou,1993,Autumn,-0.34922537844473284,5,-1.1649113037859247,1.155618951990323,-0.7399777631051451,0.16208141380989743,1.1522997128478312
Province:Guizhou,1994,Winter,0.38444670082517496,5,-0.368014841632244,0.014450346370939131,-0.6987179746078613,0.25354459007230756,2.7498720766646114
Province:Guizhou,1994,Spring,0.10628143895415536,5,0.21940661080407883,0.060329544611629905,-0.05101193709555932,0.027545294089247843,0.3957967715846394
Province:Guizhou,1994,Summer,-0.3742967676980559,5,-1.0315045729438128,-0.9951298086152205,-1.415041928078067,-0.2629541545261155,-0.157112991557505
Province:Guizhou,1994,Autumn,0.26342972705846457,5,-0.329946043403062,0.4229265373165682,1.6985923965070182,-0.41912939791450604,0.7905582174194407
Province:Guizhou,1995,Winter,0.12525061142489693,5,-0.847209133214532,-0.9831439237121499,1.1154349902126721,-0.38738028527319773,-0.23773643831260766
Province:Guizhou,1995,Spring,-0.07104878753224121,5,-0.7742765727663777,-0.6101597104056699,0.012693236797202733,-0.6906688497137632,0.4868485376160622
Province:Guizhou,1995,Summer,0.1755486322303909,5,-0.5299666948336915,-0.4299685480264105,1.1835408160025311,-0.8470145513166387,0.6412150432733431
Province:Guizhou,1995,Autumn,-0.2887054927646583,5,-0.857626477503329,-0.2826442957195536,-0.007574052502364688,-0.7680862522413392,-0.09288497729581191
Province:Guizhou,1996,Winter,-0.5999026633605815,5,-0.7086466443561191,0.3081701895540768,-1.7275973647171101,-0.504673659662504,0.24957454148690236
Province:Guizhou,1996,Spring,-0.9614478211033465,5,-1.157452011255434,2.83822459542119,-0.3205790611207157,-0.1571909107410718,-0.33379252697832046
Province:Guizhou,1996,Summer,0.22778244058556413,5,-0.7649332310958123,-0.5842676778993873,1.0461830984204474,0.35639888595380115,-0.08300422825000278
Province:Guizhou,1996,Autumn,0.17057093357514802,5,-0.5393009842560631,-0.18523230639538188,0.006400159814015117,0.6575731517080865,0.5429500342143198
Province:Guizhou,1997,Winter,0.21854776326298694,5,-0.05529735627804088,-0.3513736898678679,0.03621266200405158,0.9508658090890488,-0.19041598836799284
Province:Guizhou,1997,Spring,0.0680959657537066,5,-0.15370780683477023,-1.0304567859634213,-0.35913892367742317,0.4032073673557825,-0.5803375940384773
Province:Guizhou,1997,Summer,-0.6525034708893573,5,-1.2609110122796858,0.36445206953853104,-0.09119565927214074,-0.4270810774292333,-1.1188775359271959
Province:Guizhou,1997,Autumn,-0.5729740965721838,5,-0.44518156274468085,1.7291199080589692,0.1689729314592161,-0.9484122407460956,0.08887029722961091
Province:Guizhou,1998,Winter,-0.4632875224306557,5,-1.0894300450713836,-0.25904945990427136,-0.6270768763925143,-1.1019307010209116,0.24295055042725963
Province:Guizhou,1998,Spring,0.3579697447248648,5,2.0925854305600806,-0.42917368130074307,-0.35466134977316566,-1.2420780307424337,0.8648289922790999
Province:Guizhou,1998,Summer,0.5057783493540281,5,0.22036205675232698,-1.5286664284369236,1.1448252344132768,-1.0068734058403537,0.6419114330079668
Province:Guizhou,1998,Autumn,-0.034803078755568165,5,0.6206370220637032,-0.5378037448541978,-0.5331878008434208,-0.5986358807695455,-0.20063247908277537
Province:Guizhou,1999,Winter,0.718158777133731,3,1.6746477072816932,-0.8846213592937926,,,-0.40479273517429304
Province:Guizhou,1999,Spring,0.2214077322898643,3,0.5353839389693681,0.20875093694138583,,,0.3375901948416106
Province:Guizhou,1999,Summer,-0.7675380400829531,3,-0.5175871123778506,1.3983912127966098,,,-0.3866357950743989
Province:Guizhou,1999,Autumn,0.5737837493952005,3,0.5419090256304124,-0.9947943242338539,,,0.18464789832133505
Province:Guizhou,2000,Winter,-0.08705304492889165,4,-0.18738215417062495,0.4280950308361256,0.009550317278415774,,0.2577146880127681
Province:Guizhou,2000,Spring,-0.21118649225287026,3,-1.2034848918501229,-1.1849191800464962,,,-0.6149937649549841
Province:Guizhou,2000,Summer,-0.26725433980197083,3,-0.5942566867006651,0.7328595883275407,,,0.5253532556222932
Province:Guizhou,2000,Autumn,0.0824519342200331,3,0.07139175518292225,1.541308134300773,,,1.7172721817779502
Province:Guizhou,2001,Winter,0.9437677834422312,3,0.46549307436527454,-1.1983324073880122,,,1.1674778685734069
Province:Guizhou,2001,Spring,-0.32555099910424495,3,-0.7042186891600385,-0.15572193118072947,,,-0.4281562393334259
Province:Guizhou,2001,Summer,-0.6602699972697734,3,-0.7230877302030072,0.25462614627526753,,,-1.0030961153310456
Province:Guizhou,2001,Autumn,0.6154325445271586,3,0.23594125788895853,-1.5418382514595272,,,0.06851812423298988
Province:Guizhou,2002,Winter,0.682237091710535,3,0.7948649121529789,-0.8254752372317856,,,0.4263711257468404
Province:Guizhou,2002,Spring,0.33908547325919386,3,0.7504119073909007,0.1483089605261977,,,0.4151534729128786
Province:Guizhou,2002,Summer,-1.1857178256457435,3,-0.2935519677255118,2.2558322993730835,,,-1.0077692098386353
Province:Guizhou,2002,Autumn,-0.5818499758781992,4,-0.379220178542177,-0.013933656180139229,-1.8047136890415143,,-0.157399692109245
Province:Guizhou,2003,Winter,0.7731638949915662,4,1.9551257609658272,-0.3387506239826925,-0.4056961464211396,,1.2044753414388847
Province:Guizhou,2003,Spring,0.389461447897766,4,0.5889267671032355,-0.8907947807245101,-0.5160255600649866,,0.5941498038283048
Province:Guizhou,2003,Summer,0.7543487664035293,4,1.144068931914156,-0.953325162344354,-0.6945152490092422,,1.6145162203648498
Province:Guizhou,2003,Autumn,0.20163409924039472,4,0.5576978032816683,-0.01920813691393797,-0.48076200354815973,,0.7103924603141324
Province:Guizhou,2004,Winter,-0.06586374183857671,5,-0.4427004566057476,-0.5867298515676632,2.1001347235831362,-1.2520606947475001,-1.3214221329904354
Province:Guizhou,2004,Spring,-0.44469473675888704,5,0.1507090209484178,-0.8591479251267743,-0.2790603601706673,-1.9379060294061352,-1.0163642402928246
Province:Guizhou,2004,Summer,-1.2377194902240736,5,-1.4359158370728438,0.9398821216406179,-0.25863119681902635,-2.183373530213839,-1.3707947653740402
Province:Guizhou,2004,Autumn,-0.8052158722898073,5,-0.9412026325078764,-0.3258782543716028,-0.885708490074009,-1.8622723732371889,-0.662774120001565
Province:Guizhou,2005,Winter,-0.48644320372418015,5,0.09340761185432236,0.6438310309973698,-0.03438213557592222,-1.0251901427864203,-0.8222203211155106
Province:Guizhou,2005,Spring,0.04152192160837265,5,0.06840594723185416,-1.186535039056984,-0.06922179888776811,0.11160850841579123,-1.089718087774998
Province:Guizhou,2005,Summer,0.211005719435103,5,0.7919296900517542,-0.5196282604457462,-0.9895189871236219,1.3439001911610136,-0.6109105573593773
Province:Guizhou,2005,Autumn,0.7512072060621322,4,1.308102913178575,-0.9884288009746521,,1.953614771314405,-1.2453176612191035
Province:Guizhou,2006,Winter,-0.9474744684925591,4,-0.9343766908644116,-0.18764610548030583,-1.6806567467503677,,-1.3625105418357635
Province:Guizhou,2006,Spring,-0.12943707146264613,3,1.0468373049540258,0.5330194721027794,,,-0.9021290472391847
Province:Guizhou,2006,Summer,0.8430759306715112,3,2.3623246548761503,-1.07243222134665,,,-0.9055290842082668
Province:Guizhou,2006,Autumn,0.6835455259236748,3,1.7820308456272824,-1.4688387166179058,,,-1.2002329844741637
Province:Guizhou,2007,Winter,-0.016953053144293257,3,0.300804203547062,-1.0638299260899302,,,-1.415493289069872
Province:Guizhou,2007,Spring,0.35813917076788976,3,1.8843659999013032,-0.3539981360200478,,,-1.1639466236176816
Province:Guizhou,2007,Summer,0.10564755505869128,3,0.2298978219762728,-1.3087146302079757,,,-1.2216697870081747
Province:Guizhou,2007,Autumn,-0.77769591071215,3,-0.05511391931326211,0.7116029797304672,,,-1.5663708330927208
Province:Guizhou,2008,Winter,-1.3844539418050812,4,-0.7950529510770795,2.25405991603356,-0.9903524747039857,,-1.4983504254056998
Province:Guizhou,2008,Spring,0.0792802099976937,3,0.2765644190008094,-1.4371197680600427,,,-1.475843557067771
Province:Guizhou,2008,Summer,-0.5665855077178242,3,-0.8322230719035233,-0.34698157692038084,,,-1.2145150281703303
Province:Guizhou,2008,Autumn,0.6329630184352727,3,1.3557851154793186,-1.7793839781144833,,,-1.2362800382879837
Province:Guizhou,2009,Winter,0.8071146297362045,3,1.993604628787192,-1.0087545430166767,,,-0.5810152825952549
Province:Guizhou,2009,Spring,-0.15527038396535384,3,0.22937137919326975,-0.9032000535721206,,,-1.5983825846614519
Province:Guizhou,2009,Summer,0.09112319978687651,3,1.6887445692428693,-0.09248517063971547,,,-1.5078601405219552
Province:Guizhou,2009,Autumn,0.3059061315955107,3,2.51341949221184,0.6521992328927045,,,-0.9435018645326032
Province:Guizhou,2010,Winter,0.5972446290538476,3,1.7780269604282006,-0.7762863840844043,,,-0.7625794573510619
Province:Guizhou,2010,Spring,-0.2736686420735784,3,0.254060154341753,-0.2231978135968807,,,-1.298263894159369
Province:Guizhou,2010,Summer,-0.08157762388486134,3,1.100714542507962,-0.13132653278808484,,,-1.476773946950631
Province:Guizhou,2010,Autumn,-0.52512483082432,3,-0.39501869093078806,-0.3587745290666624,,,-1.5391303306088346
Province:Guizhou,2011,Winter,-1.023677683065851,3,-0.4815366898404234,1.6530420369111387,,,-0.9364543224459904
Province:Guizhou,2011,Spring,-0.9543117401435461,3,0.25400265952578316,1.5407527531585201,,,-1.5761851267979017
Province:Guizhou,2011,Summer,0.7250693789405745,3,2.2196494984692654,-0.45053164850262384,,,-0.49497301015016554
Province:Guizhou,2011,Autumn,0.4610098008658337,3,2.506934969237433,0.16598225961585963,,,-0.9579233070240724
Province:Guizhou,2012,Winter,-1.39347618235884,4,-2.1042158061671543,0.7169588450371369,-0.9811484232923527,,-1.7715816549387153
Province:Guizhou,2012,Spring,-0.12214690657875245,3,0.2784540881005538,-0.9068278143767695,,,-1.5517226222135807
Province:Guizhou,2012,Summer,-0.5373410324070139,3,-0.27241635587207125,-0.45740434255070106,,,-1.7970110838996713
Province:Guizhou,2012,Autumn,-0.498224095835265,3,-0.5144331851761735,-0.1882830474270155,,,-1.168522149756637
Province:Guizhou,2013,Winter,0.22276776802836507,3,1.589069046131909,-0.0727939787541167,,,-0.9935597208009306
Province:Guizhou,2013,Spring,0.10719309500887864,3,1.3364523560828387,-0.6369646162154313,,,-1.6518376872716343
Province:Guizhou,2013,Summer,2.001754747597032,3,3.0353460832551247,-1.5066141563406095,,,1.4633040031953612
Province:Guizhou,2013,Autumn,-0.5907179841917535,3,-0.19744374101600304,0.6256050554413755,,,-0.949105156117882
Province:Guizhou,2014,Winter,-0.3124320498561904,3,0.7813445105890433,0.5923154372880396,,,-1.1263252228695748
Province:Guizhou,2014,Spring,0.31481297351104626,3,1.2102938765817584,-1.4441049044084446,,,-1.709959860457064
Province:Guizhou,2014,Summer,-0.5636225353098593,3,0.034426643301464444,0.08553472580547063,,,-1.6397595234255715
Province:Guizhou,2014,Autumn,0.7714462545152886,3,1.7311651090609028,-1.4723180537435985,,,-0.8891443992586355
Province:Guizhou,2015,Winter,0.3327958558124804,3,1.0624145221054435,-1.0162424471925637,,,-1.080269401860566
Province:Guizhou,2015,Summer,-0.6757172187922934,3,0.06573356473415702,1.029911394610171,,,-1.0629738265008664
Province:Guizhou,2015,Autumn,0.914837977909066,3,2.2550602109812496,-1.398051276083682,,,-0.9085975533377336
Province:Guizhou,2016,Winter,-0.34236036992523294,3,-0.3258816757315482,-0.5548855144969469,,,-1.2560849485410976
Province:Guizhou,2016,Spring,-0.09795156327238241,3,0.24229308258968582,-1.087195627117509,,,-1.623343399524342
Province:Guizhou,2016,Summer,0.9786286787731447,3,2.5276125066691204,-1.1977629265968603,,,-0.7894893969465467
Province:Guizhou,2016,Autumn,0.8052514384055782,3,2.9916155920382743,-0.2682315289218742,,,-0.8440928057434136
Province:Guizhou,2017,Winter,0.7500661678666178,3,2.004665929239665,-1.344604512581292,,,-1.0990719382211034
Province:Guizhou,2017,Spring,-0.16173138117737038,3,-0.08871962833807343,-0.9366728004722442,,,-1.3331473156662819
Province:Guizhou,2017,Summer,0.2554121560056037,3,1.287541915526177,-0.577862672385874,,,-1.0991681198952399
Province:Guizhou,2017,Autumn,0.9939352031829699,3,2.3801280712534605,-1.0303007308644208,,,-0.42862319256897125
Province:Guizhou,2018,Winter,-0.4121952949074883,3,0.2035003937986274,0.19576180525761896,,,-1.2443244732634733
Province:Guizhou,2018,Spring,1.5590066379799892,3,3.455535894676449,-1.7626491470316774,,,-0.5411651277681591
Province:Guizhou,2018,Summer,0.4238930207582652,3,1.0488690176745628,-2.015961516660989,,,-1.793151472060756
Province:Guizhou,2018,Autumn,-0.4739892963054,3,-0.2987246237725333,0.015685037699513724,,,-1.1075582274441529
Province:Guizhou,2019,Winter,0.3765048950602667,4,1.372238094839269,0.20248318301326754,1.4602262136434447,,-1.1239615452283795
Province:Guizhou,2019,Spring,0.43556084760691927,3,1.2394109867175567,-1.46560532467676,,,-1.3983337685735588
Province:Guizhou,2019,Summer,0.6886795826864098,3,2.508069508451422,-1.196678480631283,,,-1.6387092410234754
Province:Guizhou,2019,Autumn,0.4665446908995008,3,1.5553673817758098,-1.064688667926954,,,-1.2204219770042612
Province:Guizhou,2020,Winter,1.582824105404716,4,1.3791811688859916,-1.1509404853737686,3.1756190476676016,,0.6255557196915027
Province:Guizhou,2020,Spring,0.41499701630808083,4,1.0873433355011444,0.1697810580379421,0.968789038797176,,-0.22636325102805496
Province:Guizhou,2020,Summer,2.6960611584814744,4,2.6279572797886668,-1.7959241029086646,5.219789297421421,,1.1405739538071442
Province:Guizhou,2020,Autumn,1.0281550344990058,4,-0.037331045733239726,1.587037425077496,5.554216704354831,,0.18277190445192837
Province:Guizhou,2021,Winter,0.18789210736953932,5,0.21817030629635897,0.7950705635412669,2.219608116489238,-1.295081420928141,0.5918340985315077
Province:Guizhou,2021,Spring,0.2620051881501224,5,1.2467546347019798,-0.8707039210104435,1.6171967654354948,-2.064621774430388,-0.36000760596691794
Province:Guizhou,2021,Summer,1.9397045459117284,5,2.7283210887991944,-1.3809177721990253,7.159576484710603,-2.372293545567696,0.8020009294175153
Province:Guizhou,2021,Autumn,0.851123836327924,5,2.5622380788969514,0.3223403158305334,3.2341862546784723,-2.0539978683636546,0.8355330322583846
Province:Guizhou,2022,Winter,-0.739613703071613,4,-1.0821946872745332,0.06365839507868945,,-1.8707376816707726,0.058135951737543025
Province:Guizhou,2022,Spring,-0.17652468672619884,5,1.374642726851365,1.0174013124900343,1.4055293030705345,-1.8355449025518427,-0.8098492485110167
Province:Guizhou,2022,Summer,1.7318498489316472,5,4.956467278020104,-1.7971486115837285,1.1485518560911343,-1.1792421940799542,1.9363236930432237
Province:Guizhou,2022,Autumn,1.2412275729313231,5,3.9391114242453638,-0.4637105151193693,0.3586167565995397,-0.41674148508054587,1.8614406537728885
Province:Guizhou,2023,Winter,0.728135377357449,5,-0.13677559048120874,-0.12656896506936133,1.4870171640025611,1.5438536097470346,0.6200127384494966
Province:Guizhou,2023,Spring,1.2538715734395294,5,3.31018555681733,-0.693619940410497,0.27817141723295324,1.3942442261367538,0.593136726600113
Province:Guizhou,2023,Summer,1.3303671864267606,5,3.438424235349686,-0.82334895237778,1.521641291069576,0.7567845996662306,0.11163685367052939
Province:Guizhou,2023,Autumn,1.3874855749985522,5,4.689558796620778,-1.4389114314350282,-0.1823986076299501,0.10594943350177918,0.8854068210651246
Province:Guizhou,2024,Winter,1.5361717534638735,5,3.2289367368393678,1.0289537705725134,1.6042451012523335,0.5510593237245349,3.325571376075646
Province:Guizhou,2024,Spring,1.002342915823384,5,2.5653043773445616,-1.7452120529942787,1.1803289556622176,0.08930529595714173,-0.568436102841279
Province:Guizhou,2024,Summer,2.2617631101487983,5,4.505408866787621,-1.2006105919949255,4.736137359715051,-0.1958656674937038,1.0625243997400982
Province:Guizhou,2024,Autumn,1.4244703409646469,5,3.0411152733087286,-1.7448439875999628,3.576913904526572,-0.3635606164522417,-0.8769608441597883
Province:Guizhou,2025,Winter,0.3529481343002866,4,-0.41251156279044376,-0.7281989253093027,1.4019008974028275,,-0.30579572272054023
Province:Guizhou,2025,Spring,0.39205968913038225,4,1.4418655587749198,0.32042733069455015,0.839705925053694,,-0.3929053966125347
Province:Guizhou,2025,Summer,0.8613244484327893,4,2.3759451161647185,-1.952477312607991,0.10969806530989179,,-0.9928227003514439
Province:Liaoning,1981,Spring,1.5171735457543112,4,0.8130991501780611,-0.6033379713616965,2.7856923188620586,,1.8665647426154295
Province:Liaoning,1981,Summer,0.3829833834727141,4,-0.2566959442010048,0.1919614909303912,0.19756139779360807,,1.7830295712286444
Province:Liaoning,1981,Autumn,-0.7209107800252836,4,-1.3349534102727665,2.717889055164176,0.0942211258509621,,1.0749782194848456
Province:Liaoning,1982,Winter,-0.3662228731687528,4,-0.8303901565547236,-0.24948135516288678,,-1.5631675838072057,0.6791848925240312
Province:Liaoning,1982,Spring,-0.3217388252148283,5,-0.025451058271221468,0.1622150515403165,-0.4952383335169005,-1.6941498240159594,0.7683601412702565
Province:Liaoning,1982,Summer,-0.39866772625144486,5,-0.13492748530207777,0.2581190895550086,-1.088683810292667,-1.5790138788277084,1.0674056327202375
Province:Liaoning,1982,Autumn,-0.35259624431704645,5,-0.11561284383300781,0.08223178824778649,-0.9326613977955298,-1.2992742050111046,0.6667990133021963
Province:Liaoning,1983,Winter,-0.14438994204361535,5,0.02360209053687639,0.6275411505008385,0.4893981721847412,-0.8606424537627171,0.25323363132386123
Province:Liaoning,1983,Spring,0.32179628985836406,5,-0.09510769831049541,-0.5288289801847751,-0.09023086404453123,-0.822576067253844,2.088067098715916
Province:Liaoning,1983,Summer,0.16547582380987302,5,-0.0315151905622956,0.5547293257027303,0.22334669843204924,-0.6008760740537534,1.7911530109360951
Province:Liaoning,1983,Autumn,-0.0931577834368446,5,-0.3130443133877938,-0.8730930849394227,-0.6098966990816426,-0.3201176985256917,-0.0958232911285176
Province:Liaoning,1984,Winter,-0.7985440657219174,5,-1.0885160794731106,0.933924842027243,-1.8474863128394454,0.10147903089437382,-0.2242721251641616
Province:Liaoning,1984,Spring,-0.7910957646948525,5,-1.6121836935711384,0.7707538672103049,-1.2807474732923545,0.13290607783244887,-0.4246998672329136
Province:Liaoning,1984,Summer,-0.08104816343931946,5,-0.47314216994116226,0.9629501444204535,-0.6374935203320312,0.24064108582512905,1.4277039316719207
Province:Liaoning,1984,Autumn,0.19480768078901173,5,-0.17271266941786712,-0.19330400785600263,-0.38652210949421484,0.32076942345010173,1.0191997515510363
Province:Liaoning,1985,Winter,-0.4096432633797997,5,-0.7308476673347206,2.283879183803258,1.0692523623041978,-1.0051109109374714,0.9023690828722536
Province:Liaoning,1985,Spring,-0.549870970780215,5,-1.3918548824019037,1.1737495961289437,-0.0006468500819754889,-1.2834184216153306,1.100314896327079
Province:Liaoning,1985,Summer,-0.31591220264971936,5,-0.9893774111653898,0.15166574649633302,0.2587431471436407,-1.6848011508345653,0.9875401481040503
Province:Liaoning,1985,Autumn,-0.7751823660085433,5,-1.1152423618575475,0.4137805477364868,-0.8159507988297917,-1.9000029156489642,0.36906479403007414
Province:Liaoning,1986,Winter,-0.7830629531520891,5,-1.2400721654925886,1.6193407186816877,-0.8839064279788896,-1.182882615520222,1.0108871619129425
Province:Liaoning,1986,Spring,-0.39549022123957606,5,-0.0894142791879642,0.27136074906283897,-1.0601767302462302,-0.9558579376221119,0.3993585899212649
Province:Liaoning,1986,Summer,-0.5361969833036746,5,-0.9325698180678573,1.6378060610130571,-0.5029980064969334,-0.736982491079402,1.129371460138877
Province:Liaoning,1986,Autumn,-0.7285652519713717,5,-1.9421567350483686,1.1953028337115006,-0.3661451630789935,-0.4446037428318807,0.3053822148138846
Province:Liaoning,1987,Winter,0.2280248414554981,5,0.048460185119273184,1.0519990704071804,-0.49417947046794747,-0.14606662727310862,2.7839091903064537
Province:Liaoning,1987,Spring,-0.47494049272297295,5,-1.4290627883100984,2.652310935271283,-0.15606070347711412,-0.630667372892092,2.493399336335723
Province:Liaoning,1987,Summer,-0.6696011262421901,5,-0.9049408881643174,1.7274856118118083,-0.9753952404902412,-1.0586335535392606,1.3184496627946773
Province:Liaoning,1987,Autumn,0.2347301035520326,5,-0.060214154983770876,0.903016540555074,-0.1617341314091569,-1.3660772308982287,3.6646925756063933
Province:Liaoning,1988,Winter,0.0786683063623562,5,0.968085066224321,-0.2809445316223144,-1.7844626905164087,-1.0338869984363253,1.9626616229178795
Province:Liaoning,1988,Spring,-0.8130710681257801,5,-0.9822718303543387,1.5547234873115718,-0.9475330986773729,-0.6269700324540258,0.04614310816840902
Province:Liaoning,1988,Summer,-0.2636284284874111,5,0.09683745460469657,-0.08968064895418652,-1.3258599157728304,0.016485887367161695,-0.19528621759026996
Province:Liaoning,1988,Autumn,0.39200617960844325,5,-0.663297444933737,-1.4557756666847634,-0.4070636087589237,0.6452503540032695,0.929365931046844
Province:Liaoning,1989,Winter,0.43481914945951294,5,0.5702389336646619,-1.1836199218577028,-0.9795475864464206,0.5506965048498209,0.8490879733717996
Province:Liaoning,1989,Spring,0.645770164728716,5,1.2982193089719518,-1.3794093961580536,-1.2716294842460292,1.105380349021462,0.7174712537381412
Province:Liaoning,1989,Summer,-0.008371420067780333,5,-0.2762948812508645,0.7709033732323548,-1.367337629566275,0.9634034908244363,1.409275292886156
Province:Liaoning,1989,Autumn,-0.10739786015370081,5,-0.9807569863848122,0.33755745099794743,-0.8466999117244527,0.7224404361054637,0.9055846122332449
Province:Liaoning,1990,Winter,0.23920601678844156,5,-0.11359578787369845,0.5641622643638765,0.9475052713796404,0.5574996991834763,0.3687831656166662
Province:Liaoning,1990,Spring,0.008300529989861994,5,-0.22519262732336157,0.49949765422948766,0.22735517221766502,-0.09777572387037692,0.6366134831548711
Province:Liaoning,1990,Summer,-0.1994002113580225,5,-0.6191337902000591,-0.20674762201208968,-1.1358481090989776,-0.7900452454517058,1.3412784659485404
Province:Liaoning,1990,Autumn,0.08906959112595732,5,1.5703545432911645,-0.4951222662126128,-0.19277785947090437,-1.384866511812254,-0.04248448259083215
Province:Liaoning,1991,Winter,0.03798615902052975,5,-0.20369000437862672,-0.0959072689799599,0.2666702396117504,-1.444841922287255,1.4758852131768203
Province:Liaoning,1991,Spring,-0.5032340267860901,5,-0.5839477032412341,0.9655152124265619,-0.5414000419582389,-0.9327790389406244,0.5074718626362091
Province:Liaoning,1991,Summer,0.02899978841442195,5,-0.200324215240954,-0.4349642209511104,0.11487267111809107,-0.34392240626461246,0.13940867150847472
Province:Liaoning,1991,Autumn,0.03177433181562773,5,-0.8594984948049946,-0.7933445544697293,-0.10120615710237928,0.26944098658160115,0.05679076993418212
Province:Liaoning,1992,Winter,0.5590412136788958,5,0.5373719778897595,-0.5939390252036282,-0.35532427034183495,0.8360379911548762,1.1831813444880503
Province:Liaoning,1992,Spring,0.17580776454025349,5,-0.007291225365198935,-0.3518929802508659,-0.259797940655466,0.9942726784792366,-0.20003767000817022
Province:Liaoning,1992,Summer,-0.3338820392939642,5,-0.32883964028051865,2.0918900101970137,-0.5631716892952071,1.158919455171791,0.15557168813112773
Province:Liaoning,1992,Autumn,0.771003527286265,5,-1.0983660878147543,0.9633369146871917,3.9338047963403886,1.1977412610594393,0.7851745815334421
Province:Liaoning,1993,Winter,0.8260490823210555,5,-0.13329886454743012,-1.0840794609741,1.8257495155882153,1.3774911681238915,-0.02377586853349867
Province:Liaoning,1993,Spring,0.5511806802366378,5,0.5195828697154748,-0.03263565663643113,-0.42303866109084337,1.6220075977561277,1.0047159381659985
Province:Liaoning,1993,Summer,-0.1029771619974285,5,-1.0088280408925285,0.8694382916907688,-0.08508704184754617,1.8207582555878772,-0.37229069114417607
Province:Liaoning,1993,Autumn,0.13627406626053024,5,-0.6157109412069172,0.7328442508123357,0.17162519444469967,1.8230333557978826,0.035266973079321896
Province:Liaoning,1994,Winter,0.42160753632065057,5,-0.8153454120092581,-0.7894835202411002,0.21046992812399326,1.7794505955380828,0.14397904970933487
Province:Liaoning,1994,Spring,0.5537872661427542,5,0.414765543241166,-0.14436891914001052,0.44183674076591206,1.5458184066818348,0.22214672088484755
Province:Liaoning,1994,Summer,1.4199532243825597,5,1.820003846904453,-2.255004706886038,1.8769134864827757,1.1781631456095465,-0.030319063970015037
Province:Liaoning,1994,Autumn,0.6587277787549095,5,-0.37335553090979445,-1.5504438350543641,1.099082708838712,0.6933604979088607,0.32410738288240526
Province:Liaoning,1995,Winter,0.06631267153898505,5,-0.19112436556062334,-0.7361877613848077,-0.09590634271452159,0.5972567416337866,-0.7148504370485242
Province:Liaoning,1995,Spring,0.14163902856279686,5,-1.0801252452367438,-0.08483143197285273,0.44172089077069837,0.6442135029615358,0.6175545623456412
Province:Liaoning,1995,Summer,0.13636830053521337,5,-0.9777403502706513,0.4308822004187449,1.9526320898864065,0.713904591912724,-0.5760726284336675
Province:Liaoning,1995,Autumn,0.23608129375026107,5,0.6011866372552215,-0.24888320102478098,-0.16296272926767438,0.7067249706493871,-0.21342561091040987
Province:Liaoning,1996,Winter,0.0820757975768923,5,-0.7481440155603752,-1.159073191323071,-1.0074113581919935,0.847041059839816,0.15982011047394323
Province:Liaoning,1996,Spring,0.05934324138415418,5,-0.3805062933191284,-0.041940979279281185,0.0611519561203452,0.8368104532283099,-0.262680888388037
Province:Liaoning,1996,Summer,0.1314472863640542,5,-0.735708573980386,0.4954239112341885,1.6252460767095476,0.8163847062736155,-0.5532618659483177
Province:Liaoning,1996,Autumn,-0.046740618727705595,5,-0.7508083249442539,0.6314400222348702,0.03518544677773482,0.7100683549442385,0.40329145181862275
Province:Liaoning,1997,Winter,0.4505130948463309,5,0.0740967392280452,-0.5723326105911841,1.3569391980448577,0.7691327349871276,-0.5199358086195598
Province:Liaoning,1997,Spring,0.09166598867200779,5,0.03444172928547751,-0.5705179320816435,-0.5087525919116239,0.6574589759131937,-0.29533610200865185
Province:Liaoning,1997,Summer,1.1090273003473503,5,2.6410804131686296,-1.4209459614703006,0.584872628865506,0.5349664264371403,0.3632710717951748
Province:Liaoning,1997,Autumn,-0.2594149521207624,5,-0.37029926344563135,0.9665409164952959,-0.5198198648809704,0.3583865158366424,0.20119876838144346
Province:Liaoning,1998,Winter,0.25441383968438636,5,0.636072060719183,-0.3733625514829082,-0.28125070404143104,0.6716348350855147,-0.12774954482424314
Province:Liaoning,1998,Spring,0.7388503982777188,5,1.309283184177666,-0.8980232996473452,1.3314019725765107,0.5599707484111662,-0.404427213424094
Province:Liaoning,1998,Summer,0.19107062530978483,5,-0.8020040759080371,-0.07800884297871226,1.1745247215379768,0.44830329550448056,0.056520342435791654
Province:Liaoning,1998,Autumn,0.27087196085363885,5,1.5905256231884315,-0.4560781033882449,-0.3051228823895521,0.2914919721013603,-0.6786130120202903
Province:Liaoning,1999,Winter,0.908303088387524,3,2.5272551874352573,-0.6123281743681657,,,-0.41467409664085075
Province:Liaoning,1999,Spring,-0.4525059939335736,3,-0.3425802512185032,0.38309596473938723,,,-0.6318417658428302
Province:Liaoning,1999,Summer,0.26346513454838405,3,1.3854307181956111,-0.5154559771799585,,,-1.1104912917304175
Province:Liaoning,1999,Autumn,0.32783659555017125,3,1.5540144963555176,0.566546325691672,,,-0.0039583840133318405
Province:Liaoning,2000,Winter,-1.2362936677732899,3,-1.2476354665340879,1.2553537252812519,,,-1.2058918115045296
Province:Liaoning,2000,Spring,-0.07445987197334851,3,-0.5276854310443838,-0.8273014265882733,,,-0.522995611463935
Province:Liaoning,2000,Summer,1.432311900042847,3,2.9697828758465965,-1.9202641344190414,,,-0.5931113101370971
Province:Liaoning,2000,Autumn,-0.6299454222112013,3,-0.35556389313283865,0.3614160280593659,,,-1.1728563454413994
Province:Liaoning,2001,Winter,-1.3775940661254342,3,-1.1501724872161025,1.8567385804719387,,,-1.1258711306882614
Province:Liaoning,2001,Spring,0.47409243923551897,3,1.6763971997396794,-0.3757854599543215,,,-0.629905341987444
Province:Liaoning,2001,Summer,0.4019070158627199,3,0.8051076822747424,-1.3429700158112956,,,-0.9423566504978784
Province:Liaoning,2001,Autumn,0.04751436882825666,3,0.6010037485532513,-0.6538678691269011,,,-1.1123285111953825
Province:Liaoning,2002,Winter,0.6649445218013571,3,1.993766314946698,-1.145720579341847,,,-1.1446533288844738
Province:Liaoning,2002,Spring,1.0434943262282699,3,2.231523805133554,-1.455705272260086,,,-0.5567460987088305
Province:Liaoning,2002,Summer,-0.04588580060467124,3,0.2714735930652995,0.1547132745483081,,,-0.2544177203310051
Province:Liaoning,2002,Autumn,-0.7607411732871763,4,-0.18291240995856206,1.5102149113736538,-0.4817258002639173,,-0.8681115715525718
Province:Liaoning,2003,Winter,-0.18082127457446429,4,-0.06633066649472448,-0.0655919486284376,-0.09258252595101607,,-0.6299638544805541
Province:Liaoning,2003,Spring,0.2349482103641412,4,0.18504876189883654,-1.212919707739903,0.3311453407333931,,-0.7893209689155678
Province:Liaoning,2003,Summer,-0.6919017699281093,4,-0.7684274289090386,0.8535773223771748,-0.30632095084095096,,-0.8392813775852728
Province:Liaoning,2003,Autumn,0.02726861518291708,4,-0.5716271072196735,-0.517296875395255,0.6380930899899471,,-0.4746883974338603
Province:Liaoning,2004,Winter,0.13483541952407802,5,1.0629005851782916,-0.8220163698755159,0.48340399001922174,-0.8511212492664599,-0.8430225981861794
Province:Liaoning,2004,Spring,-0.24419589534803587,5,0.864947568107644,-0.5420823586710872,-0.6258517707797195,-1.0546443716209433,-0.9475132611182477
Province:Liaoning,2004,Summer,-0.3927138645549772,5,-0.009929322239359117,-0.3961749693461549,-0.020517003935937642,-1.0976555404629025,-1.2316424254828418
Province:Liaoning,2004,Autumn,0.1054163382611204,5,1.1948052364954238,-1.3445385040593625,0.3182767513056597,-1.0237658237101244,-1.3067729768447192
Province:Liaoning,2005,Winter,-0.2774215597527356,4,-0.4457715972167525,0.6480435746333539,1.1726690122332912,,-1.1885400793941272
Province:Liaoning,2005,Spring,-0.07904276795136089,4,-0.9765247158154999,0.2190120877650459,2.040800151931818,,-1.161434420156716
Province:Liaoning,2005,Summer,-0.03642338550567614,3,0.10756794512643236,-1.274156927095445,,,-1.4909950287389058
Province:Liaoning,2005,Autumn,0.37481796690329167,3,0.9693760743441627,-1.14815207205927,,,-0.9930742456935575
Province:Liaoning,2006,Winter,-0.6772577798758511,3,-0.8078797717000678,0.20228582092685934,,,-1.0216077470006264
Province:Liaoning,2006,Spring,-0.5384663996813764,3,-0.5913399030589179,0.10204900981610882,,,-0.9220102861691026
Province:Liaoning,2006,Summer,-0.29300652593235044,3,-0.20117147764592375,-0.37020377377870034,,,-1.048051873929828
Province:Liaoning,2006,Autumn,0.4382919159361692,3,1.5493228736220328,-0.7147813534243419,,,-0.9492284792378671
Province:Liaoning,2007,Winter,0.7610479047887053,3,1.8703001373813126,-1.2397893682707493,,,-0.8269457912859459
Province:Liaoning,2007,Spring,-0.06424003052889637,3,-0.027169741863577408,-0.9774786263094399,,,-1.1430289760325516
Province:Liaoning,2007,Summer,0.024486533797479188,3,0.2887430036624595,-0.7493991787815455,,,-0.9646825810515673
Province:Liaoning,2007,Autumn,-0.03978364699936784,3,0.16958943776662022,-1.03803024361099,,,-1.3269706223757138
Province:Liaoning,2008,Winter,-0.30839431643567733,3,-0.9199484696464859,-0.9573761032395017,,,-0.9626105829000479
Province:Liaoning,2008,Spring,0.21424959566993662,3,1.1154113742316745,-0.9399054732750554,,,-1.4125680604969202
Province:Liaoning,2008,Summer,-0.780273385560617,3,-0.8651965635061394,0.5209243098007424,,,-0.9546992833749689
Province:Liaoning,2008,Autumn,0.7926038483719023,3,2.1940669378745614,-1.192444719209773,,,-1.008700111968627
Province:Liaoning,2009,Winter,0.40901006544664825,3,1.2341273875848544,-0.45991808933212597,,,-0.46701528057703556
Province:Liaoning,2009,Spring,0.187679261214836,3,1.4872319472457385,-0.35308173270474913,,,-1.2772758963059796
Province:Liaoning,2009,Summer,-0.09991402542355458,3,0.1557244931349331,-0.22718203572243742,,,-0.6826486051280343
Province:Liaoning,2009,Autumn,-0.4233966532685561,3,-0.41520681038952956,1.100295204123297,,,0.24531205470715836
Province:Liaoning,2010,Winter,-0.8409996473530311,3,-0.8135136883151566,1.3778829007825177,,,-0.33160235296141877
Province:Liaoning,2010,Spring,-1.6781221229223406,3,-1.582243074033212,2.56576398871402,,,-0.8863593060197896
Province:Liaoning,2010,Summer,-0.2546813151462463,3,-0.02498475825528736,-0.39131114804205636,,,-1.130370335225508
Province:Liaoning,2010,Autumn,-0.21160748114097958,3,0.29709417520023673,0.1927435666251589,,,-0.7391730519980165
Province:Liaoning,2011,Winter,-0.7262251589065466,3,-0.37960606707622296,0.8430144921740591,,,-0.956054917469358
Province:Liaoning,2011,Spring,-0.4288648455392638,3,-0.6057398835544225,-0.5320104063599964,,,-1.2128650594233652
Province:Liaoning,2011,Summer,-0.8514661895207611,3,-0.4909283437033028,0.5737206205733032,,,-1.4897496042856775
Province:Liaoning,2011,Autumn,-0.27765280568047623,3,0.06726415639090376,-0.1579206368799454,,,-1.0581432103122779
Province:Liaoning,2012,Winter,-0.9911646347686087,3,-1.6527531758541143,0.2122030147114994,,,-1.1085377137402124
Province:Liaoning,2012,Spring,-0.5952492009984394,3,-0.3436868141411584,0.10847555200867816,,,-1.3335852368454815
Province:Liaoning,2012,Summer,-0.8730200263737097,3,-0.7678969356262463,0.5103174321473848,,,-1.3408457113474979
Province:Liaoning,2012,Autumn,-0.2979792663609198,3,-0.9849161033971516,-0.8224343523212554,,,-0.7314560480068631
Province:Liaoning,2013,Winter,-1.241664427664013,3,-1.1423795938903096,1.2467368777944017,,,-1.335876811307328
Province:Liaoning,2013,Spring,-1.0156823012139233,3,-0.3308183850928322,1.7677196486245361,,,-0.9485088699244018
Province:Liaoning,2013,Summer,0.2941387995713976,3,0.5281765057239913,-0.6429542362802094,,,-0.288714343290008
Province:Liaoning,2013,Autumn,0.14612290713298928,3,0.24517054618373516,-0.7509237499593185,,,-0.5577255747440858
Province:Liaoning,2014,Winter,0.5545992053166929,3,0.8868451133985147,-1.0435475806449817,,,-0.2665950780934175
Province:Liaoning,2014,Spring,0.96439048452189,3,3.171986268181347,-1.0567647751495381,,,-1.3355795897652147
Province:Liaoning,2014,Summer,0.2075420194354969,3,0.364380852654733,-1.11512570728192,,,-0.8568805016301623
Province:Liaoning,2014,Autumn,0.3984958819349129,3,0.6733469014592507,-0.5190293361480033,,,0.0031114081974848735
Province:Liaoning,2015,Winter,0.05843152305038054,3,0.305048200505722,-0.7469065101590879,,,-0.8766601415136683
Province:Liaoning,2015,Summer,-0.2325376451349681,3,-0.11287419489106494,-1.1017489455111005,,,-1.6864876860249398
Province:Liaoning,2015,Autumn,-0.01848372334849402,3,0.8296172949322509,0.23411735011722276,,,-0.6509511148605102
Province:Liaoning,2016,Winter,-0.4988326975615444,3,-0.4301321378338891,0.06912974112368137,,,-0.9972362137270627
Province:Liaoning,2016,Spring,0.4443130096751167,3,1.4704046302024307,-1.0371977319438788,,,-1.1746633331209595
Province:Liaoning,2016,Summer,0.49340595929163517,3,1.2414448931546926,-0.9225221499549575,,,-0.6837491652347445
Province:Liaoning,2016,Autumn,-0.037616988374256276,3,1.0380471487120215,0.22655740021411722,,,-0.9243407136206732
Province:Liaoning,2017,Winter,0.4911193068400781,3,1.3038154630930479,-1.1431348417297322,,,-0.9735923843025457
Province:Liaoning,2017,Spring,0.601340120612176,3,1.9753382332173017,-1.4532003816084775,,,-1.6245182529892512
Province:Liaoning,2017,Summer,0.418174829298291,3,1.9373061000922736,-0.8188476935582525,,,-1.5016293057556531
Province:Liaoning,2017,Autumn,-0.05838730189808091,3,0.34177825928570477,-0.3761932022018985,,,-0.893133367181846
Province:Liaoning,2018,Winter,-0.9816751538519402,3,-0.9452164755425168,0.7375081085848387,,,-1.2623008774284648
Province:Liaoning,2018,Spring,0.24611862728428183,3,1.5951446270447402,-0.4494447549103964,,,-1.3062335001022911
Province:Liaoning,2018,Summer,1.0815442071341588,3,2.3899728785924497,-1.8983330192650745,,,-1.043673276455048
Province:Liaoning,2018,Autumn,-0.382402003201783,3,-0.4674291718622416,-0.7424391242353782,,,-1.4222159619784858
Province:Liaoning,2019,Winter,0.04627914687027027,3,1.2639261393449712,-0.17400014563373586,,,-1.2990888443678963
Province:Liaoning,2019,Spring,0.8839167661476365,3,2.8477791020978693,-0.9404922314277939,,,-1.136521035082754
Province:Liaoning,2019,Summer,0.3768286153742102,3,0.6374411179429432,-1.6207878798060902,,,-1.127743151626403
Province:Liaoning,2019,Autumn,0.33385192526661683,3,1.360479833991019,-0.6771542096032809,,,-1.0360782677944493
Province:Liaoning,2020,Winter,2.1630302882737684,4,1.1236464613714974,-0.7376225282654287,7.875778666663927,,-1.0849265032057789
Province:Liaoning,2020,Spring,1.0794850684433017,4,0.8020533530932007,0.2326879953160727,4.971439903032134,,-1.2228649870360548
Province:Liaoning,2020,Summer,1.050098487006003,4,0.8364439698024315,-1.2360557127991658,3.9196142434721892,,-1.7917199780497741
Province:Liaoning,2020,Autumn,1.4385803976751115,4,0.5193630116079421,-1.2619518225410413,5.114332537976487,,-1.1413257814250242
Province:Liaoning,2021,Winter,1.076328453758586,4,0.6258047777595067,-0.16066938756424134,4.534212009122786,,-1.0153723594121902
Province:Liaoning,2021,Spring,1.033514007203783,4,1.8125883490235106,-0.7529010020744774,3.111123187340975,,-1.5425565096238316
Province:Liaoning,2021,Summer,0.6384426099298705,4,-0.21654370313657362,-1.1093466124897007,3.419760182497743,,-1.7587926521313881
Province:Liaoning,2021,Autumn,0.02610027246444213,3,0.3315155095174489,-0.8087715203445313,,,-1.0619862124686539
Province:Liaoning,2022,Winter,-0.30488747423160034,3,0.2002030778683868,-0.39589280182304587,,,-1.5107583023862337
Province:Liaoning,2022,Spring,1.0396271100696184,4,2.0590619435905047,-0.8035476046543008,2.6029232338810826,,-1.3070243418474146
Province:Liaoning,2022,Summer,1.1324491973409954,4,0.6342378512038676,-0.2782803671493923,5.4047135220178175,,-1.7874349510070962
Province:Liaoning,2022,Autumn,2.383400416664472,4,2.027467172756274,0.6205468777567724,8.68488322339965,,-0.5582018517412632
Province:Liaoning,2023,Winter,1.3261500694589625,5,0.48830850215870025,-0.3914023089120094,7.993518764508055,-1.5795373109473585,-0.6629419173365942
Province:Liaoning,2023,Spring,0.8575115345738691,5,2.8232918580328654,-1.2978349063270282,2.946166475327372,-1.4387960208192974,-1.3409395459986229
Province:Liaoning,2023,Summer,1.041870625053507,5,1.8815971628888268,-1.824771777814194,3.4006922676475795,-1.0253029609268651,-0.8724051221561999
Province:Liaoning,2023,Autumn,1.1491135121381355,5,3.741985271757337,-0.8364992631985768,2.9838257038326805,-0.51174409244646,-1.3049985856514572
Province:Liaoning,2024,Winter,1.330939762012593,5,0.43324788479973264,0.7054705708690313,4.961164508466585,1.817225459260296,0.14853152840538186
Province:Liaoning,2024,Spring,1.1660295565603322,5,1.7689385812370881,-1.0691997012554184,2.673335348975623,1.9261153293057938,-1.6074411779722626
Province:Liaoning,2024,Summer,0.7775440321685656,5,2.7411014553662665,-1.9705229854767392,0.20762830921284195,0.5248793320721288,-1.556411921285147
Province:Liaoning,2024,Autumn,0.8436973552272555,5,3.711552561217603,-0.8568710681255293,1.5300007839971541,-0.9036446828951296,-0.9762929543088785
Province:Liaoning,2025,Winter,-0.28784444877560095,4,0.8443786927290889,-0.7307686313302084,-1.1674063537033308,,-1.5591187654583705
Province:Liaoning,2025,Spring,0.18176211369073736,4,1.0540298737487768,-0.8474451735269096,0.3815026226075576,,-1.5559292151202948
Province:Liaoning,2025,Summer,1.4612820694012607,4,2.8019505819080806,-2.362874313651128,2.5676528431030254,,-1.8873494610571908
Province:Chongqing,1981,Spring,1.1875442521879522,4,-0.30984328774496506,0.015522721551426174,3.6548894933598612,,1.4206535246883392
Province:Chongqing,1981,Summer,1.8011122050659236,4,1.5614727927549765,-0.7870694979316161,1.9258158231285574,,2.930090706448544
Province:Chongqing,1981,Autumn,-0.6267884585016359,4,-1.2686787872821195,2.511937476969427,0.22989610153565362,,1.043566328709349
Province:Chongqing,1982,Winter,-0.18796809866167707,4,-0.27857197527686617,0.19406306242547636,,-1.2942218359328068,1.014984478988441
Province:Chongqing,1982,Spring,-0.5955298248265601,5,-0.7355992201562608,1.1145086209734771,-0.1890138916567321,-1.6412181964128745,0.7026908050665432
Province:Chongqing,1982,Summer,-0.4744761826882361,5,-0.7279820929975936,1.2189630094660613,1.3805472036022255,-1.8153466852007936,0.009363670621042057
Province:Chongqing,1982,Autumn,-0.30157622136641427,5,-0.8379199149426032,0.024069148605479946,0.6733750616770993,-1.5696073492158225,0.250340244254735
Province:Chongqing,1983,Winter,-0.5303467076604471,5,-1.3863888308033614,0.9708721211324988,0.563120069298665,-1.1845073827756722,0.3269147271106322
Province:Chongqing,1983,Spring,-0.2825054730982926,5,-0.45099512355765103,-0.40255318142021335,0.058088945508292356,-1.2523447820210927,-0.16982958684122487
Province:Chongqing,1983,Summer,-0.41793826789906374,5,-1.1526308949364439,0.7605090402780078,0.015178398273817976,-1.119802921184605,0.9280731186299199
Province:Chongqing,1983,Autumn,0.5246712238702744,5,0.5332900148346321,-1.5188121795307925,0.37635063156474086,-0.7476329425048653,0.9425362359260717
Province:Chongqing,1984,Winter,-0.7976483374263942,5,-0.7743709295877906,2.4747571338252214,-1.409492381308268,-0.3282217218171619,0.9986004794064711
Province:Chongqing,1984,Spring,-0.182980443850715,5,-1.0541494444686348,-0.5336146240725226,-0.37839120915806584,-0.1869725697922476,0.17099638009285065
Province:Chongqing,1984,Summer,0.23370811958920604,5,-0.0015989870176516055,-0.42192020872694247,0.24291134200691733,0.037577216590357794,0.46773081763946417
Province:Chongqing,1984,Autumn,0.37801824439825465,5,-0.5913769729375509,0.2784154976221291,0.20037750666664877,0.23560136096281736,2.3239048249214873
Province:Chongqing,1985,Winter,-0.16892010637540808,5,-0.5080361864740547,1.5231954991000272,-0.1128492491424252,0.396838437986715,0.9026419648527517
Province:Chongqing,1985,Spring,-0.3751405840873913,5,-1.0565846496171507,1.5015055599181388,0.1049105049800961,0.20143455667954657,0.3760422274386898
Province:Chongqing,1985,Summer,-0.429647907275773,5,-0.585903298143435,-0.4734327418835379,-1.0717917448813514,-0.0963391913646929,-0.8676380438729238
Province:Chongqing,1985,Autumn,-0.0722109713297209,5,0.3804706422029205,0.29390941690742256,-1.210045055841798,-0.348540766546381,1.1109697404440764
Province:Chongqing,1986,Winter,-0.14070569283654283,5,-1.3852297301278498,0.45314668557470106,-0.41599188123507064,-0.3783430511659958,1.9291828839209033
Province:Chongqing,1986,Spring,-0.3765543227805761,5,-0.14168648433324357,0.004002625320928138,-0.9396687917233211,-0.7186819467142522,-0.07873176581113546
Province:Chongqing,1986,Summer,-0.590523553280186,5,-1.0894986058249867,0.8977595909669888,-0.7494212192475188,-1.0479308120417032,0.8319924616802675
Province:Chongqing,1986,Autumn,-0.7029428568000299,5,-1.7893615379467092,0.9498178132802085,-0.34455927770515693,-1.1163429617744915,0.6853673067064169
Province:Chongqing,1987,Winter,0.657041902059911,5,1.9458811183858888,-1.3475817687465461,1.038797823548511,-1.2655759965921396,0.2185247962107486
Province:Chongqing,1987,Spring,-0.1596719721633245,5,0.23516619953806603,0.8179671437903983,-0.7321410534503201,-1.5803358466999136,2.0969179835859433
Province:Chongqing,1987,Summer,-1.0725581343156327,5,-0.9346940144368654,1.8077501763601842,-0.519775397703598,-1.4780738249589276,-0.6224972581185887
Province:Chongqing,1987,Autumn,0.09534366500991105,5,0.10634824229452411,1.4436449098263693,0.6273931774239848,-1.0536497250350991,2.2402715401925146
Province:Chongqing,1988,Winter,-0.04528266409784907,5,-0.20801446762584866,0.8587447699984112,0.5058296251006639,-0.4674447028107934,0.801960994845144
Province:Chongqing,1988,Spring,-0.27814417541398156,5,-0.08517497851721588,1.6545576133661153,-0.7681752012939251,0.12507639890212893,0.9921105172052195
Province:Chongqing,1988,Summer,0.21635939833718468,5,0.8484159895126646,-0.6262440664450479,-1.3903545032775633,0.9016788925103363,0.09581254649543777
Province:Chongqing,1988,Autumn,0.129166925869197,5,-1.0518930323578601,-0.735303321949698,0.29322738456997627,1.414028682980472,-0.7448317277963011
Province:Chongqing,1989,Winter,0.28326923148696437,5,-0.05215319032409609,1.2226395069469551,0.32754866926183185,1.5270055560821434,0.8365846293618979
Province:Chongqing,1989,Spring,0.05573412147169989,5,-1.894591343606234,-0.9297430470226408,0.1416590214866048,0.9993200727274342,0.10253980972805378
Province:Chongqing,1989,Summer,-0.38338365195148183,5,0.3987853080813611,1.4840882624859473,-0.18774020340490905,0.11227778821986246,-0.7561528901677763
Province:Chongqing,1989,Autumn,0.25517212949547574,5,-0.6382550710051047,0.8465381746091941,2.7192685021775347,-0.7282625302101401,0.7696479211242832
Province:Chongqing,1990,Winter,0.9735175733221955,5,0.07010226148878027,-0.5016438432143894,2.615347400517329,-0.7802403501251496,2.460734711515628
Province:Chongqing,1990,Spring,0.20637842270719356,5,-0.11703367420006441,-0.11201837337121226,-0.12926858905644215,-0.2647295913296271,1.430905594750889
Province:Chongqing,1990,Summer,0.243273452447316,5,0.4507141686049975,-1.1219964232162163,-1.2306667834211324,0.4775241037142202,0.39679935012227835
Province:Chongqing,1990,Autumn,0.7612789938661148,5,1.0102567174788013,-0.8457737657274922,0.47315303791661373,1.053115535835522,0.424095912372145
Province:Chongqing,1991,Winter,0.26237828259451534,5,-0.5768605665460385,-1.1422458040603674,-0.1790147409054433,1.1960201779308164,-0.2704992615671253
Province:Chongqing,1991,Spring,0.5139988153880781,5,0.2392059128086846,1.1049981078260256,1.1129366427773737,0.535953652238183,1.786895976942175
Province:Chongqing,1991,Summer,-0.34682156526803354,5,-0.39012844276553427,0.22160390544026232,0.0990128953466778,-0.44690027675081606,-0.7744880967302327
Province:Chongqing,1991,Autumn,-0.7322000651314982,5,-1.6004673585115938,-0.27650778672108217,0.2588063602351635,-1.250516752789793,-1.3453303613123493
Province:Chongqing,1992,Winter,0.05035863657268763,5,0.22662040256347088,0.17032972052406395,1.3964251764762314,-1.1983381454238913,-0.002584530228308883
Province:Chongqing,1992,Spring,-0.6579239968133049,5,-1.5614611911346887,0.7768777502292769,0.1532412190432866,-0.8134019467809375,-0.29112031496490837
Province:Chongqing,1992,Summer,-0.08454885787876631,5,0.30915313304218284,1.7441976400035202,-0.7403481629926529,-0.21030984191377008,1.9629582224739288
Province:Chongqing,1992,Autumn,-0.22481699827488216,5,-0.2478246500982224,1.1663418386299522,-0.05103366429887355,0.39111507697350706,-0.049999915320869635
Province:Chongqing,1993,Winter,0.46337502232384187,5,0.8218169147731966,-0.15785746157451153,0.7209889344553471,0.876617454284738,-0.26040565346858346
Province:Chongqing,1993,Spring,0.12490368146220716,5,-0.12615235894568527,0.8626279036963406,-0.3016823754962385,1.2813500011328736,0.6336310443164267
Province:Chongqing,1993,Summer,-0.1534932299557934,5,-1.1206172372873773,1.9010414912904463,0.2611300724152957,1.5994737487792547,0.39358875760430606
Province:Chongqing,1993,Autumn,-0.10922050466943159,5,-0.384686981483326,0.8595744317849827,-0.19084996202034335,1.5343639176291208,-0.6453550656876266
Province:Chongqing,1994,Winter,-0.22457595399253627,5,-0.6261907745779762,0.052585676251172025,-1.2611263055406678,1.1251438151123223,-0.3081208287051875
Province:Chongqing,1994,Spring,0.4131573631906652,5,-0.17531943796043195,-0.4354585050102899,0.08537610208663064,1.6598767745800536,0.06039487223678376
Province:Chongqing,1994,Summer,0.6610360496564948,5,0.07438100742525211,-1.523016091872703,0.22419045697600554,2.085696772511634,-0.6021040805031211
Province:Chongqing,1994,Autumn,-0.05662298765922493,5,0.03734276785511518,0.7337315090437665,-0.2734327366617063,2.0108971534275155,-1.3241906138732826
Province:Chongqing,1995,Winter,0.1718550571089709,5,-0.8314145256103185,-0.7015214466661456,0.22604908789170144,2.1089225867417554,-1.3458033101444296
Province:Chongqing,1995,Spring,-0.18480177565677564,5,-0.7461441021016386,-0.6837287616261299,-0.9291543050267842,1.8903501116722683,-1.8227893444538537
Province:Chongqing,1995,Summer,0.16220815748208126,5,-0.6687336012272992,-0.5323245894657578,-0.6157045166460456,1.057809376403411,0.5053449394145823
Province:Chongqing,1995,Autumn,-0.233326098715071,5,0.010122886014771118,-0.026066989227635444,-1.0515420958756205,0.05600208666219833,-0.2072803596043395
Province:Chongqing,1996,Winter,-0.7881355188386434,5,-1.1169049421611987,0.7779924204918994,-1.3062329399833539,-0.2951280193144162,-0.444419272242349
Province:Chongqing,1996,Spring,-1.1779107545368772,5,-1.1232620075172035,2.5532443208874684,-0.6652609723135499,-0.37670224443582573,-1.1710842275303381
Province:Chongqing,1996,Summer,0.11044962046176447,5,-0.3280002550692993,-0.7557567584067826,0.9024080303908892,-0.4183973235126856,-0.3595191079068645
Province:Chongqing,1996,Autumn,0.09509515702540186,5,-1.0047597837000328,-0.2956885311284494,1.9607622724783704,-0.3631960328459009,-0.41301920193387676
Province:Chongqing,1997,Winter,-0.3139305988748461,5,0.1600868684149209,-0.7866711157268003,-0.9614181975100697,-0.13659374534239566,-1.4183990356634861
Province:Chongqing,1997,Spring,-0.2224174974437961,5,-0.07620265793210491,-1.1584893141403607,-0.9872564990559325,-0.03230279585257516,-1.1748148485187286
Province:Chongqing,1997,Summer,-0.16525726711421104,5,0.12456225870784482,0.06276777423025477,-1.5479580087333955,0.11497986024108382,0.5448973284436665
Province:Chongqing,1997,Autumn,-0.7322597919136975,5,-0.5154410883385587,0.6365170455986209,-1.6667069549229192,0.22467079524666084,-1.0673046659550491
Province:Chongqing,1998,Winter,-0.39481302433741877,5,-1.076226638413112,-0.24379844192482042,-0.6411490667916444,0.43235022730469186,-0.9328380857118497
Province:Chongqing,1998,Spring,0.7243228873439908,5,1.9085904482680063,-0.11443396577767583,0.971230224624178,0.5800496368316175,0.04731016121847614
Province:Chongqing,1998,Summer,0.4546228845317343,5,-0.25805453522844196,-1.06610900275853,2.013754035860543,0.6768599972329837,-1.2255540779649439
Province:Chongqing,1998,Autumn,0.23617856814014618,5,1.9506024050296977,-1.1880948722066633,-0.8282025163330275,0.6145470040326975,-1.7441489242353003
Province:Chongqing,1999,Winter,0.36259078563959063,3,1.3956749303103826,-1.2654065773268828,,,-1.5733091507184935
Province:Chongqing,1999,Spring,-0.40743788174594125,3,-0.06720949596674394,-0.34473958915534403,,,-1.499843738426424
Province:Chongqing,1999,Summer,-0.8338528457341475,3,-0.7672085952165076,0.847987192948066,,,-0.8863627490378694
Province:Chongqing,1999,Autumn,0.18051388784128242,3,0.6623450188966974,-0.8906821674314814,,,-1.0114855228043316
Province:Chongqing,2000,Winter,-0.43533243523480314,3,-0.7549029827169493,0.030092474823145712,,,-0.5210018481643144
Province:Chongqing,2000,Spring,0.014429026415137658,3,-0.0008399854287356555,-1.436508091150688,,,-1.3923810264765393
Province:Chongqing,2000,Summer,-0.80738047098452,3,-0.8941798532228132,-0.2571126209617605,,,-1.7850741806925075
Province:Chongqing,2000,Autumn,-1.0444843772694146,3,-0.7776477161304096,1.8189774657879454,,,-0.5368279498898887
Province:Chongqing,2001,Winter,0.24883178177143475,3,-0.06777739753182525,-0.779266461701111,,,0.035006281145018456
Province:Chongqing,2001,Spring,-0.521989912869598,3,-0.6207945417795435,-0.09514659210331676,,,-1.040321788932567
Province:Chongqing,2001,Summer,0.31906847997451876,3,-0.47942542920574416,-0.596942080404094,,,0.8396887887252064
Province:Chongqing,2001,Autumn,0.9638139589270168,3,0.1519381624570428,-1.7049781737100536,,,1.034525540613954
Province:Chongqing,2002,Winter,-0.012608905620542787,3,-0.1561422066422111,-0.5210574551853385,,,-0.40274196540475576
Province:Chongqing,2002,Spring,0.0007402124581973683,3,0.5919001137373587,1.0995882879052803,,,0.5099088115425137
Province:Chongqing,2002,Summer,-1.127868678780034,3,-0.4656342394131553,1.2381939892568756,,,-1.6797778076700707
Province:Chongqing,2002,Autumn,-0.4380025879842749,4,-0.30853789491047684,-0.5062448961370014,-0.8844629545453326,,-1.0652543986182914
Province:Chongqing,2003,Winter,0.5134183638209093,4,2.0259352866887306,-0.3145739957437607,-0.48794653336395155,,0.20111070621509775
Province:Chongqing,2003,Spring,-0.12736956369918492,4,0.17087728105575473,-0.5606699254036008,-0.6329385926788518,,-0.6080868685772435
Province:Chongqing,2003,Summer,-0.03741827305704837,4,0.6356878891620737,-0.2171722806014764,0.332199664761486,,-1.3347329267532295
Province:Chongqing,2003,Autumn,-0.3521403675174904,4,0.17015012683127087,-0.1058969463836261,-1.0994562644922439,,-0.5851522787926147
Province:Chongqing,2004,Winter,-0.10751585918692537,5,-0.2021124763370322,-1.1011493026278871,0.2444041533577674,-0.33428330414277396,-1.346736971440475
Province:Chongqing,2004,Spring,0.3484292283704831,5,1.1530628365151796,-1.1134032092241026,0.6030722379592867,-0.4067212847247653,-0.7206708571213877
Province:Chongqing,2004,Summer,-0.11660354076423238,5,-0.32376517891941753,0.5890990430673347,0.6566126175457542,-0.4307768792751633,0.10401077989499946
Province:Chongqing,2004,Autumn,-0.27989268658648553,5,-1.2552728562621005,0.023509151691626838,-0.21231855354876575,-0.3565925528280101,0.4482296813980756
Province:Chongqing,2005,Winter,-0.632030995342846,4,-0.3750189986461057,0.8022109355023314,-0.8632896441271521,,-0.4876044030957945
Province:Chongqing,2005,Spring,0.03678401839239809,4,0.32153499471287145,-0.8875782144493041,-0.23245291091544068,,-0.8295242246771424
Province:Chongqing,2005,Summer,0.5162473698501738,3,1.0191183981741374,0.021456338936982816,,,0.5510800503133668
Province:Chongqing,2005,Autumn,0.1159837074720144,3,0.4492782109307447,-0.8910177278509377,,,-0.9923448163656392
Province:Chongqing,2006,Winter,-0.42236623637783666,3,-0.6034360307653596,0.12903252699413145,,,-0.5346301513740189
Province:Chongqing,2006,Spring,0.3567143527966951,3,1.3948905718515823,0.38321082952895946,,,0.05846331606746235
Province:Chongqing,2006,Summer,1.7873687531338678,3,3.6186536141101993,-1.7370098360817159,,,0.006442809209687581
Province:Chongqing,2006,Autumn,1.2463852664848303,3,2.127035945350123,-1.5179127554443361,,,0.09420709866003162
Province:Chongqing,2007,Winter,0.5682287138221124,3,1.6067693176545812,-1.2605595778036018,,,-1.1626427539918458
Province:Chongqing,2007,Spring,1.7000784128243673,3,3.0948714583182197,-0.6395416358659295,,,1.3658221442889533
Province:Chongqing,2007,Summer,-0.0465486044381048,3,-0.714904566149478,-0.8812485135301307,,,-0.30598976069496714
Province:Chongqing,2007,Autumn,0.41240589757969376,3,1.120923302665554,-0.021953222270153592,,,0.0943411678033737
Province:Chongqing,2008,Winter,-1.0834416587411593,3,-0.38845178876183273,2.12414821124355,,,-0.7377249762180955
Province:Chongqing,2008,Spring,0.6427497309714127,3,1.1110362893574008,-1.8540220448870837,,,-1.0368091413302463
Province:Chongqing,2008,Summer,-0.08821960754258369,3,-0.4319284394770947,-0.6730002850250233,,,-0.5057306681756797
Province:Chongqing,2008,Autumn,0.5569753997291341,3,1.3984419963290804,-1.0036256246819113,,,-0.7311414218235894
Province:Chongqing,2009,Winter,1.5374431999166205,3,2.2753319186123027,-0.8125584315637736,,,1.5244392495737846
Province:Chongqing,2009,Spring,0.4998934035855904,3,0.4276367724080077,-0.9118538989677006,,,0.16018953938106276
Province:Chongqing,2009,Summer,0.8807729430930474,3,1.5114037591308669,-0.6567307274909417,,,0.4741843426573333
Province:Chongqing,2009,Autumn,0.5825522273379883,3,1.4452790175879577,0.32905587328843694,,,0.6314335377144443
Province:Chongqing,2010,Winter,0.728893658665937,3,0.8399856200375688,-0.8479190609676495,,,0.4987762949925927
Province:Chongqing,2010,Spring,-0.23669511904862076,3,-0.3057288936029433,0.3248914886542701,,,-0.07946497488864886
Province:Chongqing,2010,Summer,0.6381448785586595,3,0.7825399478325744,-0.4683317299286547,,,0.6635629579147496
Province:Chongqing,2010,Autumn,0.4920030418547947,3,0.7182981891477395,-0.3874807932442502,,,0.3702301431723945
Province:Chongqing,2011,Winter,-0.09870510915116348,3,0.0023944223162630967,1.5921945950065488,,,1.2936848452367953
Province:Chongqing,2011,Spring,0.11689471831361879,3,1.4583043391372539,0.9229937546241994,,,-0.1846264295721981
Province:Chongqing,2011,Summer,1.8832271825149522,3,2.1554911846526625,-0.2238065828262783,,,3.2703837800659157
Province:Chongqing,2011,Autumn,1.4942586474972448,3,3.114251336283813,-0.05822035112237919,,,1.3103042550855428
Province:Chongqing,2012,Winter,0.8931316250830506,3,-1.440305859559462,0.9167982425500267,,,5.03649897735864
Province:Chongqing,2012,Spring,2.7423409062703197,3,-0.8279071048067228,-0.16281298911212488,,,8.892116834505558
Province:Chongqing,2012,Summer,2.2921996897896597,3,-0.07209015520016143,-1.0230098261875604,,,5.925679398381581
Province:Chongqing,2012,Autumn,2.5971592374932384,3,-1.3691219055262687,0.3895559327669978,,,9.550155550772981
Province:Chongqing,2013,Winter,2.9473336663163443,3,1.3282709569451698,0.5935316740670977,,,8.10726171607096
Province:Chongqing,2013,Spring,5.253241837721493,3,2.2008316660092704,-0.7783976402863274,,,12.780496206868882
Province:Chongqing,2013,Summer,5.827361638672717,3,3.491588517854341,-1.5469047501693354,,,12.443591647994475
Province:Chongqing,2013,Autumn,2.699974044014177,3,0.36097884854672857,0.9769729933642038,,,8.715916276860007
Province:Chongqing,2014,Winter,2.926441834025546,3,1.213666889640825,0.5909246428453623,,,8.156583255281175
Province:Chongqing,2014,Spring,4.1121670185694805,3,-0.04659918185130305,-0.9434372393904179,,,11.439662998169325
Province:Chongqing,2014,Summer,2.2414845687933047,3,0.37690831942594394,1.013754281848803,,,7.361299668802773
Province:Chongqing,2014,Autumn,4.11272884966642,3,0.17538151755541742,-0.9558672088763276,,,11.206937822567514
Province:Chongqing,2015,Winter,4.38674520743856,3,2.045056356800118,-0.5479724297836044,,,10.567206835731957
Province:Chongqing,2015,Summer,1.3865653732950003,3,-0.4357219841368589,1.0932952236453624,,,5.688713327667222
Province:Chongqing,2015,Autumn,4.598982989215287,3,1.4451110051672404,-0.9834565165485127,,,11.368381445930106
Province:Chongqing,2016,Winter,3.8702987486347826,3,1.3594487203049979,0.5362377735569167,,,10.787685299156268
Province:Chongqing,2016,Spring,4.435000317057357,3,0.927906807655243,-0.39315479069470244,,,11.983939352822125
Province:Chongqing,2016,Summer,4.458758708898183,3,2.0892875289494612,-0.06519514387799236,,,11.221793453867095
Province:Chongqing,2016,Autumn,4.018179934512351,3,2.130752569739615,0.31370531520298445,,,10.237492549000422
Province:Chongqing,2017,Winter,4.910857471286622,3,3.107211416056345,-1.001102080987089,,,10.624258916816432
Province:Chongqing,2017,Spring,4.210311477868339,3,-0.5381235587529424,-0.5810403425371817,,,12.588017649820777
Province:Chongqing,2017,Summer,4.393031511806673,3,1.319198253426625,-0.4768801050648558,,,11.383016176928539
Province:Chongqing,2017,Autumn,3.3577345302266113,3,-0.4770686746325164,-0.16310434717388328,,,10.387167918138466
Province:Chongqing,2018,Winter,3.2210636107086237,3,-0.3355020292661967,0.5116930133979374,,,10.510385874790005
Province:Chongqing,2018,Spring,6.097345789263144,3,3.554314121101167,-1.4231253389967622,,,13.314597907691503
Province:Chongqing,2018,Summer,4.670671472878866,3,2.0268480267904576,-1.7193757775540621,,,10.265790614292081
Province:Chongqing,2018,Autumn,3.020841251839357,3,-0.28472909195533763,1.1838847966118846,,,10.531137644085293
Province:Chongqing,2019,Winter,4.179662380186948,3,-0.01486354880750231,1.0060368185245459,,,13.559887507892894
Province:Chongqing,2019,Spring,4.62466753122106,3,1.1564745015227855,0.396464566268275,,,13.11399265840867
Province:Chongqing,2019,Summer,3.310190073089156,3,0.5521106108270772,-0.18174893050019206,,,9.196710677940198
Province:Chongqing,2019,Autumn,3.522283160067365,3,-0.0653706644002327,-0.3595213867161948,,,10.272698757886133
Province:Chongqing,2020,Winter,3.6018531801486775,4,1.3263326684119199,-1.2062460914349604,4.8274795010444755,,7.047354459703354
Province:Chongqing,2020,Spring,4.129329752249653,4,1.1159681133156787,-0.12519927596691466,3.350992241667741,,11.92515937804828
Province:Chongqing,2020,Summer,4.229392981972473,4,0.3442005983773896,-1.1129783979021264,3.4483601767554304,,12.012032754854944
Province:Chongqing,2020,Autumn,2.879467474479064,4,-0.43679680323356307,1.0366537138443281,4.1799431582800795,,8.811377256714069
Province:Chongqing,2021,Winter,3.414498008762324,4,1.0705631405684666,0.4655005295061633,2.820251415641342,,10.23267800834565
Province:Chongqing,2021,Spring,4.516027674411778,4,0.3357771584894444,-1.017109182698771,4.9825939788706926,,11.728630377588205
Province:Chongqing,2021,Summer,4.403579859843466,4,0.6143352060713843,-0.31746310362901103,5.542196274280314,,11.140324855393159
Province:Chongqing,2021,Autumn,4.027278022192992,3,1.5572302932534634,0.5539361065309275,,,11.07853987985644
Province:Chongqing,2022,Winter,3.62966184480334,3,0.44636581276489073,-0.2482086966610683,,,10.194411024984062
Province:Chongqing,2022,Spring,6.14880306109391,4,2.563273730700945,0.22273756413561746,4.039073028831323,,18.21560304897899
Province:Chongqing,2022,Summer,6.995684455717089,4,5.81256738186995,-1.5393312826617593,3.9606420096801545,,16.67019714865649
Province:Chongqing,2022,Autumn,4.883125140037791,4,3.8205597040564494,-0.007148485982977512,0.8675491832069397,,14.837243186904798
Province:Chongqing,2023,Winter,2.1622168241611326,5,0.678669551315308,-0.10101749473513406,1.988865208709802,1.999784201719927,6.042747664325494
Province:Chongqing,2023,Spring,2.936963445344228,5,2.5747026818800434,-0.39875693749193303,1.7864322153065373,2.5252609779256106,7.399664414117015
Province:Chongqing,2023,Summer,2.4345214120490657,5,0.33882554285000466,-0.7642689771336677,3.023384064291215,2.7847009513413274,5.261427524629113
Province:Chongqing,2023,Autumn,3.8628350995778518,5,2.709341420214431,-1.4110297068842923,3.4372344445922627,2.400692183535577,9.355877742662699
Province:Chongqing,2024,Winter,3.857001068739007,5,3.824728687921314,0.9295170822476126,1.7048770273801697,2.2293164640588414,12.455600246582323
Province:Chongqing,2024,Spring,4.175997176382976,5,2.2577848146479638,-1.562900546014587,1.387152262577091,2.19726991324679,13.47487834542845
Province:Chongqing,2024,Summer,4.227291260949337,5,2.808551860165022,-0.9784612290583272,3.5116124374458315,1.6069547223608096,12.230876055716694
Province:Chongqing,2024,Autumn,5.038575326442616,5,6.121939454766374,-1.2245165752023404,5.018746424301636,0.7050618777684042,12.122612300174326
Province:Chongqing,2025,Winter,4.109040400425733,3,0.7560764616723763,-0.669543690004053,,,10.901501049600768
Province:Chongqing,2025,Spring,4.340337111281522,3,2.6930361671443754,-0.5694844728736052,,,9.758490693826586
Province:Chongqing,2025,Summer,4.88650313171222,3,3.599423043275554,-1.6166655566278911,,,9.443420795233216
Province:Shaanxi,1981,Spring,1.7939733302570846,4,-0.19806712913439176,-0.7646004901191426,4.279401007135609,,2.3299589529079783
Province:Shaanxi,1981,Summer,1.6310633883960266,4,0.06731428730050518,-0.4212585777570657,3.8475036301531063,,2.1881770583734292
Province:Shaanxi,1981,Autumn,0.26695592041284877,4,-1.4268289285219837,2.2943823011582944,3.669400274313081,,1.1196346370185921
Province:Shaanxi,1982,Winter,-0.49373872738649593,4,-0.6621868407081609,-0.4257358238973617,,-1.623312514068179,-0.11519137866700555
Province:Shaanxi,1982,Spring,-0.4939605752078478,5,-0.367320557451844,0.14146982509894004,-0.4940050434026238,-2.0941466623653953,0.6271392122795642
Province:Shaanxi,1982,Summer,-0.8245656590710245,5,-1.0109845462627247,1.2401994076938325,0.7875315030989627,-2.44773242977206,-0.21144341472546782
Province:Shaanxi,1982,Autumn,-0.5714868283720019,5,-0.7388663340523051,-0.48869744634888196,0.21944519973977822,-2.0789880391759157,-0.747722414720449
Province:Shaanxi,1983,Winter,-0.46395838987059734,5,-1.2902093456874044,1.0233008017612906,-1.0911524472265193,-1.092750370176599,2.1776210154988265
Province:Shaanxi,1983,Spring,-0.11237759554646276,5,-1.0617737495903823,1.0664226452362275,0.26774461349042905,-0.8905072368777084,2.189071040481575
Province:Shaanxi,1983,Summer,-0.71118401786917,5,-1.517082835273386,2.206585454905908,-0.048666220460913207,-0.3659446724244533,0.5823590937188113
Province:Shaanxi,1983,Autumn,0.22270350664800515,5,-0.7905166511496831,-1.3620139471504076,1.0682165030547863,0.2943111240059255,-0.8205073898214105
Province:Shaanxi,1984,Winter,-0.6946926714455569,5,-1.4229062892352495,1.042858718495278,-1.2032636759466526,0.7092653980643278,-0.5137000716149321
Province:Shaanxi,1984,Spring,-0.21823976744569276,5,-0.7736419956649998,-0.5262062336116512,-0.44944743952059935,0.6331119579909248,-1.0274275936454407
Province:Shaanxi,1984,Summer,-0.44769319129339735,5,-1.1118357328036752,1.5159294200873894,0.0064174809036079885,0.47749566210365707,-0.09461394658318713
Province:Shaanxi,1984,Autumn,-0.20370341124343452,5,-0.7445837074881142,-0.05361659044921083,-0.06978157555166282,0.17019458350010114,-0.4279629471267074
Province:Shaanxi,1985,Winter,-0.5076327703839358,5,-0.8597220977477408,1.9422014247901538,-0.26005886895669333,-0.13747465798273387,0.6612931975576423
Province:Shaanxi,1985,Spring,0.007501681111071223,5,-0.5334044460616809,0.05012363606936772,-7.705893993306344e-07,0.20982816375585175,0.4112090945199523
Province:Shaanxi,1985,Summer,-0.0916515099030415,5,-0.42922437145585735,-0.2516639596486613,-0.1996126584540683,0.42210951570970023,-0.5031939949636434
Province:Shaanxi,1985,Autumn,-0.303701541596339,5,-0.9488117759676641,1.402317638519008,0.3799417691415762,0.5170845920050509,-0.06440465464165018
Province:Shaanxi,1986,Winter,-0.2447777485050179,5,-1.197193823918685,0.8166234974653301,-0.906867523624392,0.6224184618186518,1.0743776406646655
Province:Shaanxi,1986,Spring,-0.23819294946112096,5,-0.33401176204033084,0.15239334496361168,-0.596008724771589,0.4311526066680659,-0.5397035221981393
Province:Shaanxi,1986,Summer,-0.7504724559910828,5,-0.9113310824761024,0.5648100431354104,-1.0209163929500724,0.12825512564294617,-1.383559887036775
Province:Shaanxi,1986,Autumn,-0.5104476260225647,5,-1.2255944281368052,1.3563811599948747,-0.524165220692502,-0.22791120697214137,0.7818138856835005
Province:Shaanxi,1987,Winter,0.6557150149031089,5,1.1174072023672068,-1.0938532038178108,-0.8183890034673272,-0.07150884646737425,1.9572125182652285
Province:Shaanxi,1987,Spring,-0.21049774685131517,5,0.02897427481594107,0.5922446326153158,-0.22468299822622856,-0.11550344086022636,-0.14903193737074608
Province:Shaanxi,1987,Summer,-0.49300094791884297,5,-0.7088561879770395,0.932566236969504,-0.45794111292094203,-0.10034608817470216,-0.26529511355202673
Province:Shaanxi,1987,Autumn,0.7800667718614742,5,2.3288849496038893,0.7463159979279177,-0.6154364366849955,-0.05415381711230763,2.987355161428703
Province:Shaanxi,1988,Winter,-0.05321576553927469,5,-0.14463479457540404,0.6924022903961385,-0.5069714698462553,-0.4204446891974345,1.498374416318859
Province:Shaanxi,1988,Spring,-0.8735654402592562,5,-1.0358527001752456,2.6362014068445214,-0.3807198558845573,-0.24518888998139432,-0.0698643484105627
Province:Shaanxi,1988,Summer,-0.04296466598808546,5,-0.7012622218021115,0.0989152743428055,-0.1610820378710592,0.11421176374039577,0.6322244403351532
Province:Shaanxi,1988,Autumn,-0.20503645614981653,5,-0.6431603409868571,-1.2345186741447394,-0.8759070559955114,0.4563592709366642,-1.1969928288481178
Province:Shaanxi,1989,Winter,0.24508416679320733,5,-0.5067707721268835,0.42934098055914754,1.0887456800508586,1.4317812707180422,-0.3589943641168331
Province:Shaanxi,1989,Spring,0.1346640333737727,5,-1.7850072310965837,-0.541121828090911,0.059731042961289685,1.4125134102496286,0.4449611166636178
Province:Shaanxi,1989,Summer,-0.22134227347202295,5,-1.2682674397654727,1.1501154309271726,-0.3634311685090097,0.4981128325950219,1.1769898392465181
Province:Shaanxi,1989,Autumn,-0.5761415289104876,5,-0.7566723053620257,-0.1905339722946676,-0.3888320968112061,-0.610602715888655,-1.3151344987852187
Province:Shaanxi,1990,Winter,0.5416654909418311,5,0.09308752252360487,-0.751763118011034,3.0807564871198045,-0.6926968759355477,-0.5245827970097395
Province:Shaanxi,1990,Spring,-0.6094148397496834,5,-0.8477177723250217,1.5215566153981221,0.19993165826232465,-0.9064248039150029,0.028693334627405257
Province:Shaanxi,1990,Summer,-0.36679022044989046,5,-0.15902818704086438,0.20841048231169046,-0.25311101892875565,-1.0290289947849134,-0.18437241918322825
Province:Shaanxi,1990,Autumn,0.006386841417540356,5,0.9814117153027916,-1.1732634155142179,-0.4674544843432791,-0.8467154565386416,-0.8085709828473869
Province:Shaanxi,1991,Winter,0.3241788396842556,5,-0.05271887775440561,-1.1966436188267806,1.4566469437906888,-0.3450456620653073,-0.6346318243764784
Province:Shaanxi,1991,Spring,-0.714473053878549,5,-0.6789683737793856,0.9493044257186576,0.14345678535828932,-0.5147989421696075,-1.5727503130833833
Province:Shaanxi,1991,Summer,-0.6534594160027775,5,-0.18353988161790766,-0.4879158725116414,-0.5079441689092014,-0.6317765389603394,-2.4319523630380804
Province:Shaanxi,1991,Autumn,-0.2242971701565351,5,-1.0412516351001306,-0.3677877020537923,-0.322313281701536,-0.563549442335454,0.43784080630065264
Province:Shaanxi,1992,Winter,-0.23756213306550267,5,-0.1334442801102587,0.2175111321907017,0.30636343342668365,0.03541798164794623,-1.1786366681011828
Province:Shaanxi,1992,Spring,-0.4168215796585776,5,-1.350668695178769,-0.15690599351396212,-0.08455325911860428,0.549683778643248,-1.3554757161527249
Province:Shaanxi,1992,Summer,-0.25804223616440475,5,-0.6966744739372974,1.3650367016342269,-0.11501304697268028,1.2753418930107094,-0.3888288512885287
Province:Shaanxi,1992,Autumn,-0.18055657619382542,5,-0.992912215635824,1.1257344089978714,0.09238037141602036,1.6506197700207519,-0.527136397772204
Province:Shaanxi,1993,Winter,0.10478748496923702,5,-0.034869781529578384,0.6230960587808706,0.5007718758376265,1.5256390007040688,-0.8445076113850613
Province:Shaanxi,1993,Spring,-0.24259479189313585,5,-0.7573920847792688,1.0064054720480424,-0.2816904577294739,1.1452453082606937,-0.312731253169588
Province:Shaanxi,1993,Summer,-0.6520101321159097,5,-1.2805882941198952,1.5833875695979216,-0.2193369414211445,0.4319539021143715,-0.608691757554959
Province:Shaanxi,1993,Autumn,-0.48807350953730266,5,-0.5245664318551183,1.0481719745149232,-0.7059569597201377,-0.4460220212545486,0.2843498396582143
Province:Shaanxi,1994,Winter,-0.01940309600801715,5,-1.0335578404525847,-0.054975073224887205,-0.2267789915086197,-0.4487407625414836,1.5570870412377151
Province:Shaanxi,1994,Spring,-0.1042720551575734,5,0.4764646326195805,-0.07693323271118514,-0.15439845216032497,-0.8374752329970321,-0.08288445596127562
Province:Shaanxi,1994,Summer,0.3753592661764338,5,0.26165814990589537,-1.4858396007631185,0.3803095784884412,-1.2445348328100707,0.9935238345347843
Province:Shaanxi,1994,Autumn,-0.1635446277514291,5,0.23719773374694572,0.9090223381790082,0.10770893937661753,-1.2952339555832248,1.0416264818815242
Province:Shaanxi,1995,Winter,-0.23387759017731513,5,-0.518740779578915,-1.0100109414772753,0.13926580063527566,-0.8596623195716785,-0.9402615938485331
Province:Shaanxi,1995,Spring,-0.4006452498798542,5,-0.6025268822771842,-0.08572812182942743,-0.6063382989431491,-0.06048258319037309,-0.8196066068179925
Province:Shaanxi,1995,Summer,0.4685096689496989,5,0.3345617196239105,-1.0556032166035292,-1.0384699425966282,1.2628191411410168,0.7280342099766659
Province:Shaanxi,1995,Autumn,0.6030294843116708,5,0.34031429461577073,-0.3221512781734178,-0.5970995047302545,2.2681952196876614,0.6815861338117588
Province:Shaanxi,1996,Winter,0.007008038282022383,5,-1.1145874047109987,0.18427821537828712,-0.9396741664806387,2.31354630093669,-0.039966322956653394
Province:Shaanxi,1996,Spring,-0.32138918617033946,5,-1.4573606987463419,1.783318547317386,-0.45360314558062104,2.2785264805261396,-0.1911900197334882
Province:Shaanxi,1996,Summer,0.5828802047226869,5,-0.1806437260804031,0.09382375151173225,0.48552568489596054,1.9222128307646487,0.7811299855449602
Province:Shaanxi,1996,Autumn,0.43570742100968707,5,-0.12765196316174848,-0.06929382885155742,-0.12556986932208694,0.9682349262840757,1.3942301823966374
Province:Shaanxi,1997,Winter,0.3499108631891868,5,0.24936107250451808,-0.919730662855866,0.09658472982019141,0.5163789059040774,-0.03250105513871904
Province:Shaanxi,1997,Spring,-0.01873608233553985,5,0.0947426258474531,-1.7424475102362191,-0.4774530974249906,0.23826168608129178,-1.6916791364176726
Province:Shaanxi,1997,Summer,0.8655279479403759,5,2.1138866736751476,-1.0180090332084961,-0.8813911248363475,-0.1662859546133439,2.243421112267927
Province:Shaanxi,1997,Autumn,-0.11316350276872642,5,0.6141802281468313,1.259532149962472,-0.5627622973411835,-0.5400183283946213,1.1823150337078134
Province:Shaanxi,1998,Winter,0.21398821100448479,5,0.07170583067691139,-0.08186503875826114,-0.5249465074506948,-0.24542492855249232,1.6867416215904387
Province:Shaanxi,1998,Spring,0.7277798308257686,5,1.9481907410936739,0.6435570366291461,0.33038630391321794,-0.022263683421495217,2.0261428291725925
Province:Shaanxi,1998,Summer,0.22620764490846978,5,-0.1207648103007548,-1.257922895746419,0.4311311244310826,0.3951666214919612,-0.8324176068263588
Province:Shaanxi,1998,Autumn,0.7894797779660567,5,2.6978800260703113,-1.389486814475266,-0.9904939976523889,0.7132704153846,0.13725563155249512
Province:Shaanxi,1999,Winter,0.9137851879077729,3,2.223561920148952,-1.1394144937691768,,,-0.6216208501948101
Province:Shaanxi,1999,Spring,0.3778943373614044,3,-0.045910510825549394,-1.307788114911439,,,-0.12819459200167646
Province:Shaanxi,1999,Summer,0.6650230608159723,3,0.6581583516906097,-1.243370694552927,,,0.09354013620438047
Province:Shaanxi,1999,Autumn,0.12097012173593498,3,0.9234944477288327,-0.6307696049684619,,,-1.1913536874894897
Province:Shaanxi,2000,Winter,-0.4145755649668805,3,-0.8881280644206112,0.08167438732751126,,,-0.27392424315251906
Province:Shaanxi,2000,Spring,1.1326795133012766,3,0.5141527612016124,-1.4011083319632363,,,1.4827774467389814
Province:Shaanxi,2000,Summer,0.056982564486961394,3,0.07231740926019611,-0.33333566272112575,,,-0.23470537852043766
Province:Shaanxi,2000,Autumn,-0.4324832687311136,3,-0.34335497181450186,0.7691923459507587,,,-0.18490248842808032
Province:Shaanxi,2001,Winter,0.35794422802073717,3,0.3004561003971202,-1.242176295055221,,,-0.4687997113901298
Province:Shaanxi,2001,Spring,0.13573215616577075,3,0.5115866120592849,-0.3418354234945855,,,-0.4462255670565582
Province:Shaanxi,2001,Summer,0.6132305584610441,3,0.7254219506380946,-1.1028310113798818,,,0.011438713365156212
Province:Shaanxi,2001,Autumn,-0.007838207656762445,3,-0.6337551300902889,-1.0326962086309173,,,-0.42245570151091566
Province:Shaanxi,2002,Winter,0.8439962489005376,3,1.8386585795001231,-0.9856848309819328,,,-0.2923546637804436
Province:Shaanxi,2002,Spring,0.31763315459518465,3,1.219219647232093,-0.13405419944887242,,,-0.4003743828954115
Province:Shaanxi,2002,Summer,0.5859365320502944,3,2.280824566575306,-0.6214362451441109,,,-1.1444512155685338
Province:Shaanxi,2002,Autumn,0.2512791789530088,4,0.5437177031212335,0.08683219825217536,-0.3530843351524417,,0.9013155460954188
Province:Shaanxi,2003,Winter,-0.09555849230029767,4,0.6091310275436017,0.4972344107492744,0.1983140666584278,,-0.6924446526539458
Province:Shaanxi,2003,Spring,0.1526286175025779,4,-0.015309675130675358,-0.3879443722389885,-0.4310261692438363,,0.6689059421458348
Province:Shaanxi,2003,Summer,-0.5416148992672744,4,-0.30692477976527116,1.2782758173247315,-0.11911478480594663,,-0.46214421517314797
Province:Shaanxi,2003,Autumn,-0.0585237259021274,4,0.38250326580261323,0.7518358780343798,1.3752141493571042,,-1.2399764407338472
Province:Shaanxi,2004,Winter,-0.30207025002112015,5,-0.018752742865724398,-0.9768343199649943,-0.03973536442971087,-1.217385693234962,-1.2113117695401976
Province:Shaanxi,2004,Spring,0.09223956385723478,5,1.142417361468103,-1.1051228093138565,-0.5864717021344175,-1.2115319163976217,0.011661267036253538
Province:Shaanxi,2004,Summer,-0.29697251960955506,5,-0.09977664276775026,0.2046608570284992,-0.5523883823343883,-0.9420297767745522,0.3139930608574148
Province:Shaanxi,2004,Autumn,-0.585073946460269,5,-0.9988917831281866,-0.450963913161647,-0.31345009069977425,-0.3750749185693137,-1.6889168530657175
Province:Shaanxi,2005,Winter,-0.6733687999804747,4,-0.32126318151943234,0.5131712549601427,-0.3496109984020532,,-1.5094297650402704
Province:Shaanxi,2005,Spring,0.11626252664403425,4,0.8224487871210575,-0.6502197255973967,-0.060251996390743634,,-0.9473664097515737
Province:Shaanxi,2005,Summer,0.1407973186086913,3,0.7028411303242039,-0.24477475148781783,,,-0.5252239259859478
Province:Shaanxi,2005,Autumn,0.13139201182886998,3,0.05136029399131629,-1.2747373279087935,,,-0.9319215864134998
Province:Shaanxi,2006,Winter,-0.48535853518160893,3,-0.2724015889125717,1.041307304271679,,,-0.1423667123605761
Province:Shaanxi,2006,Spring,0.6274079358531802,3,1.3536854216984557,0.3589044185520835,,,0.8874428044131687
Province:Shaanxi,2006,Summer,1.8226975574129884,3,2.6180086246724823,-1.424840945300535,,,1.425243102265948
Province:Shaanxi,2006,Autumn,0.7468666620863155,3,1.127447173596627,-1.0503570638553807,,,0.06279574880693894
Province:Shaanxi,2007,Winter,0.7732935628850521,3,1.0675741137446368,-1.226377438373083,,,0.02592913653743635
Province:Shaanxi,2007,Spring,1.0118338044637698,3,2.077786590859493,-0.831806323776513,,,0.12590849875530372
Province:Shaanxi,2007,Summer,-0.25716919965860935,3,0.1698008738272027,-0.2788639837372297,,,-1.2201724565402605
Province:Shaanxi,2007,Autumn,0.07560183766421401,3,-0.4282386458996681,-0.133152281233691,,,0.5218918776586191
Province:Shaanxi,2008,Winter,-1.632688323242825,3,-0.8029473220023754,2.799961850802695,,,-1.2951557969234047
Province:Shaanxi,2008,Spring,0.6346908228016895,3,1.422044709669764,-1.1250974574791965,,,-0.643069698743892
Province:Shaanxi,2008,Summer,-0.024787783901670617,3,-0.6385381850374758,-0.04353720078613547,,,0.5206376325463286
Province:Shaanxi,2008,Autumn,0.24368362126913237,3,0.25192284365345774,-0.8006535635054146,,,-0.3215255433514752
Province:Shaanxi,2009,Winter,0.9923024536526679,3,2.074210902424868,-0.3290399517881368,,,0.5736565067449988
Province:Shaanxi,2009,Spring,0.4663963112203658,3,0.8756624269969191,-0.793437123054056,,,-0.2699106163898778
Province:Shaanxi,2009,Summer,0.10830645921486126,3,0.5881185611581381,-0.3211871555232285,,,-0.5843863390367828
Province:Shaanxi,2009,Autumn,-0.25489427361261896,3,0.6562084661260931,1.1691704025307934,,,-0.2517208844331565
Province:Shaanxi,2010,Winter,0.859609276995911,3,1.6298815560254403,-0.4708575171266757,,,0.4780887578356173
Province:Shaanxi,2010,Spring,-0.7664276610890722,3,-0.6424423284257665,1.0704552848992204,,,-0.58638536994223
Province:Shaanxi,2010,Summer,0.3224924689236975,3,0.7324110998322972,-0.850325640598898,,,-0.6152593336601028
Province:Shaanxi,2010,Autumn,0.9101745340448861,3,1.2291341068441886,-0.8941951613020142,,,0.6071943339884556
Province:Shaanxi,2011,Winter,-0.15167993491358026,3,-0.02922478862371249,1.4010131473923886,,,0.9751981312753603
Province:Shaanxi,2011,Spring,-0.9837350564045358,3,0.628073853533149,0.7569836752276138,,,-2.822295347519143
Province:Shaanxi,2011,Summer,-0.4052034410556213,3,0.36480951670496153,-0.21121756993799906,,,-1.7916374098098244
Province:Shaanxi,2011,Autumn,0.38399708643481284,3,0.6977075644277009,-0.6470094045202286,,,-0.19272570964349092
Province:Shaanxi,2012,Winter,-1.3220341515861556,3,-1.2713027042966687,-0.023398396541267463,,,-2.7181981470030654
Province:Shaanxi,2012,Spring,-0.058586219517013184,3,-0.1415384700328192,-1.294270756351278,,,-1.3284909448694984
Province:Shaanxi,2012,Summer,0.34946140204813475,3,0.010100608298594101,-1.4545414612961705,,,-0.4162578634503605
Province:Shaanxi,2012,Autumn,-0.34699903840727336,3,-0.899507500863069,0.2844945797981747,,,0.14300496543942376
Province:Shaanxi,2013,Winter,0.44520407177458465,3,0.8549918373936694,0.10397800010354304,,,0.5845983780336277
Province:Shaanxi,2013,Spring,3.177980109138836,3,3.304653911654536,-0.0752457347256786,,,6.154040681036292
Province:Shaanxi,2013,Summer,2.9263274783590263,3,1.0542245900886391,-0.8353909818927675,,,6.889366863095673
Province:Shaanxi,2013,Autumn,1.7745427069733253,3,0.9541986999180407,-0.8660463824548174,,,3.503383038547118
Province:Shaanxi,2014,Winter,0.9854779820668372,3,1.2269782305046895,0.07267094312392888,,,1.8021266588197513
Province:Shaanxi,2014,Spring,1.7141509476665782,3,1.2255034675044645,-1.0344925075782359,,,2.8824568679170346
Province:Shaanxi,2014,Summer,0.4592803145317699,3,-0.1515005490589186,0.8741720130634527,,,2.403513505717681
Province:Shaanxi,2014,Autumn,1.5701171739673978,3,0.5596456585712204,-0.5760593831372083,,,3.5746464801937647
Province:Shaanxi,2015,Winter,1.8816823614437581,3,0.9232906307533897,-0.3778811689605157,,,4.343875284617369
Province:Shaanxi,2015,Summer,1.4392690557632706,3,-0.5743962204671855,0.20852289517622377,,,5.100726282933221
Province:Shaanxi,2015,Autumn,1.835408997971807,3,1.178091132428421,-0.4855262399625935,,,3.842609621524407
Province:Shaanxi,2016,Winter,1.598320741973983,3,0.3944559314914088,0.5016287828320185,,,4.902135077262559
Province:Shaanxi,2016,Spring,1.7383260645820238,3,1.0408799611425645,0.515843752383686,,,4.689941984987192
Province:Shaanxi,2016,Summer,2.776863744645478,3,2.0574811336733476,-0.7748542218845291,,,5.498255878378556
Province:Shaanxi,2016,Autumn,1.6742521605100442,3,1.84272025637439,-0.13945073162065524,,,3.0405854935350876
Province:Shaanxi,2017,Winter,2.23775166096862,3,2.461990604143905,-1.062073172396886,,,3.1891912063650705
Province:Shaanxi,2017,Spring,1.489601027475481,3,0.008814581192121952,-0.8980974216790019,,,3.5618910795553194
Province:Shaanxi,2017,Summer,1.69429566856754,3,1.9588706292624753,-0.4101582881556366,,,2.7138580882845087
Province:Shaanxi,2017,Autumn,0.9013305718494475,3,-0.29099138166801,-0.2982464484902764,,,2.6967366487260764
Province:Shaanxi,2018,Winter,0.8575134676878301,3,0.30160323193746413,1.1376606337807686,,,3.4085978049067944
Province:Shaanxi,2018,Spring,3.5274000632304454,3,4.019558499374334,-0.956910838927017,,,5.6057308513899855
Province:Shaanxi,2018,Summer,2.1137907973151324,3,1.549021675358636,-1.147962147552987,,,3.6443885690337736
Province:Shaanxi,2018,Autumn,0.8800078453667958,3,-0.4669275396218023,0.229927869648578,,,3.336878945370768
Province:Shaanxi,2019,Winter,0.2208145301795242,3,-0.09423057540650154,0.9421958169439225,,,1.6988699828889966
Province:Shaanxi,2019,Spring,1.6691190505171007,3,1.4923158750608554,-0.2952764210833366,,,3.2197648554071105
Province:Shaanxi,2019,Summer,0.3581635267311782,3,0.05002794733528447,-0.09959021033713096,,,0.924872422521119
Province:Shaanxi,2019,Autumn,0.8106972664113327,3,0.09677783631531195,-0.31211626200797876,,,2.0231977009107074
Province:Shaanxi,2020,Winter,1.6464178072441116,4,2.408511636306051,-0.9954645850289997,2.2168571871720975,,0.9648378204692988
Province:Shaanxi,2020,Spring,1.6380959288746608,4,1.3015356802459546,-0.6099318801748829,1.1827257010534775,,3.4581904540243285
Province:Shaanxi,2020,Summer,1.5680174501273991,4,0.2879429929685305,0.2677316708412141,4.026549653068808,,2.225308825313472
Province:Shaanxi,2020,Autumn,0.7606573494068578,4,0.6208973091439659,-0.030493320876522026,1.7463223805812966,,0.6449163870256467
Province:Shaanxi,2021,Winter,2.612577147424911,4,2.5544933315429827,0.4157698355698282,5.447757072156919,,2.86382802156957
Province:Shaanxi,2021,Spring,2.3227596534109374,4,1.608344418235744,-0.8193095105779588,1.76933111853771,,5.094053566292336
Province:Shaanxi,2021,Summer,2.323264334904288,4,1.1732999339737105,-0.687383130506184,3.7857489334579677,,3.646625341679289
Province:Shaanxi,2021,Autumn,1.0898623297077241,3,1.3041387261686581,0.44357298830240943,,,2.409021251256924
Province:Shaanxi,2022,Winter,0.6835626419196948,3,0.3558574219940233,-1.0221341443585688,,,0.6726963594064925
Province:Shaanxi,2022,Spring,2.419923446568096,4,3.0876845027614155,-0.8733473110505593,0.6428229949468668,,5.075838977513543
Province:Shaanxi,2022,Summer,3.7252091990922547,4,4.258434047748991,-0.18371014538266311,4.988879575806917,,5.469813027430449
Province:Shaanxi,2022,Autumn,1.9394428938940926,4,1.5997122261803194,-0.15170649105599415,3.507553503948775,,2.4987993543912825
Province:Shaanxi,2023,Winter,1.1436291861539831,5,0.6929261982542387,-0.17800526489783045,1.5687169273480093,-0.5749628422021826,3.853460382472019
Province:Shaanxi,2023,Spring,1.3614206630267929,5,2.587181256900999,0.990105568519951,2.363384478845451,-1.0703703338495603,3.917013481757026
Province:Shaanxi,2023,Summer,0.9999686579176219,5,1.6030055437884532,-0.2706980887002254,3.7432036201648518,-1.6065478228779573,0.9894838598125368
Province:Shaanxi,2023,Autumn,1.113765138861315,5,2.0605732163654347,-1.0100435206789928,1.9456939608011168,-1.683219818075265,2.235734814536296
Province:Shaanxi,2024,Winter,2.288060678125821,4,2.006468678679754,0.8919947549523782,4.716844125431802,,3.3209246633441074
Province:Shaanxi,2024,Spring,2.4965550540398445,4,3.551156960688068,-1.961006120694325,0.860556792792713,,3.613500341984271
Province:Shaanxi,2024,Summer,2.240374009690022,3,2.831263030688566,-1.5927676392495693,,,2.297091359131931
Province:Shaanxi,2024,Autumn,4.9066338560157226,3,4.868036683926835,-1.447644517372573,,,8.404220366747758
Province:Shaanxi,2025,Winter,0.6099287596923942,4,0.5553335114642974,-0.2934848838313793,0.7832028453078249,,0.8076937981660753
Province:Shaanxi,2025,Spring,2.4247554804805866,4,4.028535686172205,-0.28071993189540606,-0.20334532586608348,,5.593111629720819
Province:Shaanxi,2025,Summer,2.709626912465546,4,4.031725237319638,-1.539318879589708,1.5401659952499813,,3.727297537702856
Province:Qinghai,1981,Spring,1.6482827194654441,4,-0.07747932148450737,-0.6037772445857298,4.460076895571466,,1.6067560591890877
Province:Qinghai,1981,Summer,1.9072062258795923,4,0.627552224382789,-0.8599389581227312,4.33855348328835,,1.8027802377244992
Province:Qinghai,1981,Autumn,1.010470911609004,4,-1.3269669093993843,2.0429439409398826,4.337233275589132,,3.0745612211861513
Province:Qinghai,1982,Winter,-0.6204552836522688,4,-0.2882674900968719,0.30607419483250764,,-3.2451939864759316,1.3577145367962358
Province:Qinghai,1982,Spring,-0.702956944318546,5,-0.6963703335877158,1.4409597986334963,-0.22239022937475178,-3.146521588913156,1.9914572289163897
Province:Qinghai,1982,Summer,-0.6869480579915225,5,-0.7936282587851587,1.480877545196745,0.04707763016936275,-2.924401773496093,1.7170896573510224
Province:Qinghai,1982,Autumn,-0.38166771643326663,5,-0.544839806252987,0.21673177899179635,0.33800394313723675,-2.3135096482241058,0.828738708165319
Province:Qinghai,1983,Winter,-0.6954803267873443,5,-1.5530723371228217,2.8787639816856316,0.9374199393862225,-0.662556756271377,0.6795715017568871
Province:Qinghai,1983,Spring,-0.9093266932669553,5,-1.6382101039421315,2.901134829798245,-0.31705255764234447,-0.40014885899014885,0.7099128840380938
Province:Qinghai,1983,Summer,-0.3774890597955086,5,-1.451583588807724,1.7953936343011787,-0.23109891645155836,0.03478903690451303,1.555841803678405
Province:Qinghai,1983,Autumn,-0.06831513830953681,5,-1.0112255593772497,-0.3213094852700936,-0.24385873464574248,0.6208985849266653,-0.028699467721450763
Province:Qinghai,1984,Winter,-0.08824549951816589,5,-0.8640481344516275,0.7857435892131507,-0.7021833598066551,0.6587287919952687,1.2520187938853355
Province:Qinghai,1984,Spring,0.3883701236590721,5,-0.9397166824234491,-0.8298750502995067,-0.31689849682732796,0.9307895653682429,1.4378011818783878
Province:Qinghai,1984,Summer,-0.20480430078423048,5,-1.1750003851226802,2.6805911221012773,-0.42534510185717816,1.3700606369504498,1.8868544682095332
Province:Qinghai,1984,Autumn,0.26147172558807136,5,-0.8273808041502084,0.5422436779300512,-0.1703598626550414,1.8206434480845728,1.026699524591085
Province:Qinghai,1985,Winter,0.4433710700447263,5,-0.6057187772907099,-0.18722479921747118,-0.652604011635288,1.3221796961951107,1.9657736437370477
Province:Qinghai,1985,Spring,0.2975155591348822,5,-0.40411779387621394,0.3703787946009009,-0.24541337800443505,1.4727880178277555,1.0346997443282053
Province:Qinghai,1985,Summer,0.16180818746961786,5,-1.0177309430224895,0.6402153243238143,0.07610019214047295,1.315371065736607,1.0755159468173132
Province:Qinghai,1985,Autumn,-0.3879272982206737,5,-1.1223793227118697,3.2749318714928686,-0.07672640608420399,0.9626119444209913,1.5717891647645827
Province:Qinghai,1986,Winter,-0.3105588118090882,5,-1.0948178024552557,1.572785457291725,-0.5022095587535078,0.6202740871860698,0.9967446722689782
Province:Qinghai,1986,Spring,-0.24753716977526863,5,-0.7242483156819147,1.4256973826406054,-0.18759139353292453,0.5906118602133497,0.5092393827657515
Province:Qinghai,1986,Summer,-0.13837547045602977,5,-0.5671882702679061,1.0111723679021563,-0.3849739642267549,0.6045467231953244,0.6669105269213441
Province:Qinghai,1986,Autumn,-0.16875512163961504,5,-1.508653519166819,1.2814737938068592,-0.38306462972668165,0.5594226311185052,1.7699937033837794
Province:Qinghai,1987,Winter,0.5216199691620693,5,0.29888990289280865,-0.9995693630668284,-0.41443951875771023,0.4362859379338144,1.287794160674605
Province:Qinghai,1987,Spring,0.028251863968139813,5,-0.38822238403716997,0.46443882562045374,-0.21241641200433672,0.03215403229392077,1.1741829092087388
Province:Qinghai,1987,Summer,-0.11132510162494094,5,-0.41803547418012593,0.48896095023915165,-0.5424700767930605,-0.4808403099104824,1.3736813029981156
Province:Qinghai,1987,Autumn,0.04114462500012648,5,0.8289976689600732,0.546428640491288,-0.3671618131560268,-1.1255616290630754,1.4158775387509495
Province:Qinghai,1988,Winter,0.5271074655403973,5,1.4176099763873475,0.08822297754910494,-0.0785656710288467,-0.995391508067091,2.380107507959682
Province:Qinghai,1988,Spring,-0.1425819169624131,5,-0.11212626782836009,0.8634120860441516,-0.24395793482687864,-0.9301753668765392,1.4367620707638642
Province:Qinghai,1988,Summer,-0.1485136363935637,5,-0.39535333207160267,-0.3751940451163795,-0.5404898691888199,-0.8572671303634888,0.6753481045397133
Province:Qinghai,1988,Autumn,-0.2136574708906477,5,-0.3449958692968587,-0.5161265018775301,-0.19378971695462668,-0.6676176242849248,-0.3780106457943583
Province:Qinghai,1989,Winter,-0.06662563810529759,5,0.16884446299376996,0.7152287507656678,-0.3423685072413019,0.21793777911450624,0.33768682537220546
Province:Qinghai,1989,Spring,-0.39324197838492225,5,-1.1425256883963344,1.3521081376605963,-0.13590496629399595,0.1759704630023792,0.48835843742393636
Province:Qinghai,1989,Summer,-0.14079591479932949,5,-0.747989064549346,0.42381558316808093,-0.09215888437497106,-0.1527607173695331,0.7127446754652835
Province:Qinghai,1989,Autumn,0.11506499749984558,5,0.4434445647496893,-0.2968714939878598,-0.1144771828159811,-0.5823566248818431,0.5318427364595031
Province:Qinghai,1990,Winter,0.4472596102879726,5,0.22557801405539746,-0.40433245603762985,1.8997852952689622,-0.26138102965725546,-0.032016684264871045
Province:Qinghai,1990,Spring,-0.45692323642958266,5,-0.8998932342612991,1.0137597241859946,-0.14762883580544947,-0.29676820630424877,0.07343381840907888
Province:Qinghai,1990,Summer,-0.43221929309680346,5,-0.9232003976231984,0.7272120216156455,-0.4390653215060884,-0.2847145789027691,0.21309585416368373
Province:Qinghai,1990,Autumn,-0.02530776770182468,5,-0.18971006917799837,-0.11259658344603593,-0.3921983779690436,-0.23821863762836806,0.5809916628202507
Province:Qinghai,1991,Winter,-0.0634885939946741,5,-0.1710207160602325,-0.26900293253545005,-0.585754953004426,0.13172088741423796,0.03860887914160004
Province:Qinghai,1991,Spring,0.19899704947274696,5,0.38172842070917795,0.3882775394206875,-0.31147906976254774,0.3058209674968278,1.0071924683409643
Province:Qinghai,1991,Summer,0.40544869012910983,5,0.6052033648659096,-0.18686753863616015,-0.17912403898571463,0.5379763900239494,0.8763201961052446
Province:Qinghai,1991,Autumn,-0.30829784441098507,5,-1.3989517363468382,-0.1257248395741135,-0.6856163003345884,0.7958180048541695,-0.3784640298017822
Province:Qinghai,1992,Winter,-0.1937539394748094,5,-0.3047777548194972,0.7924573793767629,-0.07690511071258913,1.0307103292269364,-0.8253397816921342
Province:Qinghai,1992,Spring,0.02212826896031672,5,-1.3652373865655585,-0.9906862780060197,-0.17854410957553216,1.0598221927964504,-0.3960856298597959
Province:Qinghai,1992,Summer,-0.42029683121606487,5,-1.219069765331532,1.4054579220299925,-0.12181696843600211,0.9641210323477926,-0.31926053263059
Province:Qinghai,1992,Autumn,-0.05450838148769384,5,-1.0533469776062645,0.5714933380498096,-0.2099961146598677,0.732247762559747,0.8300467603177255
Province:Qinghai,1993,Winter,-0.16454963996090113,5,-0.27001187900287166,0.452706030055419,-0.026204855324057297,0.5993420739958567,-0.6731675094180144
Province:Qinghai,1993,Spring,-0.13637123156502023,5,-0.07618979014526737,0.7960104038878736,-0.25865540416902005,0.7586886170181679,-0.30968917664110807
Province:Qinghai,1993,Summer,-0.19775052811309282,5,-1.304909837889497,0.8326586002823122,-0.06620638005397128,1.039383757252614,0.17563842040770214
Province:Qinghai,1993,Autumn,0.05803399760292273,5,-0.4215373875241074,0.4262707433247682,-0.4874289054039059,1.3099491434284267,0.31545788083896836
Province:Qinghai,1994,Winter,1.0718573852646167,5,0.13141838537994113,-0.9750007069108614,3.2883248568072525,0.8826777034287416,0.08186527379628691
Province:Qinghai,1994,Spring,0.19803673684669218,5,-0.3773906578191042,-0.4119933671062511,-0.06186528691190593,0.8997583177264039,0.11768794413181609
Province:Qinghai,1994,Summer,0.16205620225380152,5,0.07104898663023138,-0.029330355424030802,-0.3096641077308416,0.9777844142832636,0.04178136266232336
Province:Qinghai,1994,Autumn,0.24817522059097002,5,0.3519725863618043,-0.358896053470095,-0.40055968941812753,0.9800455102668134,-0.04947835772573516
Province:Qinghai,1995,Winter,-0.6015746643195637,5,-1.1149030817756662,1.6071217138243672,-0.2420359141130297,0.47894922476794505,-0.5227618366527009
Province:Qinghai,1995,Spring,-0.04925995323154464,5,0.18824410083460746,0.5661524715821613,-0.34158669874337255,0.18111253203392116,0.29208277129928195
Province:Qinghai,1995,Summer,-0.13697081495639044,5,-0.2697241984538265,0.1335804251775724,-0.24984043294498867,-0.18224296310334442,0.15053394489777985
Province:Qinghai,1995,Autumn,-0.03840482023683807,5,0.18861841677884747,-0.7803319524236407,-0.18127545123914954,-0.6556687494393977,-0.3240302697081313
Province:Qinghai,1996,Winter,-0.315016686451065,5,-0.6799903104845652,0.12040698452237163,0.3005068503022743,-0.32828684929061863,-0.7469061382600439
Province:Qinghai,1996,Spring,0.14747441134092915,5,0.5428386617577259,-0.46376257102974466,-0.20633444015877106,-0.3901393128549594,0.3272445769309056
Province:Qinghai,1996,Summer,-0.2362909235522043,5,0.11415702873015696,-0.3472412524560054,-0.24997319846718638,-0.4149471966173744,-0.9779325038626231
Province:Qinghai,1996,Autumn,-0.28148133799941083,5,0.03862865635234907,0.3042415559982676,-0.2005784351845875,-0.40464559319318577,-0.5365697619733623
Province:Qinghai,1997,Winter,-0.6604105171320682,5,-1.116480150129635,0.49685859539726007,-0.7917390306620972,0.1012724621041073,-0.9982472715754559
Province:Qinghai,1997,Spring,-0.30650089071995673,5,-0.555404805459056,-1.066106466030294,-0.2216239590574561,-0.016706580277539622,-1.8048755748360257
Province:Qinghai,1997,Summer,-0.32129972758034187,5,0.09571346587395234,0.606372899428769,-0.42780308837893766,-0.20464426761110688,-0.46339184835684816
Province:Qinghai,1997,Autumn,-0.9112107726356788,5,-1.2821109976327774,1.800392326741254,-0.33524342894345377,-0.43782405078763287,-0.7004830590732755
Province:Qinghai,1998,Winter,-0.36232898131924457,5,-0.44097364370867886,-0.20230467229879484,-0.5059058192631621,-0.2558008743701356,-0.811269241553041
Province:Qinghai,1998,Spring,0.2109534597734978,5,1.6554065648326903,-0.8559212008490308,-0.25956936932400837,-0.4917846684326726,-0.7052064290575515
Province:Qinghai,1998,Summer,-0.09319493442994245,5,0.3470130869091975,-1.2013843631274561,-0.3207551145742527,-0.6668492656821126,-1.0267677419300008
Province:Qinghai,1998,Autumn,0.1920742412120124,5,1.7104941007774874,-0.980745899594425,-0.24592939460229615,-0.8336259876394482,-0.6513134120701064
Province:Qinghai,1999,Winter,0.35017539039354234,3,0.6471604131113634,-1.1014257560731822,,,-0.6980599980039185
Province:Qinghai,1999,Spring,0.4906192166184325,3,1.2278935719957074,-0.8859671911188352,,,-0.6420031132592449
Province:Qinghai,1999,Summer,0.15438356167573197,3,0.5760210365957016,-0.8113948219710394,,,-0.9242651735395452
Province:Qinghai,1999,Autumn,-0.279078995684261,3,0.13099884788167793,-0.31949383723173685,,,-1.2877296721661977
Province:Qinghai,2000,Winter,-0.9163171668288652,3,-1.3242757881357166,0.5561364430662473,,,-0.8685392692846317
Province:Qinghai,2000,Spring,-0.9556800953486319,3,-0.7447577971331191,0.3742988722914248,,,-1.747983616621352
Province:Qinghai,2000,Summer,0.14753562391445682,3,1.271392441779313,-0.4927289751527154,,,-1.3215145451886579
Province:Qinghai,2000,Autumn,-0.078680332516726,3,-0.08331622138897662,-0.14240033237358263,,,-0.295125108534784
Province:Qinghai,2001,Winter,-0.3186070055646035,3,-0.431510284831795,-0.39958879800595115,,,-0.9238995298679666
Province:Qinghai,2001,Spring,-0.9611244713082177,3,-1.3268128445731118,0.8564283067766671,,,-0.7001322625748744
Province:Qinghai,2001,Summer,0.018197450606948145,3,0.29966966026834396,-0.9266298995731456,,,-1.1717072080206452
Province:Qinghai,2001,Autumn,0.4058928698603246,3,1.135875713832971,-1.1620124462784478,,,-1.080209550530445
Province:Qinghai,2002,Winter,-0.12738341933236116,3,0.2752329873708234,-0.606797542772102,,,-1.264180788140009
Province:Qinghai,2002,Spring,0.43069947838659545,3,0.9218224465395847,-0.7726860628614847,,,-0.4024100742412829
Province:Qinghai,2002,Summer,0.7567397625955575,3,1.676040665135122,-1.2129611510628964,,,-0.618782528411346
Province:Qinghai,2002,Autumn,-0.1725965096536536,4,-0.6124958681986633,0.3585950250296827,0.46555852162784156,,-0.18485366701410996
Province:Qinghai,2003,Winter,0.3360046550245891,4,1.2835114529473028,-1.208557440600131,-0.7395930529618053,,-0.4084572204872723
Province:Qinghai,2003,Spring,0.0414949071007546,4,1.0422565916055733,-0.06210863841636765,-0.2903145636853046,,-0.6480710379336179
Province:Qinghai,2003,Summer,-0.09063998381453772,4,0.012378776033932311,-0.8508200518260369,-0.3442326461113407,,-0.8815261170067795
Province:Qinghai,2003,Autumn,0.6113549859903147,4,1.7738422702292593,-1.0497165779272777,-0.13555468459991069,,-0.24258421959536786
Province:Qinghai,2004,Winter,-0.4972719060957793,5,-0.5719643165589878,-0.560365150122798,-0.45780153239328103,-0.7314679692301789,-1.2854908624192467
Province:Qinghai,2004,Spring,0.08619721405343708,5,1.519437663971943,-0.7409328517286073,-0.22813267244443938,-0.7352719831281539,-0.8659797898607716
Province:Qinghai,2004,Summer,-0.2669436266096304,5,-0.6784298562848518,-0.31479818432358775,-0.09616886042508953,-0.6753648536382171,-0.19955274702358117
Province:Qinghai,2004,Autumn,-0.3628955775689307,5,-0.5723131221031317,-0.5522074422294871,-0.31697661196097543,-0.5226084845179206,-0.9547871114921129
Province:Qinghai,2005,Winter,0.331815944577734,4,0.9169149424944345,-1.080202189381765,-0.30772604610695226,,-0.36212730745831145
Province:Qinghai,2005,Spring,-0.03406816338094609,4,-0.04124827238639559,-1.176540286314033,-0.07271711742666313,,-1.1988475500247586
Province:Qinghai,2005,Summer,0.16594516835164194,3,0.16450534632713495,-0.9498508000532109,,,-0.61652064132542
Province:Qinghai,2005,Autumn,-0.28409946193395175,3,-0.49146482205105635,-0.7768082216480487,,,-1.1376417853988476
Province:Qinghai,2006,Winter,1.6459644730887986,3,3.0311803172243006,-1.095991838366248,,,0.8107212636758475
Province:Qinghai,2006,Spring,-0.35591395540910825,3,-0.7405890886808469,-0.1817452093912994,,,-0.5088979869377772
Province:Qinghai,2006,Summer,0.8265718392249394,3,2.243029061965733,-1.097730175273923,,,-0.8610437195648376
Province:Qinghai,2006,Autumn,0.6057711187623808,3,1.501201385530499,-1.0159541791205344,,,-0.6998422083638911
Province:Qinghai,2007,Winter,-0.2625015959188526,3,-0.41421614352079783,-0.4132016454171868,,,-0.7864902896529468
Province:Qinghai,2007,Spring,0.8701143524233438,3,2.1678480928923327,-1.111586551631648,,,-0.6690915872539499
Province:Qinghai,2007,Summer,0.07386998696796203,3,0.3646142108207921,-0.290852698491357,,,-0.43385694840826294
Province:Qinghai,2007,Autumn,0.19216507752651027,3,0.709743389393495,-0.7313275348311509,,,-0.8645756916451152
Province:Qinghai,2008,Winter,-0.8623726428359669,3,0.0067304927104650655,1.4316050224772996,,,-1.1622433987410663
Province:Qinghai,2008,Spring,-0.11802947197314066,3,-0.14836390622922435,-1.339328482058293,,,-1.5450529917484905
Province:Qinghai,2008,Summer,-0.46882950820144975,3,-0.5804083884563985,0.1842017089395731,,,-0.6418784272083777
Province:Qinghai,2008,Autumn,0.4512932173518762,3,0.9836383544593886,-0.7361816927069637,,,-0.3659403951107236
Province:Qinghai,2009,Winter,1.1757757576033374,3,1.3713136869901277,-1.222671283998502,,,0.9333423018213823
Province:Qinghai,2009,Spring,0.5911965743521164,3,1.7723803335989334,-0.6701504803993962,,,-0.6689410909419806
Province:Qinghai,2009,Summer,0.22753322280398958,4,0.30152404442829983,-0.9385347785061646,0.559455664908572,,-0.8893815966270782
Province:Qinghai,2009,Autumn,0.44775926027923846,3,1.688156099724198,-0.4601449230947329,,,-0.8050232419812152
Province:Qinghai,2010,Winter,0.9322619625752692,3,1.4716635758876495,-1.0778745452526206,,,0.24724776658553682
Province:Qinghai,2010,Spring,0.7451313004191017,3,0.9790482257725052,-0.6498892413167234,,,0.6064564341680763
Province:Qinghai,2010,Summer,0.9066287309505942,3,2.772388360099724,-1.5242520555894297,,,-1.5767542228373717
Province:Qinghai,2010,Autumn,0.417445462495642,3,1.3060769373534558,-0.9268966957107677,,,-0.9806372455772976
Province:Qinghai,2011,Winter,0.07794186395740381,3,0.24795102114751533,-0.09925717227854378,,,-0.11338260155384772
Province:Qinghai,2011,Spring,-0.29596698153710105,3,0.6860997658734682,0.40006367264715403,,,-1.1739370378376173
Province:Qinghai,2011,Summer,0.26874004834552084,3,1.207215812869403,-0.731727897760244,,,-1.1327235655930847
Province:Qinghai,2011,Autumn,0.748399750801509,3,2.375408679968054,-1.0019823926786662,,,-1.1321918202421932
Province:Qinghai,2012,Winter,-0.2253062951355996,3,-0.2818023414724287,-0.7022062330445663,,,-1.0963227769789363
Province:Qinghai,2012,Spring,-0.4350080314568232,3,-0.5174883930683176,-0.7656866252688846,,,-1.5532223265710368
Province:Qinghai,2012,Summer,-0.0447991633342942,3,0.21759833136240161,-1.2260486039882117,,,-1.578044425353496
Province:Qinghai,2012,Autumn,-0.17611245774077988,3,-0.8402093704256579,0.265735137242596,,,0.5776071344459143
Province:Qinghai,2013,Winter,0.682145863619548,3,1.2785649858187214,-0.5226158621625167,,,0.24525674287740584
Province:Qinghai,2013,Spring,0.24796325618583812,3,1.0847578641086952,-1.5343592802620625,,,-1.8752273758132434
Province:Qinghai,2013,Summer,1.6959116488392245,3,3.814906084703128,-0.95589881041563,,,0.3169300513989158
Province:Qinghai,2013,Autumn,-0.21660180511491142,3,-0.5096980787663143,0.6518030988949859,,,0.511695762316566
Province:Qinghai,2014,Winter,0.45800418932191816,3,0.4613745777514747,-0.45933608793116903,,,0.4533019022831107
Province:Qinghai,2014,Spring,0.2823552464285974,3,0.154927841873136,-1.0112091574626982,,,-0.31907126005004205
Province:Qinghai,2014,Summer,0.4443075969566237,3,0.6174726844169391,-0.5407369977908522,,,0.17471310866207973
Province:Qinghai,2014,Autumn,0.9271798045716607,3,0.8873768620025458,-0.9201647416959721,,,0.9739978100164645
Province:Qinghai,2015,Winter,0.7878001996932253,3,0.8586028308663859,-0.5241894768695026,,,0.9806082913437872
Province:Qinghai,2015,Summer,-0.10225551519535973,3,0.06612592535798512,0.4919803363070286,,,0.11908786536296431
Province:Qinghai,2015,Autumn,1.4948164718904582,3,3.007517192550921,-0.838582527031678,,,0.6383496960887753
Province:Qinghai,2016,Winter,0.20629612964959576,3,-0.5746805227769126,-0.3059595560227184,,,0.8876093557029815
Province:Qinghai,2016,Spring,0.3778233952190124,3,1.0787199955400708,-0.7181834770220716,,,-0.6634332869051053
Province:Qinghai,2016,Summer,1.9733141421188318,3,4.515579348575004,-1.458560422771055,,,-0.05419734498956346
Province:Qinghai,2016,Autumn,1.1115748459579862,3,1.8440512619353224,-1.2723415936742226,,,0.21833168226441366
Province:Qinghai,2017,Winter,1.2745381222137058,3,3.067681488005268,-1.2048859925561075,,,-0.44895311392025905
Province:Qinghai,2017,Spring,0.03094797670246711,3,0.2970814459921504,-0.7562043925767807,,,-0.9604419084615299
Province:Qinghai,2017,Summer,0.6896317612337827,3,1.7019805490960576,-0.8491412968359445,,,-0.48222656223065397
Province:Qinghai,2017,Autumn,0.5614342575350645,3,1.4788534956085406,-0.8417201862038833,,,-0.6362709092072303
Province:Qinghai,2018,Winter,0.7373878996119704,3,1.2749992491270539,-0.7150604975357417,,,0.2221039521731156
Province:Qinghai,2018,Spring,0.7694223087582195,3,2.3912255646688547,-1.3097797523496393,,,-1.3927383907438355
Province:Qinghai,2018,Summer,1.029138200859017,3,2.2533725384188292,-1.1896905233610546,,,-0.3556484592028328
Province:Qinghai,2018,Autumn,-0.2498462606898797,3,0.6790653668284492,0.14019139040017395,,,-1.2884127584979144
Province:Qinghai,2019,Winter,0.07727684356562531,3,-0.4357632878288173,-0.6882576564639435,,,-0.020663837938250336
Province:Qinghai,2019,Spring,0.08771538251558401,3,0.7320609096941072,-0.5622018090650373,,,-1.0311165712123924
Province:Qinghai,2019,Summer,0.3722251551105384,3,0.6191392447556866,-0.43762877858355215,,,0.05990744199237632
Province:Qinghai,2019,Autumn,1.4168534852039034,3,2.8836824947179593,-0.8031472315942307,,,0.5637307292995198
Province:Qinghai,2020,Winter,-0.17958676982340516,4,-0.3350645708424985,-0.3359172034132534,0.5951485345237134,,-1.314348246388089
Province:Qinghai,2020,Spring,-0.19995438587246303,4,0.14965371588754448,-0.059983841305691926,0.40326430207179054,,-1.412719402754879
Province:Qinghai,2020,Summer,0.30153635246517785,4,-0.1570295928730534,-0.8686618130375531,1.1331155961088017,,-0.63860240641259
Province:Qinghai,2020,Autumn,1.0197905504810412,4,3.129915220846831,-1.2714997297440667,0.3587860989306622,,-0.6810388475973947
Province:Qinghai,2021,Winter,0.09046553482978613,4,0.5274638564555104,-0.6188813220071915,-0.40564432745075013,,-0.3788387116928072
Province:Qinghai,2021,Spring,0.14471225236181684,4,0.43191528318908223,-0.9458936136395145,0.6527543192433456,,-1.451714206624675
Province:Qinghai,2021,Summer,0.9689111718497899,4,1.1947600499445514,-1.2418805991581134,2.0819900081256315,,-0.642985969829137
Province:Qinghai,2021,Autumn,0.1473624932647831,3,1.2468550457167662,-0.25122929307400355,,,-1.0559968589964204
Province:Qinghai,2022,Winter,-0.821938382310902,3,-1.023318026678649,0.05433977424047553,,,-1.3881573460135819
Province:Qinghai,2022,Spring,0.819957743470374,4,3.3661558425952007,-0.9876050365123447,0.27377024291453855,,-1.3477001481405881
Province:Qinghai,2022,Summer,1.7630436021796752,4,5.475467727067389,-1.365075585350848,0.7942176801032432,,-0.58258658380278
Province:Qinghai,2022,Autumn,0.8689242130920614,4,2.9098056198791613,-0.9430270670869217,0.4074599665453578,,-0.7845958011431956
Province:Qinghai,2023,Winter,-0.09001080950340411,5,1.1944455648007046,-0.2027173474727949,0.03186375513330824,-1.4512872151056104,-0.42779349981821807
Province:Qinghai,2023,Spring,-0.4666517641945541,5,0.40174372660738206,-0.1575798821618599,0.12185732734760932,-1.7784710556012264,-1.2359687014883955
Province:Qinghai,2023,Summer,0.06779508054596946,5,1.4957298514304616,-1.288833260547648,0.627967770213115,-2.169661854212382,-0.9038936252489957
Province:Qinghai,2023,Autumn,0.20121975363745787,5,2.575452836362943,-1.0295092767598277,0.5535296314664615,-2.4703696065533687,-0.6820233698485747
Province:Qinghai,2024,Winter,-0.06525315451173985,5,0.9756389085733995,-0.7152555228893491,0.30814762866812806,-1.8279220014465545,-0.4973858312430217
Province:Qinghai,2024,Spring,-0.09402303592328817,5,2.4376687293076813,-1.5739860868748028,0.03035584720565854,-2.921298126772494,-1.5908277162320899
Province:Qinghai,2024,Summer,0.030473601951234698,5,2.8917846760139585,-1.3569742837903587,1.0466170489008415,-3.705480266774536,-1.437527732174449
Province:Qinghai,2024,Autumn,0.7818005333677505,5,6.814070378454558,-0.9693019208268748,1.1207910139028374,-4.376460185942261,-0.6187004604032564
Province:Qinghai,2025,Winter,0.10481054994614644,4,0.4898612257115652,-0.7897990929210903,0.12753914554689047,,-0.9879572643949602
Province:Qinghai,2025,Spring,-0.08688181235419856,4,0.6378685017845687,-0.4810693017402079,-0.07551213410535734,,-1.3909529188362135
Province:Qinghai,2025,Summer,0.9335434494193474,4,2.687136767881025,-0.9010736485952964,1.1238776410294813,,-0.9779142598284126
Province:Hong Kong,1981,Spring,-0.22315577333849987,3,0.1680981176603983,-0.49791707342678787,,,-1.3354825111026858
Province:Hong Kong,1981,Summer,0.25078192455155834,3,-1.063498184400554,0.754954587803541,,,2.57079854585877
Province:Hong Kong,1981,Autumn,-0.2506511650664187,3,-0.9959315680045404,2.5128211418663366,,,2.756799214671621
Province:Hong Kong,1982,Winter,0.32767039063553793,3,-0.6049392142432385,0.053418738560828426,,,1.6413691247106807
Province:Hong Kong,1982,Spring,0.0022042076595499283,4,-1.1822519024937252,0.16239800269601412,0.6554564241237841,,0.698010311704155
Province:Hong Kong,1982,Summer,-0.4895690751701374,4,-0.9298861285966644,1.9735862033940532,0.771555612142534,,0.17364041916763345
Province:Hong Kong,1982,Autumn,0.0013729925792635017,4,-1.089999580615978,-0.17934457044952878,1.342966296853857,,-0.4268193163703538
Province:Hong Kong,1983,Winter,-0.33531151497339834,5,-1.7462129993183595,0.8448497269573092,1.829401938014704,-0.5314435731970502,-0.3834532134089765
Province:Hong Kong,1983,Spring,0.06603452008601286,5,-0.5717300145937397,-0.04500865582973787,1.3592979422844642,-0.3480186731796307,-0.15438530991076738
Province:Hong Kong,1983,Summer,0.04811360286860972,5,-0.8909159456538633,-1.284410735240154,0.5114897449036234,-0.21213231734514615,-0.45228420280171927
Province:Hong Kong,1983,Autumn,0.6982182350858064,5,-0.3050182339963965,-0.5388325735777599,1.6918766407061592,-0.09336139168700172,1.6587615868285108
Province:Hong Kong,1984,Winter,-0.901186855254925,5,-1.5560622870863912,1.8177567517051574,-0.4755715865825047,0.046862688753834335,-0.7034063396544065
Province:Hong Kong,1984,Spring,0.17308834367662712,5,-0.9318233533015062,0.977209875475753,0.2995925753058499,-0.08391315304819796,2.558795524902743
Province:Hong Kong,1984,Summer,-0.4579058823233234,5,-1.0305308619358986,0.18304561677606998,-0.6464677661601398,-0.17030536859290887,-0.2591797981516
Province:Hong Kong,1984,Autumn,-0.22640163213470052,5,-1.1905550423730316,-0.5428268847236293,0.8287826322294123,-0.2439948950503958,-1.0690677402031168
Province:Hong Kong,1985,Winter,0.11909160327922985,5,-0.38374952061312523,0.9707945404349416,1.6655412609106368,-0.3498823049101446,0.6343431214437238
Province:Hong Kong,1985,Spring,-0.40272089639824615,5,-0.8385264428181303,1.4407002654465668,0.17834256587480832,-0.44916546812358366,0.5364451285222419
Province:Hong Kong,1985,Summer,-0.23113018761322954,5,-1.2143684640791126,0.9561202433102965,0.1375264175600801,-0.541519538769015,1.4188308905321965
Province:Hong Kong,1985,Autumn,-0.18843518152071134,5,-0.6001971701219416,-0.059515236073451605,0.4224857186645605,-0.6181490808239875,-0.20583061139563966
Province:Hong Kong,1986,Winter,-0.6731707320366354,5,-1.0118454799055847,0.5326531919611671,-0.613942825025939,-0.8239589498815091,-0.3834532134089765
Province:Hong Kong,1986,Spring,-0.07558598814730204,5,-1.1249643258811262,0.005784811564323768,0.22171655298835125,-0.6683168571688151,1.1994195008894035
Province:Hong Kong,1986,Summer,0.4154964718988782,5,-0.7662113602368997,-1.1297958099333085,0.9490458208055862,-0.5807323032242375,1.3455843922166335
Province:Hong Kong,1986,Autumn,-0.069455391977109,5,-0.8013080936360492,-0.06350954721932091,0.5039746476563808,-0.5015295943491017,0.38807653322390423
Province:Hong Kong,1987,Winter,0.23453555718921373,5,0.453490051433501,-1.3153148428310075,-0.71954192804856,-0.5163134675064747,0.6397282872365948
Province:Hong Kong,1987,Spring,0.1580535860359945,5,0.7491578233024757,0.6026080534445485,1.709247156496007,-0.3985920706516072,-0.6669369255223546
Province:Hong Kong,1987,Summer,-0.1877058608936227,5,-0.5457514681604819,0.37700699260902987,1.1607052675000291,-0.31800678137424687,-0.858469329824384
Province:Hong Kong,1987,Autumn,0.008053563882286641,5,0.5934934726714712,0.07229703174023308,0.4133038675105523,-0.24642446768528922,-0.647808021345068
Province:Hong Kong,1988,Winter,0.05634560407543915,5,0.9063635704997668,0.2069070385838339,0.05606527691069023,-0.20194349371340667,-0.2718502947360207
Province:Hong Kong,1988,Spring,-0.8281759301654714,5,-0.2967496468532639,2.2745596884990786,-0.6723790450112795,-0.258110411007228,-0.6390808594565074
Province:Hong Kong,1988,Summer,-0.25732194592990826,5,-0.17657554875451764,0.18593696647792765,1.0477569528962678,-0.30101458344365045,-1.6708395838697134
Province:Hong Kong,1988,Autumn,-0.44149735154461245,5,-0.9926878434317321,0.6634550813288802,-0.368301211974374,-0.3363186551763469,0.1532760341882709
Province:Hong Kong,1989,Winter,-0.4482518668963221,5,-0.5838031459578348,-0.16648490401916444,-1.1710691271797669,-0.37173690201875365,-0.2811350633444196
Province:Hong Kong,1989,Spring,0.21503510962955086,5,-0.8303425033020445,0.19626031429205534,1.678688211029647,-0.26934894377877844,0.6924390984909855
Province:Hong Kong,1989,Summer,-0.37986634831960986,5,-1.1497893037738993,0.23957150344738978,-0.47372328500144695,-0.18991175082052011,0.153664101445207
Province:Hong Kong,1989,Autumn,-0.1724339223314313,5,-0.28555588655954756,-0.3151511494090828,-0.5175062932270031,-0.12008669067082973,-0.25417189060885875
Province:Hong Kong,1990,Winter,0.04832288249323278,5,-1.281589008722796,-0.3368546957957856,1.9859799183585907,-0.03383120826256828,-0.7657999847028483
Province:Hong Kong,1990,Spring,-0.40767895553976413,5,-1.0742239008813956,0.9412311694049595,0.26607631253629366,-0.15134434967749996,-0.1376716702712591
Province:Hong Kong,1990,Summer,0.031180256011626738,5,-0.01575698013838691,-0.9064631400456432,-0.4689775574970875,-0.23304579172126486,-0.03278153063077023
Province:Hong Kong,1990,Autumn,0.22792453656011777,5,-0.4866668100736551,-1.0341271556655456,0.0575071352927443,-0.30230463828783866,0.8369598402037928
Province:Hong Kong,1991,Winter,0.07922847305800357,5,-0.32374082324337855,-1.225132136884061,-0.7268246248087407,-0.40199711339990457,0.6235727898579805
Province:Hong Kong,1991,Spring,-0.18123859408783488,5,1.6461175942654565,0.21954065351433313,-0.7433546602879867,-0.42106913619470787,-1.168346114707603
Province:Hong Kong,1991,Summer,0.08106618884817297,5,0.22434158048506808,-0.4846783629633679,0.4175243403173014,-0.44871599622498853,-0.272497343299884
Province:Hong Kong,1991,Autumn,-0.012571984440555373,5,-0.590465996403517,-1.0501044002490223,0.32148535597047295,-0.4699451500954869,-0.37403853192326814
Province:Hong Kong,1992,Winter,0.16151537888377063,4,-0.14689253161061513,-0.43059140000665125,1.0865668684762668,,-0.7242042213372205
Province:Hong Kong,1992,Spring,-0.10860998982336362,4,-1.026757051688099,0.19626031429205534,2.296767527397638,,-1.508190120710938
Province:Hong Kong,1992,Summer,-0.6213645502611113,3,-0.2543222739795346,0.9786187658897815,,,-0.6311526109140178
Province:Hong Kong,1992,Autumn,-0.34495506055658526,4,0.5156440829240748,-0.6626562190997064,-1.2887817901636707,,-1.2693387540864516
Province:Hong Kong,1993,Winter,-0.031790785472369576,4,0.5191153263895787,0.16959005681268355,0.2891115732364747,,-0.765799984702848
Province:Hong Kong,1993,Spring,-0.49284222552463575,4,-0.8385264428181303,0.1560488192717563,-0.15386274451755738,,-0.8229308954910989
Province:Hong Kong,1993,Summer,-0.2333715379492276,4,-1.2360804231472446,-1.1469752460785136,-0.3920967719264602,,-0.45228420280171927
Province:Hong Kong,1993,Autumn,-0.0274682678853402,4,-0.9894441188589239,0.6874209482040956,1.558739798973044,,0.008252196548614565
Province:Hong Kong,1994,Winter,-0.24884624251081236,5,0.06476376059006757,-0.7322370026567834,-0.30078686433816565,-0.2691884078937421,-1.471256703569005
Province:Hong Kong,1994,Spring,0.194448991980983,5,1.5675517749110348,-1.5201356047322794,-0.7226534391656135,-0.23001407907835222,-1.1627749014944335
Province:Hong Kong,1994,Summer,-0.12878222288576424,5,-0.7016321999316866,1.2514957099359192,1.118942865461663,-0.19644721156305717,0.3867211415401786
Province:Hong Kong,1994,Autumn,-0.403124289945419,5,-0.09741986133667267,-0.43897479493102926,-0.4865175455822263,-0.16624857073380528,-1.70441026700542
Province:Hong Kong,1995,Winter,-0.08666710490625089,5,-0.7324946473222813,-1.3635159442854103,0.8061830432093082,-0.09771387673388686,-1.772825987969805
Province:Hong Kong,1995,Spring,-0.7116924900212901,5,-0.7337720170122346,0.5412326136767238,-1.1869522557674068,-0.11200948497707375,-0.9844960786730119
Province:Hong Kong,1995,Summer,-0.5108579115510828,5,-1.3696924789511342,1.9076393356108468,1.5052450843165412,-0.11017912976156768,-0.6720236977484069
Province:Hong Kong,1995,Autumn,0.09210944551026161,5,-1.089999580615978,-0.5468211958694985,2.208355768119106,-0.10793882749636244,-1.0966913283249564
Province:Hong Kong,1996,Winter,-0.6101381246784711,5,-0.4676286727247786,-0.09784831254722717,-0.6867697926277466,-0.022063348281009542,-1.9720771223060478
Province:Hong Kong,1996,Spring,-0.6524201587584635,5,-0.9367337170111574,1.5994298510530096,0.29170639583066,-0.010862690033120787,-1.0067809315256895
Province:Hong Kong,1996,Summer,0.041191228128620035,5,-0.14046156555535044,-0.47309800889885795,-0.07982790213959325,0.019222992940666535,-0.06607539350148064
Province:Hong Kong,1996,Autumn,0.5495431442003579,5,0.7005363835741417,-1.5254274266074614,0.4752813628001061,0.04512424850192506,0.0013462995181546412
Province:Hong Kong,1997,Winter,0.29509912343303646,5,-0.7067766341638183,-1.1734880996114867,-0.4864956317227759,0.1393244457517954,1.3559553376884943
Province:Hong Kong,1997,Spring,-0.04547296816965368,5,-1.0349409912041847,-1.2619354788124657,-0.5782377775262026,-0.07829388666242276,0.202172335732076
Province:Hong Kong,1997,Summer,-0.41529824842139923,5,-0.01575698013838691,1.153960846659916,-0.4025373724360517,-0.2317386995727574,-0.272497343299884
Province:Hong Kong,1997,Autumn,-0.5161678556006782,5,0.8043355699040031,0.8192332160177797,-0.9335589236429882,-0.36304395416017493,-1.2693387540864516
Province:Hong Kong,1998,Winter,0.611950753030368,5,1.9721830698427314,-0.7032497043166934,-0.0222237132612527,-0.098554438161141,0.5050991424148092
Province:Hong Kong,1998,Spring,0.11623865354823397,5,-0.2296413428213619,-1.0122009307916622,-0.31700808241054407,-0.06424572069798481,0.17988748287939849
Province:Hong Kong,1998,Summer,-0.3227948919959443,5,0.6567570340745241,-0.32679571398485363,-0.9127030791547179,-0.020643317588809735,-1.6641808112955716
Province:Hong Kong,1998,Autumn,-0.15526864304893068,5,-0.39584252203502573,-1.161945112333361,-0.6839273453933972,0.01718416320065029,-0.8757026233502418
Province:Hong Kong,1999,Winter,0.46582907570930326,3,0.6968553728847329,-0.4346340730318592,,,0.2659977812113177
Province:Hong Kong,1999,Spring,0.00861487735838104,3,1.4595237732987052,1.2904362577391337,,,-0.14324288348442835
Province:Hong Kong,1999,Summer,0.0488602236866546,3,-0.6927247295447605,-0.8854044763837788,,,-0.04609907577905453
Province:Hong Kong,1999,Autumn,0.0032670903391986326,3,-0.006595573298043299,0.19212636611631007,,,0.20852321043194927
Province:Hong Kong,2000,Winter,-0.43410036552275094,3,-0.972529436801268,1.596964609559185,,,1.2671929497922
Province:Hong Kong,2000,Spring,0.3635396393561716,3,-0.1314340686283345,-1.3931519362471252,,,-0.17109894955027563
Province:Hong Kong,2000,Summer,-0.1474833598179647,3,1.9038028882441593,0.47565020660407836,,,-1.870602761093975
Province:Hong Kong,2000,Autumn,-0.2866500290909669,3,0.8594788876417425,1.0509032624781958,,,-0.6685257124364473
Province:Hong Kong,2001,Winter,-0.2304580568257213,3,0.2662215303313606,-0.7129121370967233,,,-1.6705078379052478
Province:Hong Kong,2001,Spring,0.29791006340950316,3,0.9521195233013982,-1.2492371119639505,,,-1.307626445036839
Province:Hong Kong,2001,Summer,-0.06968321979739078,3,0.24701339627592908,-0.21596064208030524,,,-0.6720236977484066
Province:Hong Kong,2001,Autumn,0.1996622653708462,3,0.11017851132305133,-0.28719097138799826,,,0.201617313401489
Province:Hong Kong,2002,Winter,0.421372072824932,3,-0.2395660617850762,-0.6323918639298067,,,0.8712904163300657
Province:Hong Kong,2002,Spring,1.616143061844408,3,2.3663042716809892,-1.511670026833269,,,0.9704548870189652
Province:Hong Kong,2002,Summer,0.6346999162580406,3,0.5320524486575601,-0.08739195867102856,,,1.2846553414455333
Province:Hong Kong,2002,Autumn,-1.047892213863382,4,-0.8953761062474864,2.2452022950930974,-1.1341258767318665,,0.08313542261892265
Province:Hong Kong,2003,Winter,0.2558623088097973,4,0.557692346127273,0.07940735086573693,-0.91055577734359,,1.455720017321243
Province:Hong Kong,2003,Spring,0.6439465099511937,4,1.3580429232992435,-1.1391845992768168,-1.3969039651325386,,1.4754624823612532
Province:Hong Kong,2003,Summer,0.45513446766561444,4,1.0442319959058035,-1.4129794186494304,-1.8490643115266203,,1.2123907676338443
Province:Hong Kong,2003,Autumn,-0.19668947988998162,4,0.009623049565997568,0.4357793460143333,-1.199558797259372,,0.8389571741477814
Province:Hong Kong,2004,Winter,0.22332244906701995,5,-0.9311441282704083,1.0620878708393633,-1.2329720496413032,4.081321004713296,0.2614952893728782
Province:Hong Kong,2004,Spring,0.798632354997873,5,-0.43587661862671895,-0.6312499253361997,-1.2479503333420205,4.165540122146329,0.8801986794755765
Province:Hong Kong,2004,Summer,0.8023355051893661,5,1.8904416826637702,-0.7524023900983207,-2.498401211487845,4.177178506977918,-0.3099438423053323
Province:Hong Kong,2004,Autumn,0.33615951266746935,5,-0.38611134831660116,0.048331164865017484,-1.4824258917521724,4.162313496909692,-0.5646475286385544
Province:Hong Kong,2005,Winter,-0.23245652785072077,4,0.5834103592857364,1.1777038768624803,-1.209548645243606,,0.874016051417467
Province:Hong Kong,2005,Spring,-0.24550063909800718,4,-0.046321097661044426,-0.23760055303222183,-1.3910602082926768,,0.21777819652947067
Province:Hong Kong,2005,Summer,0.2220496567697439,4,0.3895329224667446,-0.211527239204123,-0.4782697857772823,,0.7654082511853902
Province:Hong Kong,2005,Autumn,1.0246719859062945,4,2.611090156958164,-1.4055980922313844,-1.4770097388208336,,1.559009433256463
Province:Hong Kong,2006,Winter,0.41738824353549386,4,0.051904754010836496,-0.08163319546809654,-0.09687135505310546,,1.632886379716148
Province:Hong Kong,2006,Spring,0.4506254811331108,4,1.1779962539453606,1.1761509561024948,0.35972469380417116,,1.4409319328854062
Province:Hong Kong,2006,Summer,0.7270169191141127,4,1.0575932014861928,-0.32236231110867186,0.1678990735879824,,1.3602130902736038
Province:Hong Kong,2006,Autumn,-0.037525416167275005,4,0.10369106217743501,-0.5348382624318908,0.22507591885338935,,-1.013706908131815
Province:Hong Kong,2007,Winter,0.28531964092467643,5,0.5019699842839362,-1.5438813561793037,0.09247876071159426,-0.5146323446519663,-0.19709955189948583
Province:Hong Kong,2007,Spring,-0.13220048655117955,5,1.043779645881557,0.04599630658462281,-0.1863932348527151,-0.44354620173780845,-1.0288463354623083
Province:Hong Kong,2007,Summer,0.36203859936521193,5,2.032961208854586,-0.6105334980604982,0.49345598038705646,-0.4029677710272289,-0.9237899194488519
Province:Hong Kong,2007,Autumn,-0.13529504213204419,5,0.09395988845901046,-0.9063091989977299,-0.8801894138103171,-0.36547352679506834,-0.4310813575115759
Province:Hong Kong,2008,Winter,-0.4573105918883968,5,0.8277314842911331,2.5143404114332975,0.15074033479304008,-0.31625984781997696,-0.43442451927288284
Province:Hong Kong,2008,Spring,-0.16706694768030617,5,-0.327848617014389,-0.7497680159223437,-0.851789628071845,-0.13448655052017444,-0.2709779587174661
Province:Hong Kong,2008,Summer,0.01879601824647188,5,-0.29188856213309206,2.084975450658125,1.5422617588505472,0.017915900792159194,0.9106664443808703
Province:Hong Kong,2008,Autumn,0.7753782288410747,5,2.374298263143166,-0.5508155070153679,-0.5037335164959912,0.14959587180234357,1.3059150187404869
Province:Hong Kong,2009,Winter,0.5213323514969378,5,2.482256997485578,-0.7322370026567834,-1.087318114437688,0.3982173653460866,0.08126850643392891
Province:Hong Kong,2009,Spring,0.4407681102404902,5,-0.2427356460470989,-1.0037353528926523,0.9728751480001692,0.18019236708323474,0.28977332927349353
Province:Hong Kong,2009,Summer,0.264252555519406,5,0.9150736752953769,-1.4129794186494304,-1.138125135611803,0.04797902020782962,0.08335579905619622
Province:Hong Kong,2009,Autumn,0.40315138722804295,5,2.3191549454054274,1.44634006591925,0.1608029607753337,-0.06663609270317371,1.0487751885818775
Province:Hong Kong,2010,Winter,0.4997318306804967,5,1.8050159843127227,0.6559325067408607,1.7784230606934386,-0.11620622813347904,-0.31264115672933834
Province:Hong Kong,2010,Spring,0.00426394870748843,5,0.3465079991110642,0.42694731204008574,-0.8409461312934592,-0.22439481269257702,1.1671000004524998
Province:Hong Kong,2010,Summer,0.22469816874156404,5,1.592041424701751,-0.8588040591266872,-0.4832147400101666,-0.30493585988917266,-0.5392040402212783
Province:Hong Kong,2010,Autumn,-0.06647528832921608,5,0.10369106217743501,1.6300783786292354,0.7449982404490891,-0.3727622446997487,0.8217748790563797
Province:Hong Kong,2011,Winter,-0.687643110950455,5,-0.9468114236428051,2.069868503551917,-0.18062236779518423,-0.47764764185278186,0.2367343820904129
Province:Hong Kong,2011,Spring,-0.7092226624872271,5,-0.5308103170133118,1.277737890890619,-0.038527369692908216,-0.42106913619470787,-1.2779685986445881
Province:Hong Kong,2011,Summer,0.4614516709455893,5,2.816818602904071,-1.1425418432023318,-0.6701964036819381,-0.3898968495421548,-0.592008838154363
Province:Hong Kong,2011,Autumn,0.1558740458846049,5,1.6249978868244748,0.17215481038696398,0.07357537481225827,-0.3606143815252815,-0.38643384030146316
Province:Hong Kong,2012,Winter,-0.7364381893310986,5,-1.5477852253802191,1.3792822158941405,-0.17698101941509387,-0.3986348676908877,-0.17950761827515185
Province:Hong Kong,2012,Spring,0.5108792519712727,5,1.7574191716842211,-0.6312499253361997,0.33705192781300064,-0.40983060342315747,0.2385058384460994
Province:Hong Kong,2012,Summer,0.3751653694690598,5,1.4717905744782498,-0.8854044763837788,-0.6455186206592675,-0.4304167061458846,0.5945671232884224
Province:Hong Kong,2012,Autumn,-0.13139105520589472,5,0.10044733760462678,-1.281774446709438,-0.30747144807907134,-0.44564942374655225,-1.286056188517915
Province:Hong Kong,2013,Winter,-0.0030796140941699913,5,1.2606513724585917,-0.10095806102815659,-0.24252529025672062,-0.504545607524916,-0.6299366061759618
Province:Hong Kong,2013,Spring,0.9214996591827959,5,0.44471527330409094,0.029065150786601986,1.3829564807100332,-0.359257205951181,3.1681488986376385
Province:Hong Kong,2013,Summer,0.052664752917429294,5,0.8170915010391905,-0.06522494429011892,-0.5933156181113111,-0.25395926609738345,0.22828220346653158
Province:Hong Kong,2013,Autumn,-0.005199213081418574,5,0.006379324993189331,-0.1633673258660518,-0.2225393249044978,-0.16138942546401835,0.18818603410218215
Province:Hong Kong,2014,Winter,0.08028642111569131,5,-1.0282517986446043,1.2356784735426605,2.9327304971820887,-0.07081591106175265,-0.19655220835461454
Province:Hong Kong,2014,Spring,1.2460737150294883,5,1.426788015234363,-1.0122009307916622,4.225924181515917,-0.17382141522060052,-0.26072313717390005
Province:Hong Kong,2014,Summer,0.8779803620485442,5,4.878897997477434,-1.4174128215256125,-0.8533814853502218,-0.24611671320633893,-0.8069108102037649
Province:Hong Kong,2014,Autumn,0.5000418298579804,5,3.198204304636445,-1.4016037810855153,-0.8205073813092655,-0.30716378355762547,-0.9719277715651672
Province:Hong Kong,2015,Winter,0.021482722000361075,5,-0.7882170091656174,-0.7322370026567834,1.101132261996629,-0.3734180248732619,-0.5643206206127277
Province:Hong Kong,2015,Spring,,1,,,,-0.32554160763653,
Province:Hong Kong,2015,Summer,1.206452470125489,5,6.268463377837884,-1.550414907811071,0.0036969019371373155,-0.29317203055260593,-1.4971408064060405
Province:Hong Kong,2015,Autumn,0.6003014139453079,5,3.6134010499558933,-0.5588041293071064,-0.3728921375513782,-0.2634314761295434,-0.5343744958555391
Province:Hong Kong,2016,Winter,1.2889058871071524,5,0.38904721386401947,0.7791007590748062,6.883593489580147,-0.2691884078937421,0.2201778990601431
Province:Hong Kong,2016,Spring,0.01730134081115542,5,0.2581214523373397,0.007901206039076581,0.7540336675636555,-0.3311608740223052,-0.5865863357838363
Province:Hong Kong,2016,Summer,0.610519068855458,5,3.9391598716567424,-1.0184065626692373,-0.1690475792215551,-0.3846684809481251,-1.3512550298790087
Province:Hong Kong,2016,Autumn,0.7042274196557844,5,3.360390533276853,0.31595001163825637,1.5920240094063234,-0.42864241530229824,-0.6866850174636999
Province:Hong Kong,2017,Winter,0.3141788085113852,5,3.0266216093397085,-0.7451202463634901,-0.7668794569897334,-0.5230379589245082,-0.910930397232031
Province:Hong Kong,2017,Spring,-0.2856386070319391,5,-0.4162351637881135,-0.9995025639431471,0.20397264916917526,-0.42106913619470787,-1.7943639482891964
Province:Hong Kong,2017,Summer,1.024994576085612,5,4.856629321510117,-1.0184065626692373,-0.03711635460035568,-0.3546053615324546,-0.35834128761848355
Province:Hong Kong,2017,Autumn,0.34691350433660667,5,3.67178809226644,-0.5548098181612371,-0.9077349672723404,-0.2950159203831583,-1.289279501089145
Province:Hong Kong,2018,Winter,-0.4917522800127462,4,-0.8139350223240803,0.7267903471277469,,-0.30953535640194335,-0.11674839419721396
Province:Hong Kong,2018,Spring,0.616460125179098,5,3.407301378127077,-0.8682861065084878,-0.7049095353464366,-0.41544986980893267,-0.0729274535847056
Province:Hong Kong,2018,Summer,0.24016409882991416,5,0.6701182396549124,-1.284410735240154,-0.11589543117272642,-0.5101493272048371,-0.12766372236793172
Province:Hong Kong,2018,Autumn,-0.3403048207073351,5,-0.03416723216691268,0.3189457449976583,-0.12727761918166539,-0.588994209205266,-0.6321392979851732
Province:Hong Kong,2019,Winter,0.789017250026791,5,4.243940898840286,-0.6420542967098367,0.17258842507358246,-0.7600762814101903,-0.35342108907956055
Province:Hong Kong,2019,Spring,0.4787064045500868,5,2.100780900714657,-0.17034623972341784,0.7540336675636555,-0.5559315294533117,-0.07569725579798475
Province:Hong Kong,2019,Summer,1.2385741962334935,5,3.9079837253025027,-1.0184065626692373,0.6158957499995367,-0.42126706110633283,1.0718520043025233
Province:Hong Kong,2019,Autumn,0.08022128801524704,5,1.6898723782806382,-1.5254274266074614,-0.5347222641407681,-0.30230463828783866,-1.977166462383258
Province:Hong Kong,2020,Winter,0.9841869552284243,5,2.9094125033933813,-1.2608942444147468,0.37650393435864365,-0.23388482794906604,0.608008921924416
Province:Hong Kong,2020,Spring,0.13696909829730486,5,1.6199289878139835,-0.8555877396599723,-0.4860680549099232,-0.2637296773930032,-1.040873503684505
Province:Hong Kong,2020,Summer,1.074055763195124,5,3.5249624986646855,-1.550414907811071,-0.4034865179369236,-0.2866365698100689,0.9850244972468563
Province:Hong Kong,2020,Autumn,0.46560176085842164,5,0.9081347562338654,-1.4055980922313844,-0.04234549600709182,-0.30473421092273206,0.36135566275668213
Province:Hong Kong,2021,Winter,0.2664664348988769,5,1.6822553348363258,0.07940735086573693,-0.8287823794512714,-0.3532445506191613,0.9115111205942282
Province:Hong Kong,2021,Spring,1.2034535443950765,5,5.472927711987082,-1.7741029417025878,-0.8379888139902629,-0.359257205951181,-0.03251691177284441
Province:Hong Kong,2021,Summer,0.3897532106894627,5,2.0374149440480487,-0.8765376706314151,0.0027477564362650276,-0.3715975594630509,-0.5963367582053641
Province:Hong Kong,2021,Autumn,1.0239558487221092,5,3.091161393733776,1.014954462165373,1.9409343532586252,-0.38005096260442905,1.4826889213879473
Province:Hong Kong,2022,Winter,0.29726559822263593,5,-0.37244246310380097,0.10517383827915033,2.6924015040961233,-0.4709231504347483,-0.25753406116524413
Province:Hong Kong,2022,Spring,-0.025311927279248164,4,1.6559383216847594,0.2745669098579,,-0.49973886559556013,-0.9828802553482919
Province:Hong Kong,2022,Summer,0.8437286086528202,5,4.014873369945614,-0.6149669009366803,-0.2867416213296755,-0.541519538769015,0.4170639324804977
Province:Hong Kong,2022,Autumn,1.051232265052483,4,4.197271473061367,0.17614912153283327,,-0.5744167733959052,0.7582234820773037
Province:Hong Kong,2023,Winter,-0.1020560310596664,5,0.381952589544443,0.07940735086573693,-0.38089652870015495,-0.7045992272114137,0.2726703619345306
Province:Hong Kong,2023,Spring,0.1358282781831862,5,1.642844018459023,-0.49156789000253026,-0.2051229111062904,-0.5222159311386608,-0.7279316753006709
Province:Hong Kong,2023,Summer,0.6779901514863843,5,2.834633543677923,-1.550414907811071,0.02552724845719184,-0.40166067887872153,-0.618964263635543
Province:Hong Kong,2023,Autumn,0.8281613236435093,5,3.2987597663934993,0.29198414476304135,1.9753662950861535,-0.2950159203831583,-0.5463193781159069
Province:Hong Kong,2024,Winter,0.5277872810264874,5,4.850383473490705,0.5551988684479039,-1.1200902498585015,-0.19185675658635637,-0.3443011934655068
Province:Hong Kong,2024,Spring,0.7645534638435056,5,2.770045287807879,-1.190918686437435,0.22565964272594652,-0.12324801774862404,-0.24060828000510837
Province:Hong Kong,2024,Summer,1.238945423474694,5,6.549048695026053,-1.1381084403261497,-0.7110096602194315,-0.05789544382127099,-0.7235249139380306
Province:Hong Kong,2024,Autumn,1.0572906881684978,5,4.435560470525353,-1.1579508011874917,-0.383221720099637,-0.0010376315610506005,0.07720152079033189
Province:Hong Kong,2025,Winter,-0.2507898734182925,4,-1.4357394293553605,-1.5438813561793037,-0.6685630507272947,,-0.4427383697698184
Province:Hong Kong,2025,Spring,0.275665792309797,4,2.6347374878085965,-0.11484967349657273,-0.19526518676230342,,-1.4516588053036779
Province:Hong Kong,2025,Summer,1.1989888186134272,4,3.447022132779083,-0.1594347554089854,1.6352780179359965,,-0.445779631670356
Province:Heilongjiang,1981,Spring,0.9075917902017511,4,-0.05844374869096485,0.08245218498139696,2.1892838702645587,,1.5819792242148072
Province:Heilongjiang,1981,Summer,0.6158499628761342,4,-0.4473922333134303,1.3061532623550485,1.903697905315683,,2.313247441857333
Province:Heilongjiang,1981,Autumn,-0.5102246158020067,4,-1.4531924881991536,2.3785126576677666,0.5434728835466982,,1.2473337991121953
Province:Heilongjiang,1982,Winter,0.14926888138015282,4,0.4701974291279936,-0.47856620198528443,,-2.151679359111771,1.7999912535191043
Province:Heilongjiang,1982,Spring,0.2880933393989673,5,-0.11572957860251666,-0.7719602646858287,0.9768859059561183,-2.493595495320406,2.300945600275812
Province:Heilongjiang,1982,Summer,0.14212405441876624,5,1.8817291030510215,-0.079429265825983,-1.0610979217205783,-2.3893685116795487,2.1999283366169538
Province:Heilongjiang,1982,Autumn,-0.27468246747289793,5,-0.6473118944979148,0.8869840025077923,0.3414323104291705,-1.8604210361940925,1.6798722854061396
Province:Heilongjiang,1983,Winter,-0.26160396335033537,5,0.12873537489002226,0.3781298603323033,-0.4636628191921604,-1.3252396198802867,0.7302771077630514
Province:Heilongjiang,1983,Spring,0.6046764779931969,5,0.1377158061860124,-0.4707345289817625,1.3359516636630546,-0.7613662212344499,1.8403466123696048
Province:Heilongjiang,1983,Summer,-0.9797319357580541,5,-0.9959688481100627,3.081016665297408,-1.408667835760626,0.15899436400185774,0.42799930637596767
Province:Heilongjiang,1983,Autumn,0.5592715743018085,5,0.05181544174644763,-0.5245300844179617,-0.19385211060042457,0.9551545941669295,1.4587098617781284
Province:Heilongjiang,1984,Winter,-0.31883013206274397,5,-1.246653407176866,0.8803712248576789,-0.645814587216324,1.3544398523609964,-0.175751293423847
Province:Heilongjiang,1984,Spring,-0.416517846249147,5,-0.8975835618568064,1.0947201911856856,-0.705351783946029,1.1181674703354458,-0.5031011645926594
Province:Heilongjiang,1984,Summer,0.2855370637222775,5,-0.7227982635580247,0.004705541439189407,0.0646696386818274,0.6040803372214117,1.4864391477053625
Province:Heilongjiang,1984,Autumn,-0.11195620975835933,5,-0.4949655653469226,0.9024435662162403,-0.6838137971436711,0.033076744703470676,1.4883651352115665
Province:Heilongjiang,1985,Winter,-0.6531980184894378,5,-1.0627872726346463,0.9685451186404535,-0.5973573471280464,-0.5078294489035631,-0.12947090514047965
Province:Heilongjiang,1985,Spring,-0.20741818385883404,5,-0.05994544757010699,0.19532203512189208,-0.9357612848996213,-0.7241046467125951,0.8780424950100453
Province:Heilongjiang,1985,Summer,-0.0029154487831862365,5,-0.6805231175548392,-0.8863314884324288,0.3009112776060642,-0.9730686807064823,0.45177178830689735
Province:Heilongjiang,1985,Autumn,-0.2637908512002406,5,-1.0309847534198548,-0.5593434321338234,-0.12114996581135475,-1.018916150233552,0.29275318132973505
Province:Heilongjiang,1986,Winter,-0.4525860598897037,5,-1.1765635076324308,0.8045413409433014,0.7885398784695234,-0.9117064633343039,-0.1586588660080058
Province:Heilongjiang,1986,Spring,-0.18863683596261896,5,-0.5517211129546963,0.2990494257296787,-0.27061748746071046,-0.4411459364033168,0.6193497827353073
Province:Heilongjiang,1986,Summer,-0.2333229315277375,5,-0.9844902535926879,0.1571687314114238,-0.4426666075500212,0.15845163741279977,0.2592592975026454
Province:Heilongjiang,1986,Autumn,-0.38006035753252193,5,-1.6263551639548408,0.5933254511301354,-0.4693983383942969,0.6671340469667965,0.12164311884986695
Province:Heilongjiang,1987,Winter,0.053696635776397494,5,0.24657142772469381,1.1092187943860254,-0.4790561828815308,0.7678119430685741,0.8423747853562757
Province:Heilongjiang,1987,Spring,-0.3960055829257921,5,-0.5552995198697105,2.5786206958310074,-0.07298138952253884,0.42783801066657606,0.7990356799277204
Province:Heilongjiang,1987,Summer,-0.37819010065426845,5,-0.6739802862315871,0.41928961646668295,-0.9560593010590731,-0.07673072701640773,0.23510942750240882
Province:Heilongjiang,1987,Autumn,-0.27631201620217777,5,-0.7811489173617381,1.494552956672427,-0.09609211929747027,-0.5151110752888518,1.505344987609598
Province:Heilongjiang,1988,Winter,0.05101521400775009,5,0.0188328085390664,0.18798879226095552,-0.831242994939291,-0.7392050944143336,1.9946801431142642
Province:Heilongjiang,1988,Spring,-0.5604739991639927,5,-0.8734467071243789,0.7252184096618549,-0.1124586659235866,-0.9274407881059803,-0.163805425004163
Province:Heilongjiang,1988,Summer,-0.11848740810589915,5,0.6706999438284557,-0.5406294589169005,-0.9848873388570248,-0.9509701509211438,0.1320910465033166
Province:Heilongjiang,1988,Autumn,0.20302861062567526,5,-0.6871921456127543,-1.422711660937697,-0.014150656321281867,-0.7987343509034079,1.0925085450281233
Province:Heilongjiang,1989,Winter,-0.06782122672221584,5,0.8274177029869862,-1.1055047094076444,-1.09163117139008,-0.7360124303260087,-0.4443849442896213
Province:Heilongjiang,1989,Spring,-0.30482896286680355,5,-0.09046842833435507,-0.7546311829033799,-1.241037637050305,-0.43709164175136483,-0.5101782901013728
Province:Heilongjiang,1989,Summer,-0.06816613229988694,5,-0.4716586681803163,0.6226803271105296,0.9918220879615958,-0.07691004288739006,-0.16140371128279463
Province:Heilongjiang,1989,Autumn,-0.15708349999975532,5,-0.9379518800928766,-0.43287788633931745,-0.5622270631544292,0.26002521307584026,0.02185834383337121
Province:Heilongjiang,1990,Winter,0.05073237947408819,5,0.07116169504885116,0.8559716969202563,1.2356640533450127,0.2878462722392017,-0.48503842634236827
Province:Heilongjiang,1990,Spring,0.4616950620218394,5,1.4787053724440213,-0.9317551600521161,-0.5212163731751204,-0.14007631692581612,0.5593074677139963
Province:Heilongjiang,1990,Summer,0.0701395755552742,5,-0.6694929896681745,-0.021920440849828172,-0.04622792007939753,-0.6402449566922171,1.6847433033663322
Province:Heilongjiang,1990,Autumn,0.4947774577617431,5,2.037943713635807,-0.5896563887758666,-0.4447407951541109,-0.9719701998564172,1.2629981814075697
Province:Heilongjiang,1991,Winter,0.2895387157792655,5,0.29968726597006023,-0.6830789866359639,-0.1724221215940571,-0.9254071219403328,1.5627565698246932
Province:Heilongjiang,1991,Spring,-0.17396496926922017,5,-0.5556375278784822,-0.08651821577022639,-0.2933746105842888,-0.4208881314952196,0.3135572078416634
Province:Heilongjiang,1991,Summer,0.31143326217069317,5,-0.6219344297956692,-0.13221934665774063,1.7486786892831068,0.28533837316192706,0.01286433154636073
Province:Heilongjiang,1991,Autumn,0.26242832452685966,5,-0.4471030877438623,-0.49461061973116144,0.0422046554863757,0.8664905331491638,0.3559389020114596
Province:Heilongjiang,1992,Winter,0.42514199079503,5,-0.27029045290629644,-0.700236948563778,1.0208994593858696,1.0665260167860637,-0.39166201785426485
Province:Heilongjiang,1992,Spring,-0.13534777119114944,5,-0.4532410044433974,-0.4263019173185444,-1.2977163623185917,1.0450581758227144,-0.39714158233501695
Province:Heilongjiang,1992,Summer,-0.19381348209563254,5,-0.5911652495463349,1.8370125797835022,0.23890307481062567,0.8257724232818264,0.3944349207592222
Province:Heilongjiang,1992,Autumn,-0.16756009403982292,5,-0.25302758911726114,-0.2070085259921929,-0.17766906702131255,0.47866271441779723,-1.092775054470531
Province:Heilongjiang,1993,Winter,-0.076657257038734,5,-0.3949767029042408,-0.9183501587579227,-0.5149258806229084,0.23874717524832406,-0.6304810356727675
Province:Heilongjiang,1993,Spring,-0.3396307100701618,5,-0.30140993754558393,-0.07482213448415903,-1.2585374065086514,0.12228197236283637,-0.33531031314356907
Province:Heilongjiang,1993,Summer,-0.3917250764815366,5,-1.3614465809105134,0.6940266224701833,0.5995454822193771,-0.027519012947892496,-0.4751786482984705
Province:Heilongjiang,1993,Autumn,0.3957417591340417,5,-0.5487547761323711,-0.7210392863680386,2.2634880036774407,-0.15680571093968865,-0.30025800730321095
Province:Heilongjiang,1994,Winter,-0.3300703075835092,5,-0.9139445078784126,0.4643215358122708,-0.03821785562751919,-0.2191830118006867,-0.014684626798656357
Province:Heilongjiang,1994,Spring,0.25254384659762596,5,-0.7529518235527946,-0.4782886539919793,1.3780106288730942,-0.2439646856095211,0.403336459285372
Province:Heilongjiang,1994,Summer,0.42252861751403403,5,1.007270989768292,-1.1554182769279013,0.7935238816395257,-0.19782863884231053,-0.6457414219232385
Province:Heilongjiang,1994,Autumn,0.9575576819012512,5,0.6467118680214554,-1.3178697095575245,2.8506711182443847,-0.12040814496242595,0.09294385864531803
Province:Heilongjiang,1995,Winter,-0.0861405970235147,5,0.18849189038745945,-0.9031104359156304,-0.8891722021529194,-0.025745574634731407,-0.6073875346330126
Province:Heilongjiang,1995,Spring,-0.4917037838088385,5,-0.2660730122549067,1.09709916837815,-0.4736579558918511,0.18994834572138036,-0.8116371282406654
Province:Heilongjiang,1995,Summer,-0.36693818343395523,5,-0.386055252242645,-0.058040820692809324,-1.0774962036639562,0.4581921908114904,-0.8873724727674748
Province:Heilongjiang,1995,Autumn,0.7122217270656364,5,0.6614868522451277,-0.567609654757504,0.9166201783860811,0.6151699458028458,0.8002220041366237
Province:Heilongjiang,1996,Winter,0.903582220263516,5,0.11091277742517418,-0.7394369627727704,2.4946935881060193,0.7714166498696031,0.4014511231440129
Province:Heilongjiang,1996,Spring,0.12543801916955102,5,-0.14611551646815374,-0.5668667138064573,-0.5171491930408899,1.3087124031499402,-0.5851243115995987
Province:Heilongjiang,1996,Summer,0.36937208739343474,5,-0.7025312099801466,0.07814282614132022,1.0711931770224785,1.7613171191142372,-0.2049758230480753
Province:Heilongjiang,1996,Autumn,-0.47411700860409345,5,-1.0012153121892187,1.3822355511479225,-1.1769679336605336,1.8460645733284708,-0.6562308193512632
Province:Heilongjiang,1997,Winter,0.587691580478767,5,-0.7440136675963068,-0.12766864565565958,1.816128771297778,1.781417405001521,-0.042743251964816716
Province:Heilongjiang,1997,Spring,0.5708929155020643,5,0.17046435317057598,-0.2959688997755647,0.4344823901245345,1.9615153251774222,-0.00796639073777542
Province:Heilongjiang,1997,Summer,0.9007214312835503,5,1.0025577960661702,-0.9968567287148156,0.12340556516559996,1.8127335332962666,0.5680535331748988
Province:Heilongjiang,1997,Autumn,-0.28472089969679454,5,0.11515397150188411,0.9676235696140134,-1.5638195031675775,1.3489426349808413,-0.35625803218510715
Province:Heilongjiang,1998,Winter,0.1495512820153225,5,1.5941873712282528,-0.19717580082212718,-0.9488148855680165,0.990809074605234,-1.085600951010985
Province:Heilongjiang,1998,Spring,1.2325710794101976,5,3.33050639888352,-0.8802810081002111,0.07914720805076465,0.8981839303731479,0.9747368516433444
Province:Heilongjiang,1998,Summer,0.16532217812072963,5,-0.85663168022428,-1.0470295988273342,0.2967077835801376,0.6170426242438403,-0.27753743582338375
Province:Heilongjiang,1998,Autumn,-0.08504010450215051,5,0.3603718718721498,0.8641258770722273,0.2368230288399076,0.2525215886132885,-0.4107911347638711
Province:Heilongjiang,1999,Winter,1.2284779700754649,3,1.4870810518203366,-0.1313520995922873,,,2.067000758813771
Province:Heilongjiang,1999,Spring,-0.9608912389791006,3,-0.7668975500912205,2.4409938036673755,,,0.3252176368212944
Province:Heilongjiang,1999,Summer,0.3918630823589376,3,0.8483638867711947,-0.028111867551976925,,,0.2991134927536411
Province:Heilongjiang,1999,Autumn,0.11169853436019676,3,0.28267585287239194,0.6443509917352155,,,0.6967707419434138
Province:Heilongjiang,2000,Winter,-0.46332371923284715,3,-1.055636588592831,-0.34833947839267626,,,-0.6826740474983869
Province:Heilongjiang,2000,Spring,-0.1337097487300868,3,-0.793547638142604,-1.0472728519728909,,,-0.6548544600205474
Province:Heilongjiang,2000,Summer,0.8368518551801191,3,2.0428021915260928,-1.2483592940703456,,,-0.7806059200560812
Province:Heilongjiang,2000,Autumn,0.023937148630092237,3,0.004916186662125654,0.14652467044955753,,,0.2134199296777086
Province:Heilongjiang,2001,Winter,-1.8416221536672122,3,-1.3688627072987032,3.647743730552293,,,-0.5082600231506404
Province:Heilongjiang,2001,Spring,0.24368317184747293,3,0.055834617878148314,-0.5079799861000767,,,0.16723491156419384
Province:Heilongjiang,2001,Summer,0.36558298569218367,3,0.9917974893164837,-0.4652452377382217,,,-0.3602937699781543
Province:Heilongjiang,2001,Autumn,0.6456043102373298,3,1.4338569891092803,-0.7201349798364521,,,-0.217179038233743
Province:Heilongjiang,2002,Winter,1.5513358640898733,3,1.665004415380304,-1.1377537552478878,,,1.8512494216414277
Province:Heilongjiang,2002,Spring,0.7061013603748099,3,1.502807840214675,-1.2438847465586402,,,-0.6283885056488855
Province:Heilongjiang,2002,Summer,-0.581502323790744,3,-0.557114834636953,1.330308906032638,,,0.14291676929735925
Province:Heilongjiang,2002,Autumn,-1.186519262676191,4,-0.9359805192011058,1.8867755319742419,-1.054115706795259,,-0.8692052927341571
Province:Heilongjiang,2003,Winter,-0.3573078048487436,4,-0.21307573979467798,-0.4396758755577518,-1.0521800392477183,,-0.6036513159103299
Province:Heilongjiang,2003,Spring,0.015477954574883795,4,0.9213258253757025,-0.8478273795258828,-1.1279055536501945,,-0.5793358329518555
Province:Heilongjiang,2003,Summer,-0.40633846241762317,4,-0.8464915591803717,0.4941362999457161,-0.2826160472578728,,-0.0021099432865318312
Province:Heilongjiang,2003,Autumn,-0.10523320142671969,4,-0.1839026349099926,-0.891097473011967,-0.33515946834822496,,-0.7929681754606281
Province:Heilongjiang,2004,Winter,0.18940969481355668,5,0.37774245183703326,-0.7529078260773184,0.07463062999202669,0.28299373516650284,-0.5412261690050979
Province:Heilongjiang,2004,Spring,0.33544636400915556,5,-0.5421748478235057,0.18643225416457113,1.3107720949899762,-0.48203177005080144,1.5770985970946798
Province:Heilongjiang,2004,Summer,-0.583409714304292,5,0.32678453894079207,0.8654576843343723,-1.8733393873374764,-1.3492818808522729,0.8442458420618693
Province:Heilongjiang,2004,Autumn,0.49754742749402564,5,2.9949742386348968,-1.3309031718598525,-0.3015556537401175,-1.8808759208270005,0.34429130154249704
Province:Heilongjiang,2005,Winter,-0.028456528144930618,4,-0.6504290539371651,0.20788048790317834,0.29394170696434235,,0.4505417222962786
Province:Heilongjiang,2005,Spring,-0.03528070638247055,4,-0.8055503034304748,-0.4006426993663662,1.1232319420502797,,-0.8594471635160532
Province:Heilongjiang,2005,Summer,-0.17616855286832897,3,0.15059117626420535,-0.45624896711678364,,,-1.135345801985976
Province:Heilongjiang,2005,Autumn,0.24446616497814935,3,0.9591701100274292,-0.9828200522566779,,,-1.208591667349659
Province:Heilongjiang,2006,Winter,-0.38561455041471965,3,-0.7968758422654828,0.026934092123242576,,,-0.33303371685543337
Province:Heilongjiang,2006,Spring,-0.4865930679644654,3,-0.6221020907497958,-0.155416727438802,,,-0.9930938405824024
Province:Heilongjiang,2006,Summer,-0.251885164478602,3,0.014890936761457101,-0.4891908956216289,,,-1.259737325818892
Province:Heilongjiang,2006,Autumn,-0.42398785289499213,3,0.3820811548775611,-0.06070361693834443,,,-1.714748330500882
Province:Heilongjiang,2007,Winter,1.0250489013972974,3,3.158767159075693,-1.0551826894161236,,,-1.1388031442999247
Province:Heilongjiang,2007,Spring,-0.3523236452336369,3,-0.7135007550025274,-0.5913869735789992,,,-0.9348571542773826
Province:Heilongjiang,2007,Summer,0.28361172164438625,3,0.8731073139455254,-0.6960129426012582,,,-0.7182850916136249
Province:Heilongjiang,2007,Autumn,0.02591316578226784,3,0.519984239371131,-0.9144825343465344,,,-1.356727276370862
Province:Heilongjiang,2008,Winter,-0.061161275590880436,3,0.004932101569947888,-1.116279412104001,,,-1.3046953404465902
Province:Heilongjiang,2008,Spring,0.2381343730170465,3,2.4191064557710016,-0.5092349524594443,,,-2.2139382891793065
Province:Heilongjiang,2008,Summer,0.09845471502191046,3,0.6449681015774203,-1.4389224922979544,,,-1.7885264488096435
Province:Heilongjiang,2008,Autumn,0.16386284746141486,3,0.14855745808491969,-1.0944427439748698,,,-0.7514116596755449
Province:Heilongjiang,2009,Winter,-0.4410008307533135,3,-0.09033692193225182,-0.005018576559571153,,,-1.2376841468872597
Province:Heilongjiang,2009,Spring,-0.022012843675988176,3,0.7192980891919608,-0.10887283887603488,,,-0.8942094590959602
Province:Heilongjiang,2009,Summer,-0.8879515738110618,3,-1.3029899935154414,0.3243223703874904,,,-1.0365423575302535
Province:Heilongjiang,2009,Autumn,-0.9986209009313489,3,-0.6115968791842765,0.6815033353349275,,,-1.7027624882748427
Province:Heilongjiang,2010,Winter,-1.0525665224914655,3,-0.6652765504615624,1.3079918887324418,,,-1.1844311282803923
Province:Heilongjiang,2010,Spring,-1.5108211764083375,3,-0.8139246467286386,2.4507396670257497,,,-1.2677992154706237
Province:Heilongjiang,2010,Summer,0.7243314932159924,3,2.417101982424363,-1.4744543103315881,,,-1.7185618131079734
Province:Heilongjiang,2010,Autumn,-0.06898906742025883,3,1.0409836583015446,0.0028836597133140114,,,-1.2450672008490071
Province:Heilongjiang,2011,Winter,-0.4864928489914772,3,-0.1590725684155859,0.8854556750880207,,,-0.4149503034708251
Province:Heilongjiang,2011,Spring,-0.6211062385520817,3,-0.46977170727301254,-0.40589633529851443,,,-1.7994433436817467
Province:Heilongjiang,2011,Summer,0.23442855070954013,3,1.236623894667025,-1.311860019460393,,,-1.8451982619987979
Province:Heilongjiang,2011,Autumn,0.20672536713270376,3,1.2999678560909687,-0.4413880808102714,,,-1.1211798355031288
Province:Heilongjiang,2012,Winter,-1.205124329359635,3,-1.5132529194709794,-0.05497961782068329,,,-2.1570996864286087
Province:Heilongjiang,2012,Spring,-0.8434461734097695,3,-0.1850082133960485,0.44958904336835764,,,-1.8957412634649022
Province:Heilongjiang,2012,Summer,-0.21879495304640292,3,0.6123511296010494,-0.3252084134555623,,,-1.5939444021958205
Province:Heilongjiang,2012,Autumn,0.021334340177542026,3,0.907443656668453,-1.0749356664286187,,,-1.9183763025644456
Province:Heilongjiang,2013,Winter,-1.4720042903829453,3,-1.3090425775378358,2.2623715820342185,,,-0.8445987115767822
Province:Heilongjiang,2013,Spring,-0.5977068592393848,3,-0.15208171472752652,1.3148806336230114,,,-0.32615822936761657
Province:Heilongjiang,2013,Summer,0.04730925923336626,3,0.35197463288175806,-0.7123584561159219,,,-0.9224053112975811
Province:Heilongjiang,2013,Autumn,0.7414492126445208,3,1.3908870346397009,-0.7157025491597976,,,0.11775805413406377
Province:Heilongjiang,2014,Winter,-0.43987138443411244,3,-0.25146891928038884,0.28026027377512597,,,-0.7878849602468225
Province:Heilongjiang,2014,Spring,0.6686563563225499,3,2.1434534584721594,-0.9056386165184782,,,-1.0431230060229881
Province:Heilongjiang,2014,Summer,0.32836436696050386,3,0.6444529172033261,-1.1331323363145012,,,-0.7924921526363158
Province:Heilongjiang,2014,Autumn,0.1424848401895544,3,0.19617606141461547,-0.2792347707955829,,,-0.0479563116415352
Province:Heilongjiang,2015,Winter,0.6761809022233867,3,0.6215723749379017,-0.09291859500120594,,,1.3140517367310522
Province:Heilongjiang,2015,Summer,0.23610184691115307,3,0.4939231009371003,-0.7213828468191924,,,-0.5070004070228334
Province:Heilongjiang,2015,Autumn,0.6680822723018549,3,1.2526443955771807,-0.5662320274762584,,,0.18537039385212556
Province:Heilongjiang,2016,Winter,0.1062891789742774,3,-0.08536228070428101,-0.20818270218017534,,,0.1960471154469379
Province:Heilongjiang,2016,Spring,0.5781087319269739,3,0.635179283384083,-0.6728004242634807,,,0.4263464881333581
Province:Heilongjiang,2016,Summer,0.2565457385018094,3,0.22885395226821534,-0.5191116594008661,,,0.021671603836346736
Province:Heilongjiang,2016,Autumn,-0.8919783010963536,3,-0.057115021291417344,1.619924221055812,,,-0.9988956609418312
Province:Heilongjiang,2017,Winter,1.1408632968611465,3,1.1554263132702327,-0.9536366365606926,,,1.3135269407525145
Province:Heilongjiang,2017,Spring,1.0314569665010052,3,1.6992146729624824,-0.8984976326828371,,,0.49665859385769623
Province:Heilongjiang,2017,Summer,0.4779506200071597,3,1.1462087621315789,0.48858623156643993,,,0.7762293294563402
Province:Heilongjiang,2017,Autumn,-0.07072860284218675,3,-0.5237466667902125,0.06725311257905878,,,0.378813970842711
Province:Heilongjiang,2018,Winter,-0.3947943788309436,3,-0.8328692560000138,0.836777153789084,,,0.4852632732962672
Province:Heilongjiang,2018,Spring,0.5666870225145678,3,1.5212986848305696,-0.16332071449899174,,,0.015441668214142076
Province:Heilongjiang,2018,Summer,0.523542471905195,3,0.9891124036047905,-0.5057007399705878,,,0.07581427214020642
Province:Heilongjiang,2018,Autumn,0.8658417012040799,3,1.6660990281866086,-1.153163331132785,,,-0.2217372557071539
Province:Heilongjiang,2019,Winter,2.578909285595278,3,3.806924044022581,-0.7000161947723388,,,3.2297876179909144
Province:Heilongjiang,2019,Spring,1.45807854377051,3,1.9950897666139276,-0.9354538890685062,,,1.4436919756290958
Province:Heilongjiang,2019,Summer,-0.2536317094750757,3,-0.6497484789804638,0.07353973693460629,,,-0.03760691251015707
Province:Heilongjiang,2019,Autumn,1.106431619997928,3,1.3839816062036898,-0.3752780037080859,,,1.5600352500820083
Province:Heilongjiang,2020,Winter,0.6189992829092015,4,0.24719912208002268,-0.6042688397314322,2.1439640342929214,,-0.5194348644675706
Province:Heilongjiang,2020,Spring,1.416195073369588,4,0.49265685060195624,-0.5265971416204352,4.258941787365486,,0.38658451389047543
Province:Heilongjiang,2020,Summer,2.4182810848044873,4,0.4507497014158742,-0.3153646790532102,8.565699686721597,,0.3413102720272679
Province:Heilongjiang,2020,Autumn,3.8489490015035894,4,1.421494247292586,-1.6406509055749778,11.086772036745868,,1.2468788164009257
Province:Heilongjiang,2021,Winter,0.055524753090935595,4,-0.4818802372764701,0.47481460416977367,0.9708655933719966,,0.20792826043798948
Province:Heilongjiang,2021,Spring,1.817846588403119,4,1.774520399762593,-0.6082111955099327,3.8740221999761792,,1.0146325583637708
Province:Heilongjiang,2021,Summer,2.708058469258711,4,2.0229468291531845,-0.8241831459835642,8.10250584746913,,-0.11740194557103543
Province:Heilongjiang,2021,Autumn,0.8385522041127272,3,1.1582730321798604,-1.2224830623612408,,,0.1349005177970809
Province:Heilongjiang,2022,Winter,-0.1542933871224425,3,-0.08696635284031114,-0.10043371983027251,,,-0.4763475283572889
Province:Heilongjiang,2022,Spring,2.0019488204246425,4,0.8804385689489298,-0.8135777977132823,5.335329976048677,,0.9784489389876805
Province:Heilongjiang,2022,Summer,2.127602729438502,4,0.315069004897414,-0.7412760613456734,6.9706480521376895,,0.4834177993732315
Province:Heilongjiang,2022,Autumn,1.5652114457031923,4,0.7346076232673086,-0.5377149501240864,4.10595911070213,,0.8825640987192451
Province:Heilongjiang,2023,Winter,0.0032447642586534986,5,0.04977607658434802,0.2947154023881851,2.0279478656899736,-2.4785952559886146,0.7118105373957455
Province:Heilongjiang,2023,Spring,0.7838133174785098,5,2.229131037875301,-1.0934506304271072,2.5263563169278624,-2.845668819842481,0.9157974220047596
Province:Heilongjiang,2023,Summer,1.0487981250325416,5,0.565185077353433,-1.0587979168469257,6.350396258525599,-2.660565358144149,-0.06982326941910133
Province:Heilongjiang,2023,Autumn,0.95977731790586,5,1.4805915416663933,-0.6433899145316027,4.56184882102056,-2.009678587921935,0.12273490023267827
Province:Heilongjiang,2024,Winter,-0.1443369445840261,5,0.287259337318574,0.12832059877120697,0.9317816169511016,-1.5994061693895012,-0.2129989090290979
Province:Heilongjiang,2024,Spring,0.5292044790413717,5,0.9484391883409615,-0.7075702496326505,3.501358332357747,-1.9860659879013822,-0.5252793872231178
Province:Heilongjiang,2024,Summer,0.9144212639279592,5,0.7622842154357625,-1.0727232592027687,5.172050551633614,-2.108123197945411,-0.3268285086869374
Province:Heilongjiang,2024,Autumn,0.5181992728808739,5,1.8678032706090093,-1.34358948013742,1.4152383427915185,-1.8333102998595743,-0.20232442927400388
Province:Heilongjiang,2025,Winter,0.1102146288121321,4,0.11035687737175846,-0.7285512782666953,-0.41360381414900715,,0.015554173759081778
Province:Heilongjiang,2025,Spring,1.2966354537923785,4,1.0131497061750787,-1.028605543782034,3.875642429664141,,-0.7308558644517402
Province:Heilongjiang,2025,Summer,2.030715256111118,4,2.1588486497043236,-1.5127133377578852,4.032648913207789,,0.41865012377447425
Qinghai-Tibet,1981,Spring,1.2190481689049861,4,-0.5879191571568207,0.09579001791260136,4.459524036998119,,1.100377813691247
Qinghai-Tibet,1981,Summer,1.5539024485681827,4,0.33981324079538977,-1.1470973449031827,2.923414983639712,,1.8052842249344465
Qinghai-Tibet,1981,Autumn,1.2061985949040455,4,-0.3880706464731051,1.9896125215227796,4.255140163157238,,2.9473373844548285
Qinghai-Tibet,1982,Winter,-0.7249235701691751,4,-0.642128766660739,0.608094464305773,,-2.8904965803635743,1.2410255306533862
Qinghai-Tibet,1982,Spring,-0.6765675251824554,5,-0.8568928442410698,1.5287533626396923,-0.22286076605896424,-2.321744509980374,1.547413857007823
Qinghai-Tibet,1982,Summer,-0.5876348615332881,5,-0.628386246830607,1.2807734025124247,-0.5610375182075421,-2.120650390506966,1.6526732503910992
Qinghai-Tibet,1982,Autumn,-0.43408349601421603,5,-0.7497487291662971,1.0964846747777974,0.046184166573183326,-1.7311037397246944,1.3607354970245256
Qinghai-Tibet,1983,Winter,-0.8325677629848446,5,-1.6485012680320947,3.1728781471104663,0.4002074474058109,-0.5989912703739158,0.8573244231864422
Qinghai-Tibet,1983,Spring,-0.7015203936111112,5,-1.4507150890666625,2.9346908038274617,-0.27503221407871026,-0.24380751355096222,1.396643652468241
Qinghai-Tibet,1983,Summer,-0.07223079103365056,5,-0.5271407760186857,1.5388383353595472,-0.5283901300317282,0.07038191928242417,2.162833366959284
Qinghai-Tibet,1983,Autumn,0.20025695371514587,5,-0.4191485798828461,-0.14366696274965657,0.02246834354895658,0.47202260357811854,0.7822754385818437
Qinghai-Tibet,1984,Winter,0.27742275088299057,5,-0.7147268774625091,0.8194647883403755,-0.2130331120411014,0.7248620338002021,2.4094764984587367
Qinghai-Tibet,1984,Spring,0.379020455140918,5,-0.7119357727149433,-0.8703737959454046,-0.3009270638411776,0.9641102829128643,1.0734810334024418
Qinghai-Tibet,1984,Summer,-0.12193257025900142,5,-0.8320193393557933,1.9468917664833203,-0.4066406931499244,1.3517812694031994,1.2241076782908313
Qinghai-Tibet,1984,Autumn,0.3066589706248679,5,-0.49752135420414917,0.5377446583132127,-0.46639154042878195,1.7699774303895461,1.2649749756809372
Qinghai-Tibet,1985,Winter,0.46718071075222073,5,-0.05528631360247093,0.18847701043074383,-1.069626454653637,1.4988853794089643,2.1504079530389912
Qinghai-Tibet,1985,Spring,0.5027939198593042,5,0.2962246810501894,-0.021168730311905637,-0.2762994866601539,1.3404283838438567,1.1324472907507237
Qinghai-Tibet,1985,Summer,0.00900324661825751,5,-1.1502988820076878,0.562396252662507,-0.2969042344027372,1.1730015834936616,0.8816140186705579
Qinghai-Tibet,1985,Autumn,-0.18902931663313233,5,-0.8529706183005076,2.1926687041013064,-0.12857173613607698,0.8849241486393011,1.3441403267329284
Qinghai-Tibet,1986,Winter,-0.13742196336561974,5,-1.0312308262786931,0.35200493147975676,-0.4949797574723181,0.6472139355798194,0.5438917628228497
Qinghai-Tibet,1986,Spring,-0.2695184629863568,5,-0.9125839691753782,1.7198399633800736,-0.2947104378488786,0.6232529491888571,0.9562891062836895
Qinghai-Tibet,1986,Summer,-0.08850185432085245,5,-0.7023894841028467,1.063456865315517,-0.5546929319977694,0.651103493990606,1.226926515821265
Qinghai-Tibet,1986,Autumn,-0.4107561408443868,5,-1.628192225415174,1.5662992151501334,-0.43552819276910054,0.6472582522000032,0.9289806769124702
Qinghai-Tibet,1987,Winter,0.22603204073249117,5,-0.11859819731642503,-0.7377456605937106,-0.719556643645951,0.5981790446090317,0.6323903394220894
Qinghai-Tibet,1987,Spring,0.10044588000251649,5,-0.4868398974804162,0.4334802651554221,-0.3210622614995311,0.44783491076323007,1.2957769133847217
Qinghai-Tibet,1987,Summer,-0.06558846183716815,5,-0.28961942045217354,0.7039019225869156,-0.5757288364093092,0.30090601096292274,0.9404018592996349
Qinghai-Tibet,1987,Autumn,0.2934410608963798,5,0.39189104326850704,0.2766676747693196,-0.2776886687822332,0.09266059856350202,1.5370100062014427
Qinghai-Tibet,1988,Winter,0.476558717942131,5,0.7617997730721519,0.13729976774227448,0.10762898753427454,0.03441979647538312,1.61624480037112
Qinghai-Tibet,1988,Spring,0.05183319214558222,5,-0.281195347204793,0.5083347661395012,-0.33923765723443966,0.16891152475959165,1.2190222065470535
Qinghai-Tibet,1988,Summer,0.05068427655572886,5,-0.3633171868625531,-0.22030716388950855,-0.5188492088026351,0.2818133020852431,0.6334673124690808
Qinghai-Tibet,1988,Autumn,-0.0017479706751465345,5,-0.3540342398147025,-0.34359831656730344,-0.4880913437953979,0.41044809862234816,0.07933931504471615
Qinghai-Tibet,1989,Winter,0.3057660180012539,5,0.16601455009135327,0.8289605559046468,0.37666621566928565,0.6356622528112837,1.1794476273389936
Qinghai-Tibet,1989,Spring,0.02409290362305829,5,-0.7909862735916521,1.0111440157337914,-0.24569296888751355,0.6148751360593374,1.553412640268911
Qinghai-Tibet,1989,Summer,-0.021251420947942145,5,-0.7082756825594227,0.7099189317780814,-0.29560497003379266,0.5004168990296238,1.1071255806019622
Qinghai-Tibet,1989,Autumn,0.16803762038391434,5,-0.3173656355282039,-0.14909171849526784,-0.15818080026393866,0.3219204740055982,0.8447223452108482
Qinghai-Tibet,1990,Winter,0.37021742755013787,5,0.2279902920587565,-0.1330575170809251,0.7692645107493435,0.3516094797106875,0.369165338150977
Qinghai-Tibet,1990,Spring,-0.4920301922086381,5,-1.0268441242285047,1.7587027323376256,0.13816326477498553,0.359330217305319,-0.17209758655736507
Qinghai-Tibet,1990,Summer,-0.21523744923272706,5,-0.8456742477222655,0.7932802897145368,-0.12349627414741748,0.35252965670833214,0.3337339087122523
Qinghai-Tibet,1990,Autumn,0.06627616002320624,5,-0.39555173143442035,-0.08951890060403334,0.11582515464236319,0.3221780856737883,0.19941039063026675
Qinghai-Tibet,1991,Winter,0.3938713088628948,5,-0.2598073855136605,-0.1659132654009731,1.4606103070686582,0.35482520606205975,0.2478151512964435
Qinghai-Tibet,1991,Spring,0.1423798405037156,5,0.04231502323521825,0.14674694657388085,-0.1339633576235107,0.3065141260423351,0.6437803574384163
Qinghai-Tibet,1991,Summer,0.08348907162683884,5,-0.005222144295659432,0.05193364089315734,-0.15627605473490808,0.2294482753414264,0.40142892271649266
Qinghai-Tibet,1991,Autumn,-0.32645176272527865,5,-1.4253477367970682,-0.028495414155582453,-0.46137124380206024,0.11584010463050742,0.11012464818664545
Qinghai-Tibet,1992,Winter,-0.5762510050915275,5,-0.8550784082167912,1.4359320935866933,-0.02075779939172358,0.18471740521173421,-0.7542041294741638
Qinghai-Tibet,1992,Spring,-0.16453268161695342,5,-1.0298854501569692,-0.316970802729605,-0.2868191170401765,0.10859483184325734,0.06847552453951626
Qinghai-Tibet,1992,Summer,-0.6814973093724,5,-1.4072828066800698,1.5601225076861391,-0.5961160242768898,-0.09022606063243249,0.24626085241353077
Qinghai-Tibet,1992,Autumn,-0.43408598470704957,5,-0.816757173653365,0.9216945696623629,-0.42122287325113567,-0.3415917848722193,0.3308364779038351
Qinghai-Tibet,1993,Winter,-0.21014842383529747,5,0.05106355718348607,0.7208522750761986,-0.3094862815747271,-0.1486393950996987,0.07717227539065102
Qinghai-Tibet,1993,Spring,-0.18710844331088267,5,-0.30559197817327644,0.5059727199610993,-0.3656941749043555,0.0394456893400755,0.20227096714424236
Qinghai-Tibet,1993,Summer,-0.26608812341674276,5,-0.6606678603101842,0.8126603677221795,-0.4420865178330614,0.21054811537021303,0.3744260134114984
Qinghai-Tibet,1993,Autumn,-0.19252779236177048,5,-1.0279637371015495,0.15500337299235079,-0.48200480745466456,0.4187400584125026,0.28359289732720966
Qinghai-Tibet,1994,Winter,1.1171703765320526,5,0.21539674216507923,-0.7977824840138448,3.2466664062860415,0.6576542467745083,0.6683520034207889
Qinghai-Tibet,1994,Spring,0.06845785782887084,5,-0.3203055717426218,-0.38667071468598835,-0.16642991688992484,0.6714372006353173,-0.22908313754440482
Qinghai-Tibet,1994,Summer,0.10156549362180087,5,0.00418146650485612,-0.08123372241452018,-0.3908668593548596,0.7507670331031625,0.06251210544132516
Qinghai-Tibet,1994,Autumn,0.16923405777790224,5,0.07424506942284702,-0.3205533401673623,-0.47510846050402394,0.8073385952215567,0.1191417445817691
Qinghai-Tibet,1995,Winter,-0.3196581466156085,5,-0.9339091279103746,1.2639622223900646,-0.00680392140986715,0.6637278137657995,-0.05734327513353517
Qinghai-Tibet,1995,Spring,0.2658030830967513,5,0.7714954149320066,0.049757982639833255,-0.34845735852756693,0.29014707128126277,0.6655882704378874
Qinghai-Tibet,1995,Summer,-0.15363148279313563,5,0.06847610873283068,0.19461515130075707,-0.55202806461455,-0.13951222069419253,0.04952191391099076
Qinghai-Tibet,1995,Autumn,-0.15725913883687587,5,0.1676704832041815,-0.4288367171828277,-0.44320723680393526,-0.6861160251259238,-0.2534796326415293
Qinghai-Tibet,1996,Winter,-0.20103964688948003,5,-0.738195517224059,-0.024068130435386855,0.15047491994866496,-0.5411332007482776,0.0995874331408846
Qinghai-Tibet,1996,Spring,0.08451757972545061,5,0.17432093636838097,-0.019515767243228087,-0.21421526672395672,-0.2654572593959285,0.7084237211355292
Qinghai-Tibet,1996,Summer,-0.30656247496304934,5,-0.37718715155103405,0.1985748704192752,-0.45984359579906825,-0.046069823415136275,-0.45113693363073304
Qinghai-Tibet,1996,Autumn,0.08376901766646563,5,0.16900659947124705,-0.2633317905651889,-0.39356153686316064,0.24020624557559636,0.1398619895834565
Qinghai-Tibet,1997,Winter,-0.4980224295416833,5,-0.9842534128406234,0.32683007071026776,-1.2839420526069976,0.4560709041044976,-0.35115751565502556
Qinghai-Tibet,1997,Spring,-0.2743240451433551,5,-0.7507166009708689,-0.3770774437547074,-0.34398294665453555,0.21820759227161882,-0.8722057141176974
Qinghai-Tibet,1997,Summer,-0.579541826216677,5,-0.5174394278114144,1.1870953156164732,-0.6952700452501078,-0.07721461341538562,-0.4206897289900044
Qinghai-Tibet,1997,Autumn,-1.0024007008795208,5,-1.4306025056639,2.3995941692567513,-0.30888503208654305,-0.4541892734227472,-0.41873252396766314
Qinghai-Tibet,1998,Winter,-0.5540400444387984,5,-0.7782873086939684,0.3028050611499858,-0.5355888142277526,-0.3572111180747394,-0.7963079200475458
Qinghai-Tibet,1998,Spring,0.11768564509626915,5,1.1323459495066608,-0.587485413645513,-0.348324329621174,-0.2855469735657582,-0.4975318344838959
Qinghai-Tibet,1998,Summer,0.10072752579386542,5,0.6642251378451256,-1.3278347819818317,-0.34315141422902595,-0.2936036993316813,-0.851667177296923
Qinghai-Tibet,1998,Autumn,0.37063848352332673,5,2.367243903100678,-0.7140789632253748,-0.1575155404551309,-0.28605299418711333,-0.7845619140671749
Qinghai-Tibet,1999,Winter,0.46478732687034485,3,0.9260406129388916,-1.1377628596881553,,,-0.6694414920160122
Qinghai-Tibet,1999,Spring,0.9787710513930076,3,2.2884108910477416,-1.0404004813308267,,,-0.39249821819954583
Qinghai-Tibet,1999,Summer,-0.0912870786704199,3,-0.04024498253823958,-0.5322191862919075,,,-0.7658354397649275
Qinghai-Tibet,1999,Autumn,0.13777373835833584,3,0.3195011939118971,-1.0526796561255247,,,-0.9588596349624142
Qinghai-Tibet,2000,Winter,-0.8449644382300169,3,-1.358274801251959,0.30492050650915836,,,-0.8716980069289333
Qinghai-Tibet,2000,Spring,-0.42405251839249625,4,-0.7158947254381797,0.24081093631092462,0.6985384150113417,,-1.4380428268322225
Qinghai-Tibet,2000,Summer,-0.10668872729989792,4,0.19696623407925312,-0.41273967273309187,0.22903554869375495,,-1.2654963647056916
Qinghai-Tibet,2000,Autumn,-0.11141464526754463,3,0.007502804120175656,-0.13742683398451552,,,-0.47917357390732507
Qinghai-Tibet,2001,Winter,0.06313339489522674,3,0.35066397394167187,-0.6981811284668692,,,-0.8594449177228608
Qinghai-Tibet,2001,Spring,-0.9541338300804156,3,-1.3108112399619076,0.33721752527689713,,,-1.2143727250024423
Qinghai-Tibet,2001,Summer,-0.14455964749611983,4,-0.18860918667962778,-0.6931176765518209,0.15904217537800103,,-1.2417892552346734
Qinghai-Tibet,2001,Autumn,0.20683545616807444,3,0.40850666078851683,-1.40876036260659,,,-1.1967606548908836
Qinghai-Tibet,2002,Winter,-0.12052714298925145,3,0.08572850362153835,-0.8019083365572525,,,-1.2492182691465452
Qinghai-Tibet,2002,Spring,-0.20004310496957436,3,0.2841706537936947,-0.11418940478567383,,,-0.9984893734880916
Qinghai-Tibet,2002,Summer,1.0204541087340078,4,0.6100937341725884,-0.6599142515050913,3.906857132726099,,-1.0950486834677475
Qinghai-Tibet,2002,Autumn,-0.5339871161754639,4,-0.7901891006097269,0.31839912565717765,-0.17309363598072142,,-0.8542666024542298
Qinghai-Tibet,2003,Winter,-0.11556266650155572,4,0.4493051831693189,-1.0832289589400361,-1.0377856567168935,,-0.9569991513986844
Qinghai-Tibet,2003,Spring,-0.14691855996927355,4,0.40505118229981696,-0.290162554658634,-0.46743548077500857,,-0.8154524960605366
Qinghai-Tibet,2003,Summer,-0.06007145831159327,4,0.2778793769007319,-0.8887687828309125,-0.3770097985290127,,-1.029924194449005
Qinghai-Tibet,2003,Autumn,0.5156633470575667,4,1.517174944298023,-1.3279784761930957,-0.21812893735914976,,-0.5643710949017022
Qinghai-Tibet,2004,Winter,-0.42736330615390916,5,-0.7045879365152906,-0.49469846990032046,-0.4286844946736261,-0.14940751339290512,-1.3488350560880442
Qinghai-Tibet,2004,Spring,0.34641264247554737,5,1.5545260283037425,-0.9443150005504684,-0.14640546307007077,-0.06106370650285526,-0.5593086469035483
Qinghai-Tibet,2004,Summer,-0.3585118403441149,5,-1.034867501285202,-0.04523991065135429,-0.2290525998371613,-0.01620287483938326,-0.557676136410182
Qinghai-Tibet,2004,Autumn,-0.34040215193720985,5,-0.690231801556217,-0.06674058352611212,-0.23909749684919476,0.042750387655325864,-0.8821724324620753
Qinghai-Tibet,2005,Winter,-0.29703429689755284,5,0.753095861136927,-0.910714150049148,-0.3912738062474827,-2.121948420260853,-0.6357592691655034
Qinghai-Tibet,2005,Spring,-0.6548831677183236,5,-0.1829249310562147,-1.196415556511954,-0.19867544884479812,-2.9754699532510385,-1.1137610619515208
Qinghai-Tibet,2005,Summer,-0.36833412585518904,5,0.7327079107813109,-1.270080559033064,0.019388052474497607,-3.089217875935641,-0.7746292756291769
Qinghai-Tibet,2005,Autumn,-0.7600455497513458,4,0.05283936932777337,-0.9181076262742868,,-3.0472112658350023,-0.9639179287724406
Qinghai-Tibet,2006,Winter,1.4167985871255462,3,3.2125268004103424,-1.3339029291102726,,,-0.29603396814397703
Qinghai-Tibet,2006,Spring,-0.33698652065016144,3,-0.28631824840391645,-0.3735794277681498,,,-1.0982207413147176
Qinghai-Tibet,2006,Summer,0.6751048904115073,4,2.737762729886302,-1.395090397414571,-0.38181130563964244,,-1.050622260015201
Qinghai-Tibet,2006,Autumn,0.17067212882450997,3,0.6269199271720044,-0.9656416262090238,,,-1.0805451669074984
Qinghai-Tibet,2007,Winter,-0.21249867000055964,3,0.008714689364843452,-0.5807223359146588,,,-1.2269330352811811
Qinghai-Tibet,2007,Spring,0.64582297421028,3,2.0081051231761595,-1.0408417507189622,,,-1.1114779512642816
Qinghai-Tibet,2007,Summer,0.4492149154138072,4,0.8346970957708588,-0.6356901446222487,1.0116039845716653,,-0.6851315633095441
Qinghai-Tibet,2007,Autumn,0.375164560894723,3,1.4139974682252368,-0.6582942879525113,,,-0.9467980734935788
Qinghai-Tibet,2008,Winter,-0.3409502416444104,3,0.6475364047301684,1.0468965907131638,,,-0.623490538950236
Qinghai-Tibet,2008,Spring,-0.0331996098449386,3,-0.21611475773938565,-1.6689993165059642,,,-1.5524833883013944
Qinghai-Tibet,2008,Summer,-0.3696588620378245,4,-0.7391401107943424,-0.11172969092529293,0.08834211251799572,,-0.9395671408002442
Qinghai-Tibet,2008,Autumn,0.39117450167127343,4,0.7171633781400454,-0.5140870826957105,1.288031255663509,,-0.954583709814171
Qinghai-Tibet,2009,Winter,0.9316823490365055,3,2.0031604048837597,-1.4438228267447026,,,-0.6519361845189461
Qinghai-Tibet,2009,Spring,0.5188663859020362,3,1.6453076944250073,-0.9204113315266258,,,-1.009119868245525
Qinghai-Tibet,2009,Summer,0.5438827679654183,4,1.6549707845009363,-1.273051384157587,-0.04006619362575276,,-0.7124249031710967
Qinghai-Tibet,2009,Autumn,0.7574928532872868,3,2.322176336891598,-0.6140855919599006,,,-0.6637833689896385
Qinghai-Tibet,2010,Winter,0.4620666080945101,3,0.9638287987513678,-1.1658694325533163,,,-0.7434984070211538
Qinghai-Tibet,2010,Spring,0.7452030537823017,3,1.6222024003649589,-1.102664545215203,,,-0.4892577842332571
Qinghai-Tibet,2010,Summer,0.9332285954421384,4,2.8960086178876296,-1.910344950144857,0.1872392809051704,,-1.2606784671691027
Qinghai-Tibet,2010,Autumn,0.4221910891321447,3,1.2278566342584998,-1.309194434963328,,,-1.2704778018253937
Qinghai-Tibet,2011,Winter,-0.3257952552639116,3,-0.14315316725403543,-0.13331566961304672,,,-0.9675482681507461
Qinghai-Tibet,2011,Spring,-0.3403948465549072,3,0.4191374469772696,0.19521871789654,,,-1.2451032687454513
Qinghai-Tibet,2011,Summer,0.1231592672469023,4,1.1088977020703998,-0.4115807331510492,-0.0669157027134691,,-0.9609256635203709
Qinghai-Tibet,2011,Autumn,0.5204081716239782,3,2.103616707658825,-0.6393979744007222,,,-1.1817901671876123
Qinghai-Tibet,2012,Winter,-0.01678078209520299,3,0.3311381054887269,-0.6275980595454903,,,-1.0090785113198262
Qinghai-Tibet,2012,Spring,-0.021675769146286605,4,0.27657654253490477,-0.5987493013805626,0.43998634405417597,,-1.4020152645547899
Qinghai-Tibet,2012,Summer,0.3393975183181308,4,0.8986226044548861,-1.693528728788018,0.07483413302409272,,-1.3093953929944737
Qinghai-Tibet,2012,Autumn,-0.27058885169289554,3,-0.447315928827428,-0.04477858931477008,,,-0.40922921556602876
Qinghai-Tibet,2013,Winter,0.37240192227549396,3,1.1794674547822568,-0.39883012956558955,,,-0.4610918175213646
Qinghai-Tibet,2013,Spring,0.3238598820422744,3,0.7419702214473497,-1.6021713202946892,,,-1.3725618956152157
Qinghai-Tibet,2013,Summer,1.7349082696537375,3,3.749655425021702,-1.4164352816138361,,,0.03863410232567433
Qinghai-Tibet,2013,Autumn,-0.027481918882360606,3,0.04748869614341408,0.5766874023460148,,,0.44675294955551886
Qinghai-Tibet,2014,Winter,0.2832386459017872,3,0.42668555152737275,-0.16841777911462644,,,0.25461260706336236
Qinghai-Tibet,2014,Spring,0.46755274539482544,3,0.5532141497139006,-1.3434367843685178,,,-0.4939926978979418
Qinghai-Tibet,2014,Summer,0.870329109104404,4,1.2937699318419638,-0.763495415444105,1.1479634509613186,,0.27608763817022874
Qinghai-Tibet,2014,Autumn,1.0937648317099211,3,1.0830017371866687,-1.1626345387326928,,,1.035658219210402
Qinghai-Tibet,2015,Winter,0.5394454544024206,3,1.0366003396403591,-0.27499149560532327,,,0.3067445279615797
Qinghai-Tibet,2015,Summer,0.3174386366981006,4,0.7039970307519934,0.6857992129681566,0.9909154012704188,,0.2606413277381468
Qinghai-Tibet,2015,Autumn,1.6886832376850078,3,3.104051549349644,-1.1852749006317105,,,0.7767232630736693
Qinghai-Tibet,2016,Winter,0.1256364054803914,3,0.11640796367956172,-0.09172310780942913,,,0.16877814495218335
Qinghai-Tibet,2016,Spring,0.5061526838343567,3,1.1572971780776018,-1.2238861747153824,,,-0.8627253012899139
Qinghai-Tibet,2016,Summer,1.7285120726990513,3,3.6629860877099363,-1.6383203465940444,,,-0.11577021620682677
Qinghai-Tibet,2016,Autumn,1.5794991528632616,3,2.6248480010504363,-1.5759080524158668,,,0.5377414051234807
Qinghai-Tibet,2017,Winter,1.2478548133998772,3,2.929535332367381,-1.3548324860362542,,,-0.5408033782040035
Qinghai-Tibet,2017,Spring,0.013999018789215056,3,0.3506342203092204,-0.5704139534561831,,,-0.8790511173977583
Qinghai-Tibet,2017,Summer,1.1125810466536161,4,1.5086413781540504,-1.0578264151029164,2.1245303996962996,,-0.24067400633880193
Qinghai-Tibet,2017,Autumn,1.3741690567603981,3,2.9263737912484453,-1.223548228903923,,,-0.027414849871174155
Qinghai-Tibet,2018,Winter,1.1301887933018406,3,2.4191519377062054,-0.9229653361038951,,,0.048449106095421746
Qinghai-Tibet,2018,Spring,0.611414514577726,3,1.6320361444862554,-1.3170944378694367,,,-1.114887038622514
Qinghai-Tibet,2018,Summer,1.421816354426203,4,2.537632926180359,-1.792071122455017,1.5699261744767103,,-0.21236480540727462
Qinghai-Tibet,2018,Autumn,0.2968714825213511,3,0.6636873349967867,0.12243518849458301,,,0.3493623010618496
Qinghai-Tibet,2019,Winter,0.05872751155178758,3,-0.051358119330681205,-0.3123407108249749,,,-0.08480005683893097
Qinghai-Tibet,2019,Spring,0.4131675864809798,3,1.149264305079717,-1.0134884072009458,,,-0.9232499528377238
Qinghai-Tibet,2019,Summer,1.0823584720310424,4,2.293988992719611,-0.8722745826020141,0.6669877696443064,,0.4961825431582379
Qinghai-Tibet,2019,Autumn,1.7809051811294296,3,3.2330123938414936,-1.2480423338582296,,,0.8616608156885663
Qinghai-Tibet,2020,Winter,0.18207068313037292,4,-0.1478123790567099,0.022082300600560392,1.7807499376600484,,-0.8825725254812865
Qinghai-Tibet,2020,Spring,-0.08431676634339777,4,0.02088156988875825,0.042527445890280964,0.7846030506016857,,-1.100224239973754
Qinghai-Tibet,2020,Summer,1.1518674953058348,4,2.116749180913946,-1.4659486820396574,1.3316331890895012,,-0.3068610708197661
Qinghai-Tibet,2020,Autumn,1.9639540843545846,4,4.908688595813575,-1.8159462747520938,0.8413526824411729,,0.28982878441149673
Qinghai-Tibet,2021,Winter,0.4697438080314787,4,1.8081546486587865,-0.8898281555794044,-0.6807368808019695,,-0.1382706913103064
Qinghai-Tibet,2021,Spring,0.6454070186306332,4,1.2205743727180638,-1.673987024320155,0.506727840811744,,-0.8196611633274297
Qinghai-Tibet,2021,Summer,1.6636578342359356,4,2.761547495230454,-1.7635308147809492,2.1056386861363765,,0.023914340795961636
Qinghai-Tibet,2021,Autumn,1.2973044666627571,3,2.8469459093683454,-0.8595985180525099,,,0.18536897256741613
Qinghai-Tibet,2022,Winter,-0.5242002944267008,3,-0.664108882348335,0.4888388633317661,,,-0.4196531376000012
Qinghai-Tibet,2022,Spring,1.1508055835616928,4,3.6048048394308236,-1.11531791210382,0.597891297577463,,-0.7147917148653348
Qinghai-Tibet,2022,Summer,2.3172908628637883,4,6.308576032972117,-1.68763497395956,0.7572461677746849,,0.5157062767487901
Qinghai-Tibet,2022,Autumn,1.4137598182973086,4,3.1395698371758503,-1.1423537192843676,0.8643085158224434,,0.5088072009065733
Qinghai-Tibet,2023,Winter,0.45356156174276235,5,1.8267120019408363,-0.7625694934076164,0.34702386357748505,-1.2043989384690799,0.5359013882569537
Qinghai-Tibet,2023,Spring,0.14979634905953798,5,0.7994327964578124,-0.9088829971179705,0.1700686124780481,-1.0371934223785313,-0.09220923837760982
Qinghai-Tibet,2023,Summer,1.08775565655609,5,3.3024222697358168,-1.502552393363097,1.1212572448235556,-1.0797619972764811,0.5923083721344619
Qinghai-Tibet,2023,Autumn,1.1222383341363926,5,3.4672805297069016,-1.5916648025305848,0.6691554109932536,-1.068711160670979,0.9518020881222018
Qinghai-Tibet,2024,Winter,0.6218828776401869,5,1.2430208148987232,-0.8506641245143048,1.199525442465913,-0.8465679627756943,0.6627719690976879
Qinghai-Tibet,2024,Spring,0.5970752288317159,5,2.3119902895362716,-1.9618903445540294,0.18715115051419756,-1.2012028301823747,-0.2744528102635443
Qinghai-Tibet,2024,Summer,1.1777087013909082,5,4.509861991853555,-1.9950846446108723,0.8271993380445549,-1.623277319244463,0.17967485169002115
Qinghai-Tibet,2024,Autumn,1.7639003943151885,5,6.999729290163807,-1.5959767368896893,1.1788472480851953,-2.0693162995796204,1.1142649960168691
Qinghai-Tibet,2025,Winter,0.8067560304194297,4,1.8251205666981831,-1.0961523702693625,-0.09797784545463185,,0.40372903016480516
Qinghai-Tibet,2025,Spring,0.5491522219667309,4,1.7139425429116348,-0.7399890783384734,0.11253239475476574,,-0.3698551281379504
Qinghai-Tibet,2025,Summer,1.752520905519431,4,4.48183474111585,-1.47616718211398,0.3610915215908453,,0.6909901772570494
South,1981,Spring,1.3031941385102894,4,-0.04384734297343163,-0.40632525555321825,3.987846142947204,,0.862452498514167
South,1981,Summer,0.7555149527060633,4,0.4871249908801595,0.344145850386193,0.2637523578379642,,2.6153283124923226
South,1981,Autumn,0.18699909343490273,4,-0.7862924441436325,2.246883497319072,1.5905931231750605,,2.190579192027255
South,1982,Winter,-0.0942076917176084,4,-0.6753340057617945,0.4238666870070802,,-1.1173812714526106,1.8397511973510519
South,1982,Spring,-0.4486655140357855,5,-1.2096657366257453,0.8270947285140872,-0.029069936765067996,-1.3089642720615788,1.131467103787552
South,1982,Summer,-0.7406085568113007,5,-1.0708988045643675,1.7473095909405036,0.10804347482219209,-1.398437411574965,0.4055595482011409
South,1982,Autumn,-0.32389837640437513,5,-0.6890348625508331,-0.7552045813389175,0.3080924983186331,-1.3706575904980554,-0.623096508630538
South,1983,Winter,0.03256700073512784,5,-1.4650017867139464,1.3078844891817083,2.2795119049500423,-0.8388436562445253,1.4950530308657766
South,1983,Spring,0.42070958537039804,5,-0.24394815806841433,-0.02628460087050036,0.7024002809607467,-0.6148893594707368,2.233700562559894
South,1983,Summer,0.3983259884182626,5,0.41269779980069204,-1.106238217625964,-1.1648926029615094,-0.3082388235431257,1.9458253511692922
South,1983,Autumn,0.4289490825721785,5,0.5972540470824061,-1.1417341648689632,-0.48216476555663795,0.006036050716503057,0.8818859157496577
South,1984,Winter,-0.9261460859297188,5,-1.7986432263976568,2.91728881184569,-1.0345867224970051,0.19300535311791184,0.9267829779738461
South,1984,Spring,-0.2702678528303562,5,-1.550865135888174,0.28547368065428796,0.34078757286941835,0.05356686494226142,0.09064511457900128
South,1984,Summer,-0.1503113182830443,5,-1.1735806168931937,-0.2235568150149038,-1.0284704783253844,-0.08391646294478176,1.3108541517332348
South,1984,Autumn,-0.33596775637337645,5,-0.7237167580264061,0.2802395841974382,-0.4696195042803534,-0.20698829447440958,0.0007253591117250441
South,1985,Winter,-0.2825127190501648,5,-0.6076268168140864,0.9778131550045313,0.37274413616301344,-0.2728001935394942,0.07293243394427437
South,1985,Spring,-0.6597658458150922,5,-0.8373000786901168,2.0149436476474074,-1.0250175286367877,-0.43379100216255806,1.0122230280614086
South,1985,Summer,-0.6597608801836632,5,-1.3502138821948089,0.15631977897601446,-0.9503139767419628,-0.5635476090840199,-0.27840915392150967
South,1985,Autumn,-0.08237965532035699,5,-0.46176450007635556,-0.13037237464700094,-0.16480066331110363,-0.640822220602667,0.7251167327413404
South,1986,Winter,-0.5907827065960898,5,-1.4287493644721287,0.9949785066581032,-0.7007459723154315,-0.7406164603724487,0.9111767708376637
South,1986,Spring,-0.1678044809415804,5,-0.6257284922430043,-0.30506776629164717,-0.14309951080856084,-0.7971752015269968,0.4219130335790126
South,1986,Summer,-0.6665379539124696,5,-1.1208411674840306,-0.1864856120538504,-0.7906070347297004,-0.7856055461858933,-0.8221216332165742
South,1986,Autumn,-0.5326628291143706,5,-1.5189544926861127,1.141182864924261,-0.30137697485388815,-0.7116181761108606,1.0098183630032695
South,1987,Winter,0.15131110204234596,5,0.5728352696390048,-1.2213822961063123,-0.94338820445188,-0.588775658294055,0.4945018072123479
South,1987,Spring,0.3607748771535443,5,0.7644438157176685,0.25952565969373453,-0.17905864228563287,-0.5984771053877801,2.0764919774172004
South,1987,Summer,-0.4283326737155151,5,-0.23437296493443754,0.6130085972421199,-1.0220721423731132,-0.5470657759855625,0.2748561119576574
South,1987,Autumn,0.18111110497344315,5,1.0512899292274696,0.9821223392332994,0.09868842147073871,-0.4546094614728555,1.1923089748751625
South,1988,Winter,0.01896495828140852,5,-0.11355084249670115,0.5065738181107907,-0.12456813350621039,-0.31084684800318857,1.1503644335239334
South,1988,Spring,-0.35511942154864656,5,-0.017120861251924628,1.9605189657429885,-0.40161268649634074,-0.3037499731630433,0.9074053789110647
South,1988,Summer,-0.1070110925503243,5,0.9445488729279293,-0.15641175675610658,-0.9381485682519268,-0.2697250592479355,-0.42814246493579516
South,1988,Autumn,-0.08708987058170285,5,-1.128081999041919,0.33174302281111295,0.31628524091777693,-0.2159477555174458,0.9240381835441865
South,1989,Winter,-0.10129431197089427,5,-0.5712877201727474,0.3092591288720315,0.21841512611955036,-0.16522143994058908,0.32088160301134633
South,1989,Spring,-0.3239936310417723,5,-1.3109674184273858,0.0467229546475426,-0.05330912547862917,-0.3177019806502708,0.10873332399496655
South,1989,Summer,-0.5110259597455016,5,-0.13395746968183356,1.4918371290203278,-0.7740418156163206,-0.44923950252575967,0.2939461181167334
South,1989,Autumn,-0.15225456192811487,5,-0.4244491323802716,0.24286636460796596,-0.529342263589745,-0.5373715623915998,0.9727565133290079
South,1990,Winter,-0.023791798264130203,5,-0.7726359812305841,-0.4703940041055119,0.9674331844231979,-0.43204174549182883,-0.35210845312694794
South,1990,Spring,-0.3828634349413381,5,-0.985299362183163,0.4627368628474436,0.3658563386975473,-0.43565454464790665,-0.3964827437257244
South,1990,Summer,0.3449558463364199,5,-0.008908397290581314,-0.8778480026618953,-0.35230063731428257,-0.44593964004177555,1.6540799036668439
South,1990,Autumn,0.264820741656067,5,-0.2234853625544886,-1.0639313406044988,0.9722930365900597,-0.41985324990870515,-0.0687820564510297
South,1991,Winter,-0.05605541159571527,5,-0.25469717853205454,-1.2299293641997628,-0.15793484112323627,-0.4020836975832284,-0.6954907049398199
South,1991,Spring,0.2795902857965452,5,1.9074743862408534,0.7569195981936244,-1.056366745883229,-0.49196259875993353,1.7957259855786598
South,1991,Summer,0.23394717423844336,5,0.09382939804216446,-0.7638994846030457,0.10005794536207487,-0.5475461986294896,0.7594952418144213
South,1991,Autumn,-0.5722136626098079,5,-1.2169625226250544,-0.03253094022196741,-0.09882069691556795,-0.5560731087049424,-1.0217429250254417
South,1992,Winter,-0.2500912086165319,5,-0.49038477573378414,-0.00039931105301573954,1.4569138514900033,-0.4270476028074258,-1.7903368270844684
South,1992,Spring,-0.4195260879937381,5,-1.1911272638311377,0.5877958752779535,0.7890871368625082,-0.23919087020969812,-0.8686035675124091
South,1992,Summer,-0.6134078673166833,5,-0.7525955718567967,2.235048475868864,-0.24203485886505693,-0.0027590256964765613,0.165398595703777
South,1992,Autumn,-0.3159895081616627,5,-0.4728305522383301,1.1128222572187738,-0.6600614924088024,0.22069516315624935,0.4450715979013428
South,1993,Winter,0.0446799648921251,5,0.35788321602387196,0.3581697499908727,0.336379085353111,0.3296449491211991,-0.4423376760466839
South,1993,Spring,-0.1777990440589662,5,-0.6140058994654863,0.17523100715138498,-0.23399413321245596,0.077530044610742,0.056705774923754164
South,1993,Summer,-0.1218833189944053,5,-0.29658161960015095,-0.813279678981309,-0.2887648722466573,-0.19267811865351528,-0.644671663453012
South,1993,Autumn,-0.5486563858382861,5,-0.847901997061831,1.3939627046255123,0.16908442385012162,-0.4323345185365027,-0.23816713281770596
South,1994,Winter,0.07698888808840917,5,-0.08343720465498473,-0.3143818221532178,-0.4110165402944484,-0.44506256868716326,1.0100789319254244
South,1994,Spring,0.1371149202563267,5,1.0238167193175947,-0.8010919908928391,-0.3402414802418308,-0.36620688867721274,-0.4328857400097567
South,1994,Summer,-0.3705180675147324,5,-1.0573727608218377,0.7704466020531617,0.48405423240278433,-0.23500239156148992,-0.2738228155399569
South,1994,Autumn,-0.422655050860695,5,-0.7046627343781092,0.5509190656702014,-0.3467022430818301,-0.09225801202841329,-0.4187331991449211
South,1995,Winter,0.28347158414425244,5,-0.40996466945660864,-0.8352171895026115,1.454311859435086,0.04048892121095625,-0.502695379970783
South,1995,Spring,-0.4171989426632214,5,-0.6449188238577559,-0.44521550996778436,-1.1265208432659373,-0.07491400858908814,-0.6848565475711101
South,1995,Summer,-0.1457516970866976,5,-0.7801806476746709,0.6937102965989599,0.3883832809738694,-0.21257048951315832,0.5693196673794317
South,1995,Autumn,-0.19693890804714398,5,-0.8939077502678693,-0.25437824272231374,0.21101511479025326,-0.3254782494638744,-0.23070189801654312
South,1996,Winter,-0.29177191576570516,5,-1.0633057516705222,0.8920594655695498,-0.09213682831721742,-0.31467934733529807,0.9033218140640621
South,1996,Spring,-0.6368163708600253,5,-1.2731307897074429,2.9106074868679044,0.24722190337621208,-0.31241244491009074,1.0648469638090994
South,1996,Summer,0.07281101912742358,5,-0.5497958463544671,-0.7541506556544003,-0.43441488208351947,-0.2716189459558064,0.8657341143765106
South,1996,Autumn,0.23574815499782376,5,0.0010450450821270587,-1.1855863098392778,-0.0979479446838134,-0.21129889313093553,0.30135625788246284
South,1997,Winter,0.06343117064445616,5,-0.484454288183035,-0.6591370659307911,0.4440252201256503,-0.41239050710136343,0.11083836245023779
South,1997,Spring,-0.07035275282800815,5,-0.3440161812237161,-1.1299724600603225,0.024034493043822013,-0.5982252231955605,-0.5635293128249086
South,1997,Summer,-0.8318700091363803,5,-1.0462008006424406,1.567002712353472,-0.08948252366345319,-0.7508680563284713,-0.7057959526940641
South,1997,Autumn,-0.5977951740166718,5,0.02470566365181684,1.2161233075150932,-0.294800556645542,-0.8347142995362425,-0.6680433700382983
South,1998,Winter,0.4886141983567559,5,1.5529395528333798,-0.5587205697336098,0.6766257329213793,-0.5798984558674303,0.23468359216284151
South,1998,Spring,0.411722112509219,5,2.2242491944304974,-1.0146848356412699,-0.5048353653125828,-0.41603664731932555,-0.259451454893764
South,1998,Summer,0.7903483236188493,5,2.9057079950568028,-1.3805933321409458,-0.22534558466285168,-0.26589182779736553,0.15667770335671471
South,1998,Autumn,0.3582412619909599,5,0.8887769045888854,-1.7178083676704539,0.26791564672955503,-0.10278488049309233,-0.9805097285410026
South,1999,Winter,0.9658597038898483,3,1.8304175290003495,-1.1324728519355125,,,-0.06531126926631729
South,1999,Spring,0.11866974531198338,3,0.7090700183613675,0.21881335799899357,,,-0.1342474244264238
South,1999,Summer,-0.5851828831394635,3,-0.9256478301578308,0.03818774433601253,,,-0.7917130749245472
South,1999,Autumn,0.3045251859672554,3,0.16717178763371865,-0.7627405820676214,,,-0.016336811799573775
South,2000,Winter,0.42971384769751997,4,-0.357100528603108,0.403535017836812,0.604119947061342,,1.875370990168658
South,2000,Spring,-0.0827377968544076,4,-0.9121898997704154,-1.3233731079538307,0.0790114795684219,,-0.8211458751694676
South,2000,Summer,-0.17141955290146318,3,0.19101785263874627,0.920170631412077,,,0.21489412006894112
South,2000,Autumn,0.613613962071616,3,0.4716383426744923,1.0265643485958171,,,2.3957678921361727
South,2001,Winter,0.9755494789863483,3,0.8728554647436211,-1.454812377821064,,,0.5989805943943596
South,2001,Spring,-0.15511027783742737,4,-0.38418489285609025,-0.9434425587313947,0.699969466194982,,-1.8796682434199958
South,2001,Summer,-0.06733747421700859,4,-0.4586310651598733,0.1411543864013516,1.7515076683204664,,-1.421072113627276
South,2001,Autumn,-0.2731832815435109,3,-0.01986784012056857,-0.46279074553154353,,,-1.2624727500415076
South,2002,Winter,-0.05589920569076775,3,0.43867990919705296,-0.972733182026994,,,-1.5791107082963503
South,2002,Spring,0.633508233373563,3,1.6421855875460887,-1.1434671275686887,,,-0.8851280149940883
South,2002,Summer,0.0022907407648036227,4,-0.09241681468236791,0.9507476037923915,2.8520754001164748,,-1.7997480185825008
South,2002,Autumn,-0.6214073961868745,4,-0.788360145653621,1.1045241188706538,0.55987707956567,,-1.1526223997888931
South,2003,Winter,0.29445014771734285,4,1.3037009374769424,-0.2522590939029719,0.3327062339228463,,-0.7108656744333892
South,2003,Spring,0.4197172632457164,4,1.0195516486089466,-1.3620249475636415,-0.6176211110745156,,-0.08508643211520693
South,2003,Summer,0.8027390492602584,4,1.821606981209019,-1.7508355289057136,-0.5874739045088736,,0.22598759143517516
South,2003,Autumn,0.07955729068007204,4,0.7369728952649651,-0.3932425931806015,-0.44308332547180834,,-0.36890300025347017
South,2004,Winter,-0.458101619945343,5,-0.5994810808879436,-0.17288625123162235,-0.4699912463512614,0.47728793285696086,-1.8712099565760931
South,2004,Spring,-0.06907531670549008,5,0.19101124138262035,-0.8836849737336645,-0.7758911732461378,0.6425189669339958,-1.2867005923315933
South,2004,Summer,-0.3153868962590926,5,0.08799077918038932,0.11035687880649345,-0.8135721258985185,0.7215553360790576,-1.4625515918498981
South,2004,Autumn,-0.4432005773854016,5,-0.6326728585585645,-0.08239344753466016,-0.8672437674764827,0.7382573433685948,-1.536737051795216
South,2005,Winter,-0.3647477865894349,4,0.009331931334733593,0.576078394784138,0.4759152065300751,,-1.3681598894384104
South,2005,Spring,0.09225213066343013,4,0.6157138446620167,-0.5613900449108195,0.1721252891237317,,-0.9802206560428472
South,2005,Summer,0.3224601750077698,4,0.20833726656163604,-0.48218424403417254,0.7509165865663013,,-0.15159739713103065
South,2005,Autumn,0.10793676886354125,4,1.9957335124945395,-1.599730004393044,-2.3741028533020327,,-0.7896135881313857
South,2006,Winter,-0.24408127273768515,4,0.03041339409365375,-0.10179061440540534,-0.7427683493747014,,-0.3657607500750983
South,2006,Spring,0.060936842428113105,4,0.7735647226628507,0.3781621411875265,0.0999701618244615,,-0.2516253735873333
South,2006,Summer,0.5137486762330215,4,0.8692901364418286,-0.6708435797727531,1.4061388966328023,,-0.8912779079152982
South,2006,Autumn,0.33171527706979026,4,1.8680200904755655,-0.9975622046156108,0.15390527997559972,,-1.6926264667876147
South,2007,Winter,-0.10265252111431518,5,0.4657581029789473,-1.335998928443775,-1.4171243266850273,-0.09106494251104064,-0.8068303677982301
South,2007,Spring,-0.14806557538605242,5,1.0885641763409362,-0.07073144665265291,-0.9591573950903428,0.03704138667162277,-0.9775074915051313
South,2007,Summer,0.6986616322604028,5,1.233293668686048,-1.7770784529268362,0.7522451918647759,0.1883277685593547,-0.4576369207350011
South,2007,Autumn,-0.29930374612977406,5,-0.5835844167523216,-0.030024539780798713,-1.6415103870731846,0.3160505787936329,0.3825009546022045
South,2008,Winter,-0.588127896875239,5,-0.24057386781129966,1.8685963122196987,-1.131232218968557,0.7461729236827436,-0.44641000905938344
South,2008,Spring,-0.05446884314668612,5,-0.21300549560134835,-0.762939591953859,-1.3032438184760025,1.750779866504337,-1.2698143601142757
South,2008,Summer,0.5522008198539349,5,-0.757376045968041,0.4737343585177176,2.0515365966161756,2.729517257689951,-0.7889393505506938
South,2008,Autumn,1.7302372674734923,5,2.372635136939172,-1.6839916953245064,1.6329368172359822,3.4345063405297833,-0.472883652661982
South,2009,Winter,0.6366509031520109,5,1.5382978531562879,-0.5675028228354301,-2.496586418575203,3.761648289211205,-0.18760803086766537
South,2009,Spring,1.048764314335009,5,-0.3073215370678506,-0.3521728259940643,1.5378183825702918,3.4956772277885553,0.16547467238998415
South,2009,Summer,0.9918706470190907,5,0.9606158484264653,-0.8564187150760317,-0.2224896566299996,2.91103079262785,0.45377753559510564
South,2009,Autumn,0.7122569911369911,5,1.7599747863690465,0.6364583917486554,-0.5260575962835655,2.125343308480173,0.8384828488679574
South,2010,Winter,0.7264406435795921,5,2.4431159291151436,-0.25608579169339096,0.10297831396488136,1.5905060260307131,-0.7604828429061683
South,2010,Spring,0.1811983920398182,5,0.7489980144611639,0.6473230779153332,-0.2970891517652885,1.252237763280275,-0.15083158786172637
South,2010,Summer,0.16971340645761035,5,1.5935107161098438,-0.4533565604977362,-0.9842859666427523,0.7802197303133755,-0.9942340079901516
South,2010,Autumn,0.5448271109844229,5,0.18131222763208718,0.02761026700393451,3.01694835231491,0.2719214878256685,-0.7184362458466164
South,2011,Winter,-0.13201923811764138,5,-0.7557000800546668,1.560944416851914,1.7182194303381286,0.0650302528810205,-0.12670137690077513
South,2011,Spring,-0.7121178683247146,5,-0.8072653836908713,2.498845188072371,-0.41419539407102307,0.16167691247763794,-0.0019602882669447564
South,2011,Summer,0.4365091967071498,5,1.4027609513124797,-0.7365573138679498,0.20231884571011635,0.2672466967932237,-0.42633782414802
South,2011,Autumn,0.16580029069436314,5,1.1836855488784757,-0.06394058869171344,-0.47077127277285236,0.3454699727722754,-0.2933233840977965
South,2012,Winter,-0.5438445432507277,5,-1.5953065769587456,0.5912710891992393,-0.43006451317794253,0.39850635212769786,-0.5010868890454094
South,2012,Spring,0.40961501979079884,5,1.055354246908944,-1.072956437902052,0.7776382002944494,0.22399467538064619,-1.081868461532098
South,2012,Summer,0.06883968295606782,5,0.025738373077210646,-0.1895919497356837,0.26834785845066,0.022598019268228874,-0.16207778575144416
South,2012,Autumn,-0.4759153893454803,5,-0.1255539835363378,-0.25698987528435535,-0.9392014350280518,-0.16936942185397538,-1.4024419815933917
South,2013,Winter,-0.08635982539857137,5,1.1868251733635529,-0.3908795616665126,-1.2691797203130026,-0.04849352558593294,-0.6918306161239868
South,2013,Spring,1.0489444776285217,5,1.2044858737216035,-0.7881945288730231,4.253963789243653,0.5044246084441814,-1.5063464121398533
South,2013,Summer,0.7905265729843655,5,1.3895367148429791,0.12954778423974453,0.38427991042098414,1.0880035504254664,1.2203604734721423
South,2013,Autumn,0.13021016352005188,5,-0.254394112896521,0.3714420824493946,-0.1789883984311155,1.5516651258966359,-0.09578971451934551
South,2014,Winter,0.11190316634105373,5,-0.39140496082388965,1.3853677892870182,1.1957350884968123,1.7820774021936978,-0.6415239088743336
South,2014,Spring,1.273452704000654,5,0.9741916125430814,-1.2147544507043384,3.9070077675105006,1.5326676963438102,-1.261358007098461
South,2014,Summer,0.39012986277994893,5,1.5240270315648001,-0.8557371934529489,-0.6972109730126808,1.135354907365788,-0.8672588454711115
South,2014,Autumn,0.5451144792694466,5,2.5359396019281806,-1.7309998926849974,-1.2574360067129808,0.669083306537348,-0.9530143980903122
South,2015,Winter,0.04561255979447211,5,-0.1883714314490582,-0.7098477026041434,-0.4963163247499116,0.504934894440467,-0.3020320418732801
South,2015,Spring,,1,,,,0.6913778971532047,
South,2015,Summer,0.39731440394461043,5,2.544024649003885,1.1861914434471401,-0.6161560999705038,0.851246765723858,0.39364814841295287
South,2015,Autumn,0.6931765910658645,5,3.1906614678589613,-0.760168637362537,-0.17938381593708463,0.9338578523451343,-1.2394211863002256
South,2016,Winter,1.3188044293626784,5,0.3057555571413382,0.04477522896536802,4.592966611087508,0.944839535999913,0.7952356715500011
South,2016,Spring,0.5367875463846581,5,1.215989897858604,-0.2758577502776471,1.4569005201719412,0.6602190157017006,-0.9250294520866029
South,2016,Summer,1.0357376697150564,5,3.2961222813898505,-1.357693031474561,-0.13110963958714517,0.2988142680867717,0.3571684072112452
South,2016,Autumn,1.4316584299727628,5,3.7726949078353647,-0.5135897160858625,2.142721192062301,-0.06640154292872598,0.7956878768090124
South,2017,Winter,0.41895661638179105,5,2.5456385731098936,-1.3222596191559568,-2.2220069311029316,-0.12654112328196412,0.5754329440280003
South,2017,Spring,-0.08190913827685782,5,-0.5040901141503317,-0.6121472746430633,0.4681507848230546,0.16167691247763794,-1.1474305491777133
South,2017,Summer,0.6698050773891274,5,1.9240312338341738,-0.3669576793256261,1.0166310429787588,0.4803278030246712,-0.43892237221759256
South,2017,Autumn,1.0347424154055629,5,3.4816191561228016,-0.8522588982475009,-0.2963653070585018,0.7426317914839549,0.39356753823205914
South,2018,Winter,0.34863997780651623,4,-0.2518967262408108,0.4790462467059574,,0.7745538682994823,1.3509490158733508
South,2018,Spring,0.39960006410563975,5,3.1401337453033538,-1.0223624107984184,-3.25102985455005,0.19283579392914205,0.893698225047334
South,2018,Summer,0.3941532679381152,5,0.5176273043094634,-0.3350169120466511,1.0671031624977074,-0.45880744295837494,0.509826403795129
South,2018,Autumn,-0.3287848365597351,5,0.14746605472432725,-0.2210858954186186,-0.637865257002644,-1.037241544223942,-0.3373693317150355
South,2019,Winter,0.9952351216422646,5,3.023842392439666,-0.4456037909190892,0.5857806741608993,-1.1269694210219945,2.0479181717136625
South,2019,Spring,0.9632947820364753,5,1.1024773595873418,-1.222676293837053,3.2477937650323816,-0.5861362423584554,-0.17033726591594328
South,2019,Summer,0.9194677737344626,5,2.8968238437816294,-0.7704946781356261,0.08840512990662126,0.07784126903193704,0.7637739478164991
South,2019,Autumn,0.547860899074834,5,1.4298141143836816,-1.1784747293103934,-1.2174520556599475,0.6985027005159905,0.6499650068240523
South,2020,Winter,1.8495276044909812,5,2.24061818184708,-1.0183516931918033,3.822119246453051,1.09383949523779,1.0727094057251805
South,2020,Spring,1.4954551266374154,5,1.4272110505682716,-0.0688534797546795,4.769769460540243,1.0341255931197475,0.17731604920413482
South,2020,Summer,2.5847261261914904,5,4.066802097335666,-2.411773964599169,2.599752286349909,0.8907062298407925,2.9545960528319157
South,2020,Autumn,1.3629372238618447,5,1.3366763425049841,-0.16974612837405656,2.373291537623428,0.6837930035266693,2.251179107280085
South,2021,Winter,1.2881109162618851,5,1.1415396446816883,0.4950464047612693,0.842809378384142,-0.7773190361983755,5.7285709992032405
South,2021,Spring,2.027175371605289,5,3.082724138415901,-1.327434148512887,4.030614716121283,-1.0550664955668636,2.7501703505432356
South,2021,Summer,2.0030291068932957,5,2.7667590836279,-1.6008300801001083,3.5708953434614243,-1.1489633786590159,3.225624405936062
South,2021,Autumn,2.066544376165993,5,3.223463952962993,0.04391115522769808,5.254511820189569,-1.1453865885885322,3.0440438514936323
South,2022,Winter,1.0748828080641577,5,-0.40951348392982667,-0.08704932993805156,3.797292145938606,-1.0513893043791218,2.950975352753079
South,2022,Spring,1.674212749589156,5,1.2880523066903347,1.245755706880818,7.922842621233631,-1.0439693837267348,1.4498939106293667
South,2022,Summer,1.9675329394248329,5,3.59564159893335,-1.6495579025704339,3.0982831367817316,-0.9339014751512592,2.428083533989909
South,2022,Autumn,2.0136250201927863,5,3.8001311500787844,-0.26566480986670177,1.7272256556554508,-0.7550103626339654,5.03011384799696
South,2023,Winter,1.9966028208443636,5,0.02582861703222182,-0.056323311721445196,3.4741864723809215,-0.21753370393851204,6.644209407025741
South,2023,Spring,1.9270829857405516,5,1.7987849382203502,-0.44348507197495823,4.624407992499006,-0.38931029330580813,3.1580472193142515
South,2023,Summer,2.2316477901215457,5,3.7183994485332788,-1.6637726914821713,2.758087680672582,-0.5348911837341489,3.5528703136538446
South,2023,Autumn,1.7995743323490565,5,3.095159284676382,-0.8656243569302648,2.9507158816575263,-0.6294070288362809,2.7157791673173914
South,2024,Winter,1.915126428277715,5,3.145865431697363,0.6373235739783308,1.2501684838942548,-0.25186761262970647,6.068789412404994
South,2024,Spring,2.2644080077217374,5,2.748652947107474,-1.6347698340196435,4.926531777170564,-0.40736592939066013,2.419451409701665
South,2024,Summer,2.2484616727006688,5,4.493438366212326,-1.608101055988311,2.8908124636797945,-0.5150431630901287,2.764999640713041
South,2024,Autumn,2.544074006141961,5,3.8186128728947164,-2.027411879599272,3.5023140678583524,-0.5753646529670239,3.947395863324486
South,2025,Winter,1.462233787482921,4,-0.7736388886291635,-0.7925653511764799,-0.2207355869885433,,6.050744274372911
South,2025,Spring,1.6427694163428685,4,2.0044253360283815,0.6552393986735936,2.518205158506944,,2.7036865695097427
South,2025,Summer,2.541608203320701,4,2.2009409750350373,-1.123410689726255,3.8865598997295434,,2.955521248791968
Southwest,1981,Spring,1.1086880770316625,4,-0.8123453007725023,0.1968068692176592,4.293672481289496,,1.1502319968273156
Southwest,1981,Summer,1.0616745954688633,4,0.20461214457416457,-0.8622123204090384,2.09626206103883,,1.0836118558534207
Southwest,1981,Autumn,0.9569976664863389,4,0.10393408313164662,1.4557254578470582,3.238996120943191,,1.940785919717576
Southwest,1982,Winter,-0.8294575757306288,4,-0.5843150936389901,0.22229670097248205,,-2.7093135689102605,0.19809506059921766
Southwest,1982,Spring,-1.008937174215874,5,-0.9250804757805616,1.3020033692903028,-0.48140398787104866,-2.8569484955269058,0.5207504573894487
Southwest,1982,Summer,-1.230725272575241,5,-0.9510896960871289,1.4472981285084754,-1.171148064398425,-2.8347898541976777,0.250699380315503
Southwest,1982,Autumn,-0.39610117682456714,5,-0.7856401388564906,-0.11348511529081046,0.8497411770356643,-2.4452144753602223,0.28712243776740237
Southwest,1983,Winter,-0.7172396767200357,5,-1.8457432450392222,2.3014894669626496,0.7340153447441338,-1.3461668584223787,1.1731858420799377
Southwest,1983,Spring,-0.30462042027582387,5,-0.7187704190499756,1.4394851595878517,-0.07857096529475596,-1.197738049531276,1.91146249208474
Southwest,1983,Summer,-0.18836518585753817,5,-0.42223949159974067,1.097660992633503,0.7304812276797787,-0.8926208013433233,0.7402141286090976
Southwest,1983,Autumn,0.25611996136029525,5,-0.5200904183092784,-0.9890549756872862,1.6024083458101157,-0.43331477070938873,-0.35745832567725866
Southwest,1984,Winter,0.044456140797932656,5,-0.6182108305939297,2.2219365572889815,1.1206198116164905,0.36523546021073583,1.576572820045348
Southwest,1984,Spring,0.16865946094043296,5,-1.0367446265494291,-0.5233335435900967,-0.5827584272093099,0.879402576461207,1.0600642384096002
Southwest,1984,Summer,0.17944431251028417,5,-1.3171456855679713,0.7654901465778822,0.5497552604997955,1.507048038360399,0.9230540958370796
Southwest,1984,Autumn,0.012109953381192562,5,-0.92450951882956,0.9004134007997241,-0.7214493868559224,2.021928889514618,0.5849931838765517
Southwest,1985,Winter,0.14037661212006958,5,-0.582508401457993,1.0867161674568757,-0.8573411055926577,1.7120539344399246,1.5163948006679497
Southwest,1985,Spring,-0.11411305865915951,5,-1.3352507198794292,1.3354963829152187,0.04468728938716122,1.4503291217403698,0.6051653983713196
Southwest,1985,Summer,-0.23340990280839752,5,-1.2061479831910582,0.2355489333694874,0.08101294807742315,0.9269429430470189,-0.7333084886058842
Southwest,1985,Autumn,-0.3359694432268962,5,-1.144894125525148,1.1483716489069888,0.20455401377059107,0.21677089031158436,0.1920936542154802
Southwest,1986,Winter,-0.5385735148875807,5,-1.4844553705233123,0.286789671867718,-1.8722482622349579,0.047690897992819156,0.9029348321952655
Southwest,1986,Spring,-0.2663809179239374,5,-0.6698625151178554,0.6817711587739647,-0.4008899324517838,0.13682480531416347,0.2837942114097535
Southwest,1986,Summer,-0.7998956575065131,5,-0.9083478699335152,1.0019647266560388,-1.8571340694961835,0.25542741097000554,-0.48745903241683414
Southwest,1986,Autumn,-0.47971438004258393,5,-1.8173667350586395,2.1435827524422293,0.738523814384936,0.35649607155165397,0.4673577013513596
Southwest,1987,Winter,0.6014575022135948,5,1.0453895994998956,-1.2247865741091504,0.0446217487404768,0.40719021778925646,0.28529937092919516
Southwest,1987,Spring,0.25708462988952807,5,-0.03544814288610546,-0.04613443706792089,-0.5882069043067196,0.23710365193697433,1.62584010763557
Southwest,1987,Summer,-0.5006831265397671,5,-0.6717073498154463,0.9853943020853702,-1.3910622661746908,0.012910350806640708,0.5318379345700306
Southwest,1987,Autumn,0.10846125722359382,5,0.5293552312432958,0.308257925574692,-0.05737018159707271,-0.2418914380301568,0.6204706000765948
Southwest,1988,Winter,-0.27398172571210033,5,-0.4166995882098392,0.5980689703950027,-0.5463091083492104,-0.14114352965330462,0.3323125680468554
Southwest,1988,Spring,-0.33468758100854135,5,-0.6220489445365496,1.532844081712964,-0.4877459502356961,0.22541297020264386,0.7437881012398593
Southwest,1988,Summer,0.24307165435200218,5,0.0031090798254310766,-0.5004013624121971,-0.8072799911691315,0.6968346542356765,0.8222931664558377
Southwest,1988,Autumn,-0.078963929771017,5,-0.7954711908592746,-0.3847863157398731,-0.5482013286036682,1.1395137543592353,-0.5754471994912506
Southwest,1989,Winter,0.1386986988541743,5,-0.2988700646299699,0.7370983444638892,-0.6709384735440286,1.2248113132628173,1.1755890636459418
Southwest,1989,Spring,-0.16617882258294087,5,-1.2939348689600478,0.1675146339681869,-0.2747325041678734,1.0214917045830052,-0.11620381040160152
Southwest,1989,Summer,-0.44748002152459987,5,-0.6483757142876576,1.765267056204824,-0.4348490131938881,0.5980178913511693,0.013073784712201093
Southwest,1989,Autumn,-0.07532730840835115,5,-0.5054231825626069,-0.09374211021298572,-0.12204164754555684,0.042959001229403736,0.11412717662401844
Southwest,1990,Winter,0.14214232773419067,5,-0.6665636039584129,0.0249546649276863,1.0509190129375874,-0.10206430038079412,0.45337519500025913
Southwest,1990,Spring,-0.5992383511393113,5,-1.3534431342697848,1.7746979691980702,0.31426694287123,-0.35451713493887643,0.17219953983894518
Southwest,1990,Summer,-0.5381301089022165,5,-0.5675251524757888,0.3847412026545951,-0.7512986067799217,-0.6803669967248035,-0.30671858587597317
Southwest,1990,Autumn,0.13065714578699422,5,0.5012075153131237,-0.9655772403037981,-0.19943867132847773,-0.9607955505622839,0.34673519520881096
Southwest,1991,Winter,0.15728824008716735,5,-0.23623910280062252,-0.8350488987226509,0.8951445609707317,-0.72608949385489,0.018576337397966682
Southwest,1991,Spring,-0.2209447332142644,5,-0.38005608559396253,0.724354845503969,-0.04492981321031701,-0.8447459442388023,0.8893630224757291
Southwest,1991,Summer,-0.1699062835629755,5,-0.4387548396475353,0.07502815053615146,1.127158437604592,-0.8643744486968651,-0.5985324165389175
Southwest,1991,Autumn,-0.44123324213327697,5,-1.39893796872552,-0.8625925136355663,0.6658888445937899,-0.7753783755202766,-1.5603312246499446
Southwest,1992,Winter,-0.1455701871978954,5,-0.8393463761235115,1.1764328466377212,1.7456144491333612,-0.12335384671495916,-0.3343323156466462
Southwest,1992,Spring,-0.24320218600800642,5,-1.3479314087364944,0.08654437719237873,-0.308979206483216,0.3153569740307497,0.21208708834130732
Southwest,1992,Summer,-0.4920334138426665,5,-0.42202586700289196,1.8536623727108368,-1.2017391370102675,0.8013173211957382,0.21594298631492537
Southwest,1992,Autumn,-0.28749623970304,5,-0.7148471003782352,2.3482240488828405,0.20214894480906814,1.2469758106328894,0.17646519530391822
Southwest,1993,Winter,0.16745238037194293,5,-0.2870099961882102,0.6360141625306616,1.2937149378966484,1.240860175013478,-0.77428905233154
Southwest,1993,Spring,-0.21086331421307322,5,-0.8311864168251284,0.7080828027848001,-0.12704187835045203,1.1600085193995195,-0.548013992504505
Southwest,1993,Summer,-0.472805209456488,5,-0.668244484577631,1.3242168710695394,-0.31457747081711523,0.9690033013890715,-1.0259905222072259
Southwest,1993,Autumn,-0.48228517220651684,5,-1.0536249282217198,0.736296204385262,-0.486097339888673,0.6287208020568078,-0.7641281905937376
Southwest,1994,Winter,0.049937306086555715,5,0.049610261566873856,-0.4050151941555917,-0.5957711979405695,0.28728249597311445,0.10354977667776813
Southwest,1994,Spring,0.203053160431287,5,0.7731374902470615,-0.569305217284326,0.026232449322132527,0.25676689482523574,-0.6101762495223207
Southwest,1994,Summer,0.14625243388747294,5,0.22082458276400935,-1.1495895958490403,0.24372304116449814,0.20564984715020987,-1.0885248974903932
Southwest,1994,Autumn,-0.37404732863148593,5,-0.2919472156855176,0.4664494577962056,-0.3561122324667941,0.12148579530656214,-0.8772135325154746
Southwest,1995,Winter,-0.15522910564696465,5,-0.5594881927935248,-0.5822523947756472,0.4392991458086207,0.16343372673835466,-1.401642602763921
Southwest,1995,Spring,0.021603330476609582,5,0.041249819657600086,-1.0346513343028203,-0.5791219167846866,0.40744961785431655,-0.7962122026470024
Southwest,1995,Summer,-0.07549709236460567,5,-0.5275929250071995,-0.6942034155725626,-0.20186753190941198,0.7083921015411273,-1.0506205220201068
Southwest,1995,Autumn,0.12863326089097082,5,0.4739795978328748,-0.32520331984931483,-0.28232063574361305,0.9570931511688642,-0.8307891286525866
Southwest,1996,Winter,-0.7099100833622802,5,-1.2831749671759114,0.3681357035518374,-1.9354720707999136,0.9340456407438211,-0.8968133160275601
Southwest,1996,Spring,-0.6452786777390698,5,-0.6478193473645205,2.216390454010683,-0.2925051636914078,0.8243997319964056,-0.8940781556251435
Southwest,1996,Summer,-0.14087559246442888,5,-0.27961712194234284,-0.2454343271978704,-0.6238671699467407,0.6218218566331047,-0.6681498542640358
Southwest,1996,Autumn,-0.06712675913942975,5,-0.053413713095838054,-0.5010563488865424,-0.49885052510739364,0.31312014930070425,-0.5975460556811637
Southwest,1997,Winter,-0.44588561749168665,5,-0.5656617303769363,-0.44171550826160916,-0.5552179461075958,0.172840574742009,-1.7231044939775193
Southwest,1997,Spring,-0.35398521452506587,5,-0.38363209105595275,-0.8723143322319102,-0.44880175463957583,-0.15329431754466916,-1.656512241617042
Southwest,1997,Summer,-0.27888000991885775,5,0.6069039271182175,0.23135522360263344,-0.9168626695413048,-0.5670075253817546,-0.28607855818681344
Southwest,1997,Autumn,-0.7176088753013323,5,-0.22042766496238514,1.519524995544362,-0.40954275326488493,-0.9612225776912404,-0.47732638504378927
Southwest,1998,Winter,-0.26111437292939954,5,-0.04638184730866958,-0.5109422145409317,-0.43136001406141483,-0.7172898784795295,-0.6214823393383155
Southwest,1998,Spring,0.26745936541972093,5,1.7189071139873446,-0.5363085888148655,0.11709422184098753,-0.7231313832592797,-0.3118817142853132
Southwest,1998,Summer,0.1168471465530739,5,0.19831716992769968,-1.5674084972193676,0.30854100226806414,-0.6520293360392571,-0.8380016006105049
Southwest,1998,Autumn,0.04525560702164557,5,2.7322785888331116,-0.7554293155515792,-1.5167856943679692,-0.48789513399099077,-1.2567490409175033
Southwest,1999,Winter,0.8560138460734775,3,2.914864596936641,-1.3069945216570635,,,-1.653817580373272
Southwest,1999,Spring,0.33676499287803613,3,1.6726883828279682,-0.6109219193756448,,,-1.2733153235695043
Southwest,1999,Summer,-0.5553451071731191,3,-0.7875609323074649,-0.5010740455561071,,,-1.3795484347679994
Southwest,1999,Autumn,0.09325086054325256,3,0.4181010367255195,-1.1924487266219652,,,-1.330797181717727
Southwest,2000,Winter,-0.7249847913975046,3,-0.7015095464622457,0.5592177931644736,,,-0.9142270345657947
Southwest,2000,Spring,-0.3650558391719935,3,-0.31553602094628397,-0.8991254285098448,,,-1.6787569250795413
Southwest,2000,Summer,-0.6081212857095905,4,-0.37294318057732456,0.2582505390424018,-0.28020643265697787,,-1.5210849905616577
Southwest,2000,Autumn,-0.6549539484181173,3,-0.3343685248911321,0.9658959911564237,,,-0.6645973292067963
Southwest,2001,Winter,0.10308642298407933,3,0.2552899230768987,-1.2572155268222573,,,-1.2032461809469182
Southwest,2001,Spring,-0.3686350784198406,3,0.29725909225417185,-0.3818499427375526,,,-1.7850142702512461
Southwest,2001,Summer,0.02591666353869765,4,0.10237820132647173,-0.7538270681370692,0.3887038648082514,,-1.1412424801170018
Southwest,2001,Autumn,-0.1626763199259994,3,0.011589384825783425,-0.9218543477522443,,,-1.421472692356026
Southwest,2002,Winter,0.19348389965399848,3,0.8373843020083123,-1.0835803732885072,,,-1.340512976334824
Southwest,2002,Spring,-0.36229379786550875,3,0.11465788596412105,-0.1392161719871644,,,-1.3407554515478117
Southwest,2002,Summer,0.06961244625518337,4,0.8029921796627888,0.83500329753924,2.0831138814019456,,-1.7726529785047611
Southwest,2002,Autumn,-0.3449284373883284,4,0.771420396888252,-0.1839234708035764,-1.2369838871341123,,-1.0980737301110297
Southwest,2003,Winter,0.381460732464572,4,1.0076763758209308,-0.653896821775425,0.6639476246293382,,-0.7996778923674063
Southwest,2003,Spring,0.2821682928995224,4,0.21512076298616423,-1.4413519205098773,-0.2897306325547627,,-0.2380688793431891
Southwest,2003,Summer,0.008581088250465774,4,0.32941541345748915,-0.2606401082182743,-0.32453179104453656,,-0.23119937762936382
Southwest,2003,Autumn,-0.0814543068050687,4,0.20769472953636542,-0.4697543194465185,-0.46588776178510743,,-0.5373785144180513
Southwest,2004,Winter,-0.067065532743866,5,-0.1203098563237164,-0.7967424634745987,0.07144697212216848,-0.6900229604902066,-0.3931842825021741
Southwest,2004,Spring,0.26774081914097486,5,1.2605095452158803,-0.60950355130131,0.42163388540370816,-0.7841712433047899,-0.16877164291123428
Southwest,2004,Summer,-0.23874698976066747,5,-0.062084675735557045,0.4748419277547567,-0.7779368027704339,-0.8121767542964803,0.9333052117538908
Southwest,2004,Autumn,-0.3244475673697672,5,-1.1917556734433352,0.07947486518193858,-0.6011792156581149,-0.7393519935677496,0.9895239110023021
Southwest,2005,Winter,0.34954090759427914,4,0.14486528248373473,0.2001241157921116,-0.5946854299692056,,2.048107893654699
Southwest,2005,Spring,0.48499050012781847,4,0.3281126140752382,-1.2146673219282171,-0.23216823286311492,,0.6293502973709335
Southwest,2005,Summer,0.7566456827286743,4,1.1260300900974745,-0.5793714587311648,-0.02983487950121793,,1.351016061587276
Southwest,2005,Autumn,0.6333010533016855,3,0.4912839507771841,-1.067390352744,,,0.3412288563838723
Southwest,2006,Winter,0.3360155254996695,3,0.3022824019271727,-0.18958993015401276,,,0.516174244417823
Southwest,2006,Spring,0.4359078408991519,3,1.0039676610449715,0.4001922680549671,,,0.7039481297074515
Southwest,2006,Summer,2.166078941736404,4,3.819746927944423,-2.1472202392877,0.5205130730486519,,2.176835526664841
Southwest,2006,Autumn,1.1023307312467667,3,1.1524922176536871,-1.1622841422293158,,,0.9922158338572976
Southwest,2007,Winter,0.5780871746953831,3,0.9529925491503474,-0.7048738504418819,,,0.07639512449391984
Southwest,2007,Spring,0.8571830258237241,3,2.038578635988646,-0.4154379445141077,,,0.11753249696841855
Southwest,2007,Summer,0.7436244771659378,4,0.44763760635039607,-0.9758767007137054,0.6939290036602395,,0.8570545979394101
Southwest,2007,Autumn,0.18983475200101974,3,0.07089956754332553,0.12030214074156041,,,0.618906829201294
Southwest,2008,Winter,-0.11796645275478912,3,0.36783206735916596,1.6834318265395736,,,0.9617004009160403
Southwest,2008,Spring,0.43531969261523296,3,0.694188458676532,-1.5547174644822839,,,-0.9429468453131168
Southwest,2008,Summer,-0.014298702658833679,4,-0.5064087646833894,-0.36272357391909943,-0.6945898608583418,,0.7810802409872971
Southwest,2008,Autumn,0.9990388518077956,3,1.0959695995389613,-1.3401092511318107,,,0.5610377047526146
Southwest,2009,Winter,0.8522838402820421,3,1.3545461730762933,-1.0653438498095087,,,0.13696149796032386
Southwest,2009,Spring,0.7061533429215207,3,0.8550563309204467,-1.2174542421821308,,,0.04594945566198442
Southwest,2009,Summer,1.097618830061672,4,1.4755594004870998,-0.8816835158500298,0.9876010275150449,,1.0456313763945142
Southwest,2009,Autumn,1.589417170536442,3,2.1401157286507875,0.11007992397495853,,,2.738215706933497
Southwest,2010,Winter,1.1765227965696476,3,1.903754280698741,-1.0447088705628265,,,0.5811052384473752
Southwest,2010,Spring,1.2949094689185277,3,1.6956567244784337,-0.49989101139095116,,,1.6891806708861978
Southwest,2010,Summer,1.5114489932700215,4,1.420285010903977,-1.2540576418724967,1.9679909285014643,,1.4034623918021478
Southwest,2010,Autumn,1.1347773476725245,3,1.0523964709107598,-0.9739069473470627,,,1.3780286247597506
Southwest,2011,Winter,0.33819881117662615,3,0.2752163852389424,0.8319481005314933,,,1.5713281488224293
Southwest,2011,Spring,-0.3784864159455949,3,0.8432359501449382,1.5316636948313136,,,-0.4470315031504093
Southwest,2011,Summer,0.993781651898308,4,2.2285915341899085,-0.013139681139125451,0.3555528484879136,,1.3778425437762847
Southwest,2011,Autumn,1.2057024423549307,3,1.5480943934564586,-0.5311436865799705,,,1.5378692470283633
Southwest,2012,Winter,0.8006693307454116,3,-0.10618551874986265,-0.1517986631552618,,,2.3563948478308356
Southwest,2012,Spring,1.305833588186428,3,1.3458080538621235,-1.0383074810057307,,,1.5333852296914297
Southwest,2012,Summer,1.1719331097168406,4,1.0531613533548,-1.49871742698321,0.6469417552045579,,1.4889119033247944
Southwest,2012,Autumn,1.7765163263745916,3,0.7945219513342331,-0.42323368019135527,,,4.111793347598186
Southwest,2013,Winter,2.304515457253936,3,2.9254263894123453,-0.5155580689144081,,,3.472561913435053
Southwest,2013,Spring,2.5763123559324472,3,3.576674526889139,-1.4262373057887274,,,2.7260252351194754
Southwest,2013,Summer,2.091716863626805,4,3.0996975116237357,-1.5896103592946544,-0.5332677877524505,,4.2108273713412805
Southwest,2013,Autumn,1.902407951654699,3,1.0360577228914252,0.3152181783683836,,,4.986384310441055
Southwest,2014,Winter,1.7465493853327072,3,0.7533802646927533,0.5648970039336284,,,5.051164895238997
Southwest,2014,Spring,2.668088604782436,3,2.3925310725654767,-1.7737200266081221,,,3.8380147151737085
Southwest,2014,Summer,1.4892335369568461,4,1.9580532556081978,-0.49080594306731024,0.35658153140664883,,3.151493417745227
Southwest,2014,Autumn,3.137691088802285,3,1.3225445155915456,-1.2445550135464643,,,6.845973737268846
Southwest,2015,Winter,2.405262501008114,3,1.5254553711501104,-0.5014132980136449,,,5.188918833860587
Southwest,2015,Summer,1.3430355545250912,4,1.4235700512602418,0.47691096730106686,1.6430728171727123,,2.7824103169684773
Southwest,2015,Autumn,3.1934166598490026,3,2.3475562390270537,-1.323842686018076,,,5.908851054501878
Southwest,2016,Winter,1.8228110633088324,3,0.9127701286458536,0.5880132209210491,,,5.143676282201692
Southwest,2016,Spring,1.9309549621129138,3,1.157166698873493,-0.9588461996205072,,,3.6768519878447417
Southwest,2016,Summer,2.3311969295940305,4,3.3657694492648584,-1.427590535424254,0.38450124571612815,,4.14692648797088
Southwest,2016,Autumn,3.588229335363604,3,3.4835468237850753,-1.0159991534797168,,,6.265142028826021
Southwest,2017,Winter,3.1712209450707953,3,3.173799974878691,-1.374936509279459,,,4.964926351054236
Southwest,2017,Spring,0.9975585711642346,3,-0.01727219494393163,-0.29383716988157743,,,2.716110738555058
Southwest,2017,Summer,2.204689830142987,4,2.971289362025032,-1.293196176561824,1.280601400668696,,3.2736723813163953
Southwest,2017,Autumn,2.621514209686644,3,2.0742399414573733,-0.9891329483338814,,,4.801169739268676
Southwest,2018,Winter,2.041506538726463,3,0.9765419749274458,0.5183905871945884,,,5.666368228446531
Southwest,2018,Spring,2.7709802765373994,3,2.7016422604006434,-1.3171599195338461,,,4.294138649677708
Southwest,2018,Summer,2.818804436691749,4,2.2379234242998614,-1.8281184715890684,3.214114806030106,,3.995061044847961
Southwest,2018,Autumn,2.264769379653018,3,0.15671550327430514,0.43231565197084615,,,7.069908287655596
Southwest,2019,Winter,2.9410264274958053,3,1.8026178092592562,-0.1384933885442962,,,6.881968084683864
Southwest,2019,Spring,3.018297972134183,3,3.24189804477086,-1.0544282245504013,,,4.7585676470812865
Southwest,2019,Summer,3.1625938879020126,3,3.183670938767448,-1.5360608733242622,,,4.768049851614328
Southwest,2019,Autumn,3.213536542527231,3,1.328382525414465,-0.8512456235960245,,,7.460981478571204
Southwest,2020,Winter,3.0013102524314137,4,2.184864584592697,-0.7064799092501539,5.516030810034472,,3.5978657058483314
Southwest,2020,Spring,1.9641536027370692,4,2.6606130727723105,-0.2569907566819812,0.998243251762901,,3.940767329731085
Southwest,2020,Summer,4.755364625020318,4,2.701638445162003,-1.204842797933018,8.653680041115486,,6.461297215870765
Southwest,2020,Autumn,3.6522652966623506,4,2.628158211462573,-0.6078044493828744,5.157528601202716,,6.2155699246012395
Southwest,2021,Winter,2.3139754910343,5,2.1712769067073276,0.19386725102874294,4.89819990289768,-1.7509926049348086,6.4452605015300435
Southwest,2021,Spring,1.3596430217849933,5,2.022982599974136,-1.8441938969506397,1.2810765223289928,-3.269240901516838,4.919202991188036
Southwest,2021,Summer,3.2304836014338987,5,2.1630528075994366,-0.942202780075155,10.02150221018088,-4.086209461141894,7.111869670455918
Southwest,2021,Autumn,0.9533751620642061,4,1.7696969793027226,0.03512399179645553,,-4.483177504654449,6.562105165405007
Southwest,2022,Winter,0.4770531219864811,4,0.6076948107547613,-0.224373310180414,,-3.354765529019401,4.43090989603015
Southwest,2022,Spring,1.081171259783416,5,3.367402126394396,0.42325186193911474,2.001749252118084,-3.913321911200283,4.373278693543997
Southwest,2022,Summer,2.942112254753229,5,6.338993681121598,-1.474607151311736,4.723102013366342,-4.336035619976046,6.509894047942518
Southwest,2022,Autumn,1.940082837380626,5,3.0781515197877534,-0.3684790277905207,3.8671667830302248,-4.255714189986679,6.64233104628131
Southwest,2023,Winter,1.350882177343572,5,1.673699091730301,-0.3331308248951308,1.6925124531434477,-0.9227781372477079,3.9778466541966884
Southwest,2023,Spring,1.9477460626199257,5,4.193387627279116,-0.8301653726142078,0.9500223378748749,-0.27875310630908573,4.043908081640515
Southwest,2023,Summer,2.7428011803140935,5,3.5797108292891204,-1.082309968716965,4.769156651218363,0.6708111164926119,3.6120173358534067
Southwest,2023,Autumn,3.3827932374865783,5,3.7973005182096586,-1.7101369859257438,4.592222563036457,1.656717951302534,5.157588168958497
Southwest,2024,Winter,2.990256030580454,5,3.5865034830676663,-0.21321475328937087,3.409734362922352,1.28350396726925,6.4583235863536315
Southwest,2024,Spring,2.4717497491207845,5,4.388106675992378,-2.125497210926625,0.6101556866657611,0.6145334453791979,4.62045572663996
Southwest,2024,Summer,3.4388249956476913,5,5.064670171137592,-2.421028890654336,5.721208355799892,0.08371082654504251,3.9035067341015943
Southwest,2024,Autumn,3.759628554402424,5,5.293417984592569,-1.6748755188668965,5.830040540592514,-0.5264177450841535,6.526226473044294
Southwest,2025,Winter,2.4955402227904018,4,1.2247624051095587,-0.9646054461720036,2.878736570344049,,4.914056469535996
Southwest,2025,Spring,2.318317760219033,4,3.741131229757918,-0.2626058291827464,0.8848379591692278,,4.38469602276624
Southwest,2025,Summer,4.210840621477039,4,5.153055354986183,-1.8232991968072112,5.959870425833295,,3.9071375082814668
