station_id,USAF,STATION NAME,CTRY,ICAO,lat,lon,elev_m,province,province_source,region,grid_id,grid_lat,grid_lon
450010-99999,450010,CHEUNG CHAU,CH,VHCH,22.2,114.017,79.0,Hong Kong,coordinate_hk_fallback,South,21.25_113.75,21.25,113.75
450030-99999,450030,TAI-O,CH,,22.25,113.85,76.0,Hong Kong,coordinate_hk_fallback,South,21.25_113.75,21.25,113.75
450040-99999,450040,KOWLOON,CH,,22.312,114.173,66.4,Hong Kong,coordinate_hk_fallback,South,21.25_113.75,21.25,113.75
450050-99999,450050,HONG KONG OBSERVATORY,CH,,22.3,114.167,62.0,Hong Kong,coordinate_hk_fallback,South,21.25_113.75,21.25,113.75
450060-99999,450060,GREEN ISLAND,CH,,22.283,114.117,76.0,Hong Kong,coordinate_hk_fallback,South,21.25_113.75,21.25,113.75
450070-99999,450070,HONG KONG INTL,HK,VHHH,22.309,113.915,8.5,Hong Kong,isd_country_code,South,21.25_113.75,21.25,113.75
450100-99999,450100,TATE'S CAIRN,CH,,22.367,114.217,576.0,Hong Kong,coordinate_hk_fallback,South,21.25_113.75,21.25,113.75
450110-99999,450110,MACAU INTL,MC,VMMC,22.15,113.592,6.1,Macau,isd_country_code,South,21.25_113.75,21.25,113.75
450200-99999,450200,MACAO/FORTALEZA DO MONTE,MC,,22.183,113.533,59.0,Macau,isd_country_code,South,21.25_113.75,21.25,113.75
450320-99999,450320,TA KWU LING,CH,,22.533,114.15,13.0,Hong Kong,coordinate_hk_fallback,South,23.75_113.75,23.75,113.75
450330-99999,450330,KAT O,CH,,22.533,114.3,10.0,Hong Kong,coordinate_hk_fallback,South,23.75_113.75,23.75,113.75
450340-99999,450340,TAI MEI TUK,CH,,22.483,114.233,53.0,Hong Kong,coordinate_hk_fallback,South,21.25_113.75,21.25,113.75
450350-99999,450350,LAU FAU SHAN,CH,,22.467,113.983,35.0,Hong Kong,coordinate_hk_fallback,South,21.25_113.75,21.25,113.75
450390-99999,450390,SHA TIN,CH,,22.4,114.2,8.0,Hong Kong,coordinate_hk_fallback,South,21.25_113.75,21.25,113.75
450440-99999,450440,CHEUNG CHAU,CH,,22.2,114.017,79.0,Hong Kong,coordinate_hk_fallback,South,21.25_113.75,21.25,113.75
450450-99999,450450,WAGLAN ISLAND,CH,,22.183,114.3,60.0,Hong Kong,coordinate_hk_fallback,South,21.25_113.75,21.25,113.75
466860-99999,466860,CHIANG KAI SHEK INTL,TW,RCTP,25.078,121.233,32.6,Taiwan,isd_country_code,South,26.25_121.25,26.25,121.25
466888-99999,466888,BEIGAN,TW,RCMT,26.224,120.003,12.5,Taiwan,isd_country_code,South,26.25_121.25,26.25,121.25
466890-99999,466890,NANGAN,TW,RCFG,26.16,119.958,68.0,Taiwan,isd_country_code,South,26.25_118.75,26.25,118.75
466920-99999,466920,TAIBEI,TW,,25.033,121.517,9.0,Taiwan,isd_country_code,South,26.25_121.25,26.25,121.25
466940-99999,466940,CHILUNG,TW,,25.15,121.8,3.0,Taiwan,isd_country_code,South,26.25_121.25,26.25,121.25
466950-99999,466950,PENGJIA YU(=589740),TW,,25.633,122.067,102.0,Taiwan,isd_country_code,South,26.25_121.25,26.25,121.25
466960-99999,466960,SUNGSHAN,TW,RCSS,25.069,121.552,5.5,Taiwan,isd_country_code,South,26.25_121.25,26.25,121.25
466970-99999,466970,TAOYUAN,TW,RCGM,25.056,121.243,46.0,Taiwan,isd_country_code,South,26.25_121.25,26.25,121.25
466990-99999,466990,HUA-LIEN CITY,TW,,23.983,121.6,19.0,Taiwan,isd_country_code,South,23.75_121.25,23.75,121.25
467060-99999,467060,SUAO MET STATION,TW,,24.6,121.85,3.0,Taiwan,isd_country_code,South,23.75_121.25,23.75,121.25
467080-99999,467080,ILAN CITY,TW,,24.75,121.783,7.0,Taiwan,isd_country_code,South,23.75_121.25,23.75,121.25
467300-99999,467300,DONGSHI,TW,RCNO,23.267,119.667,45.0,Taiwan,isd_country_code,South,23.75_118.75,23.75,118.75
467340-99999,467340,MAGONG,TW,RCQC,23.569,119.628,31.4,Taiwan,isd_country_code,South,23.75_118.75,23.75,118.75
467350-99999,467350,PENGHU ISLANDS,TW,,23.5,119.5,21.0,Taiwan,isd_country_code,South,23.75_118.75,23.75,118.75
467360-99999,467360,SHANG YI,TW,RCBS,24.428,118.359,28.3,Taiwan,isd_country_code,South,23.75_118.75,23.75,118.75
467373-99999,467373,BAKUAI/PA KUEI,TW,,24.933,121.3,141.0,Taiwan,isd_country_code,South,23.75_121.25,23.75,121.25
467380-99999,467380,PA KUEI/BAKUAI,TW,RCUK,24.933,121.3,141.0,Taiwan,isd_country_code,South,23.75_121.25,23.75,121.25
467400-99999,467400,KAOHSIUNG INTL,TW,RCKH,22.577,120.35,7.9,Taiwan,isd_country_code,South,23.75_121.25,23.75,121.25
467403-99999,467403,FENGNIN,TW,RCFN,22.755,121.102,43.6,Taiwan,isd_country_code,South,23.75_121.25,23.75,121.25
467410-99999,467410,TAINAN (=593580),TW,,23.0,120.217,14.0,Taiwan,isd_country_code,South,23.75_121.25,23.75,121.25
467425-99999,467425,BOGUS TAIWANESE,TW,RCLT,,,,Taiwan,isd_country_code,Unmapped,nan_nan,,
467430-99999,467430,TAINAN,TW,RCNN,22.95,120.206,19.2,Taiwan,isd_country_code,South,23.75_121.25,23.75,121.25
467440-99999,467440,KAOHSIUNG,TW,,22.633,120.283,29.0,Taiwan,isd_country_code,South,23.75_121.25,23.75,121.25
467450-99999,467450,GANGSHAN,TW,RCAY,22.783,120.262,10.4,Taiwan,isd_country_code,South,23.75_121.25,23.75,121.25
467460-99999,467460,CHIAYI,TW,RCKU,23.462,120.393,25.9,Taiwan,isd_country_code,South,23.75_121.25,23.75,121.25
467480-99999,467480,CHIAYI,TW,,23.5,120.45,28.0,Taiwan,isd_country_code,South,23.75_121.25,23.75,121.25
467490-99999,467490,TAICHUNG (=591580),TW,,24.15,120.683,78.0,Taiwan,isd_country_code,South,23.75_121.25,23.75,121.25
467500-99999,467500,PINGTUNG SOUTH,TW,RCDC,22.672,120.462,23.8,Taiwan,isd_country_code,South,23.75_121.25,23.75,121.25
467510-99999,467510,TAICHUNG,TW,RCLG,24.186,120.654,115.0,Taiwan,isd_country_code,South,23.75_121.25,23.75,121.25
467520-99999,467520,HENGCHUN,TW,RCKW,22.041,120.73,14.0,Taiwan,isd_country_code,South,21.25_121.25,21.25,121.25
467530-99999,467530,MOUNT ALISAN,TW,,23.517,120.8,2406.0,Taiwan,isd_country_code,South,23.75_121.25,23.75,121.25
467540-99999,467540,DAWU,TW,,22.35,120.9,8.0,Taiwan,isd_country_code,South,21.25_121.25,21.25,121.25
467550-99999,467550,MOUNT MORRISON,TW,,23.483,120.95,3850.0,Taiwan,isd_country_code,Qinghai-Tibet,23.75_121.25,23.75,121.25
467560-99999,467560,HSINCHU,TW,RCPO,24.818,120.939,7.9,Taiwan,isd_country_code,South,23.75_121.25,23.75,121.25
467570-99999,467570,HSINCHU CITY,TW,,24.833,120.0,27.0,Taiwan,isd_country_code,South,23.75_121.25,23.75,121.25
467580-99999,467580,PINGTUNG NORTH,TW,RCSQ,22.7,120.482,29.6,Taiwan,isd_country_code,South,23.75_121.25,23.75,121.25
467590-99999,467590,HENGCHUN (=595590),TW,,22.0,120.75,24.0,Taiwan,isd_country_code,South,21.25_121.25,21.25,121.25
467600-99999,467600,JHIHHANG,TW,RCQS,22.793,121.182,36.9,Taiwan,isd_country_code,South,23.75_121.25,23.75,121.25
467610-99999,467610,CHENG-KUNG,TW,,23.1,121.367,37.0,Taiwan,isd_country_code,South,23.75_121.25,23.75,121.25
467615-99999,467615,BOGUS TAIWANESE,TW,RCTM,,,,Taiwan,isd_country_code,Unmapped,nan_nan,,
467620-99999,467620,LANYU,TW,RCLY,22.029,121.534,13.1,Taiwan,isd_country_code,South,21.25_121.25,21.25,121.25
467630-99999,467630,HUALIEN,TW,RCYU,24.023,121.618,15.8,Taiwan,isd_country_code,South,23.75_121.25,23.75,121.25
467640-99999,467640,ILAN,TW,RCMS,24.75,121.767,9.0,Taiwan,isd_country_code,South,23.75_121.25,23.75,121.25
467650-99999,467650,JOYUTANG,TW,,23.883,120.85,1015.0,Taiwan,isd_country_code,South,23.75_121.25,23.75,121.25
467660-99999,467660,TAIDONG (=595620),TW,,22.75,121.15,10.0,Taiwan,isd_country_code,South,23.75_121.25,23.75,121.25
467700-99999,467700,CHING CHUAN KANG AB,TW,RCMQ,24.265,120.621,202.1,Taiwan,isd_country_code,South,23.75_121.25,23.75,121.25
467720-99999,467720,CHIA TUNG,TW,RCFS,22.417,120.55,20.0,Taiwan,isd_country_code,South,21.25_121.25,21.25,121.25
467770-99999,467770,WU-CHI OBSERVATORY,TW,,24.25,120.517,5.0,Taiwan,isd_country_code,South,23.75_121.25,23.75,121.25
467800-99999,467800,LU-TAO,TW,,22.683,121.5,280.0,Taiwan,isd_country_code,South,23.75_121.25,23.75,121.25
468100-99999,468100,DONGSHA,TW,RCLM,20.667,116.717,6.0,Taiwan,isd_country_code,South,21.25_116.25,21.25,116.25
468110-99999,468110,PRATAS ISLAND,TW,,20.717,116.717,3.0,Taiwan,isd_country_code,South,21.25_116.25,21.25,116.25
469020-99999,469020,NENSHA ISL(=599970),TW,,10.383,114.367,5.0,Taiwan,isd_country_code,South,11.25_113.75,11.25,113.75
469999-99999,469999,BOGUS TAIWANESE,TW,RCKK,0.0,0.0,-999.0,Taiwan,isd_country_code,Southwest,1.25_1.25,1.25,1.25
501360-99999,501360,MOHE,CH,,52.967,122.533,438.0,Heilongjiang,station_table_pdf,Northeast,53.75_123.75,53.75,123.75
502460-99999,502460,TA-HE,CH,,52.333,124.8,465.0,Heilongjiang,station_table_pdf,Northeast,51.25_123.75,51.25,123.75
503490-99999,503490,JIU-HAI-LAI,CH,,51.133,124.05,610.0,Heilongjiang,station_table_pdf,Northeast,51.25_123.75,51.25,123.75
503530-99999,503530,HUMA,CH,,51.733,126.633,175.6,Heilongjiang,station_table_pdf,Northeast,51.25_126.25,51.25,126.25
504250-99999,504250,SAN-HE,CH,,50.5,120.067,671.0,Inner Mongolia,station_table_pdf,Northeast,51.25_121.25,51.25,121.25
504340-99999,504340,TULIHE,CH,,50.45,121.7,733.0,Inner Mongolia,station_table_pdf,Northeast,51.25_121.25,51.25,121.25
504420-99999,504420,XIAO-YANG-QI,CH,,50.8,124.283,549.0,Heilongjiang,station_table_pdf,Northeast,51.25_123.75,51.25,123.75
504680-99999,504680,AIHUI,CH,,50.25,127.45,166.0,Heilongjiang,station_table_pdf,Northeast,51.25_126.25,51.25,126.25
505140-99999,505140,MAN-ZHOU-LI,CH,,49.55,117.467,710.0,Inner Mongolia,station_table_pdf,North,48.75_116.25,48.75,116.25
505270-99999,505270,HAILAR,CH,,49.25,119.7,650.0,Inner Mongolia,station_table_pdf,Northeast,48.75_118.75,48.75,118.75
505280-99999,505280,HAI-LAR/TUNGSHAN,CH,ZYLA,49.217,119.8,488.0,Inner Mongolia,province_geojson,Northeast,48.75_118.75,48.75,118.75
505480-99999,505480,XIAO'ERGOU,CH,,49.2,123.717,288.0,Inner Mongolia,station_table_pdf,Northeast,48.75_123.75,48.75,123.75
505570-99999,505570,NENJIANG,CH,,49.167,125.233,243.0,Heilongjiang,station_table_pdf,Northeast,48.75_126.25,48.75,126.25
505640-99999,505640,SUNWU,CH,,49.433,127.35,235.0,Heilongjiang,station_table_pdf,Northeast,48.75_126.25,48.75,126.25
506030-99999,506030,XIN BARAG YOUQI,CH,,48.683,116.817,556.7,Inner Mongolia,station_table_pdf,North,48.75_116.25,48.75,116.25
506320-99999,506320,BUGT,CH,,48.767,121.917,739.0,Inner Mongolia,province_geojson,Northeast,48.75_121.25,48.75,121.25
506560-99999,506560,LONG-ZHEN,CH,,48.65,126.667,305.0,Heilongjiang,station_table_pdf,Northeast,48.75_126.25,48.75,126.25
506580-99999,506580,KESHAN,CH,,48.05,125.883,237.0,Heilongjiang,station_table_pdf,Northeast,48.75_126.25,48.75,126.25
507030-99999,507030,BOGUS CHINESE,CH,,0.0,0.0,-999.0,Unmapped,unmapped,Southwest,1.25_1.25,1.25,1.25
507270-99999,507270,ARXAN,CH,,47.167,119.933,997.0,Inner Mongolia,station_table_pdf,Northeast,46.25_118.75,46.25,118.75
507420-99999,507420,SAN-CHEN-FANG,CH,,47.783,124.167,146.0,Heilongjiang,station_table_pdf,Northeast,48.75_123.75,48.75,123.75
507450-99999,507450,SANJIAZI,CH,ZYQQ,47.24,123.918,145.4,Heilongjiang,station_table_pdf,Northeast,46.25_123.75,46.25,123.75
507560-99999,507560,HAILUN,CH,,47.45,126.867,248.0,Heilongjiang,station_table_pdf,Northeast,46.25_126.25,46.25,126.25
507580-99999,507580,MING-SHUI,CH,,47.25,125.883,259.0,Heilongjiang,station_table_pdf,Northeast,46.25_126.25,46.25,126.25
507740-99999,507740,YICHUN,CH,,47.7,128.833,259.1,Heilongjiang,station_table_pdf,Northeast,48.75_128.75,48.75,128.75
507750-99999,507750,HE-GANG,CH,,47.35,130.2,198.0,Heilongjiang,station_table_pdf,Northeast,46.25_131.25,46.25,131.25
507870-99999,507870,BOGUS CHINESE,CH,,,,,Heilongjiang,station_table_pdf,Unmapped,nan_nan,,
507880-99999,507880,FUJIN,CH,,47.233,131.983,65.0,Heilongjiang,station_table_pdf,Northeast,46.25_131.25,46.25,131.25
508340-99999,508340,TE-PO-SU-K/-MIAO,CH,,46.5,121.367,427.0,Inner Mongolia,station_table_pdf,Northeast,46.25_121.25,46.25,121.25
508440-99999,508440,TAILAI,CH,,46.4,123.45,150.0,Heilongjiang,station_table_pdf,Northeast,46.25_123.75,46.25,123.75
508450-99999,508450,NAME/LOCATION UNKN,CH,,0.0,0.0,-999.0,Unmapped,unmapped,Southwest,1.25_1.25,1.25,1.25
508530-99999,508530,WANG-KUI,CH,,46.833,126.483,158.0,Heilongjiang,station_table_pdf,Northeast,46.25_126.25,46.25,126.25
508540-99999,508540,ANDA,CH,,46.383,125.317,150.0,Heilongjiang,station_table_pdf,Northeast,46.25_126.25,46.25,126.25
508620-99999,508620,TIE-LI,CH,,47.067,128.033,264.0,Heilongjiang,station_table_pdf,Northeast,46.25_128.75,46.25,128.75
508770-99999,508770,YI-LAN,CH,,46.3,129.55,99.0,Heilongjiang,station_table_pdf,Northeast,46.25_128.75,46.25,128.75
508880-99999,508880,BAOQING,CH,,46.317,132.183,83.0,Heilongjiang,station_table_pdf,Northeast,46.25_131.25,46.25,131.25
509150-99999,509150,ULIASTAI,CH,,45.517,116.967,840.0,Inner Mongolia,station_table_pdf,North,46.25_116.25,46.25,116.25
509450-99999,509450,TA-AN,CH,,0.0,0.0,-999.0,Jilin,station_table_pdf,Southwest,1.25_1.25,1.25,1.25
509490-99999,509490,QIAN GORLOS,CH,,45.083,124.867,136.0,Jilin,station_table_pdf,Northeast,46.25_123.75,46.25,123.75
509530-99999,509530,HARBIN,CH,,45.933,126.567,117.7,Heilongjiang,station_table_pdf,Northeast,46.25_126.25,46.25,126.25
509540-99999,509540,CHAO-YUAN,CH,,0.0,0.0,-999.0,Heilongjiang,station_table_pdf,Southwest,1.25_1.25,1.25,1.25
509630-99999,509630,TONGHE,CH,,45.967,128.733,110.0,Heilongjiang,station_table_pdf,Northeast,46.25_128.75,46.25,128.75
509680-99999,509680,SHANGZHI,CH,,45.217,127.967,191.0,Heilongjiang,station_table_pdf,Northeast,46.25_128.75,46.25,128.75
509780-99999,509780,JIXI,CH,,45.3,130.917,273.5,Heilongjiang,station_table_pdf,Northeast,46.25_131.25,46.25,131.25
509830-99999,509830,HULIN,CH,,45.767,132.967,103.0,Heilongjiang,station_table_pdf,Northeast,46.25_133.75,46.25,133.75
509880-99999,509880,BOGUS CHINESE,CH,,,,,Unmapped,unmapped,Unmapped,nan_nan,,
510530-99999,510530,KABA HE,CH,,48.05,86.35,534.0,Xinjiang,station_table_pdf,Northwest,48.75_86.25,48.75,86.25
510560-99999,510560,APPROXIMATE LOCALE,CH,,47.933,86.167,0.0,Xinjiang,province_geojson,Northwest,48.75_86.25,48.75,86.25
510680-99999,510680,FUHAI/BURULTOKAY,CH,,47.1,87.383,472.0,Xinjiang,station_table_pdf,Northwest,46.25_86.25,46.25,86.25
510760-99999,510760,ALTAY,CH,,47.733,88.083,737.0,Xinjiang,station_table_pdf,Northwest,48.75_88.75,48.75,88.75
510770-99999,510770,BOGUS CHINESE,CH,,47.167,88.367,-999.0,Xinjiang,province_geojson,Northwest,46.25_88.75,46.25,88.75
510860-99999,510860,BOGUS CHINESE,CH,,,,,Unmapped,unmapped,Unmapped,nan_nan,,
510870-99999,510870,FUYUN,CH,,46.983,89.517,827.0,Xinjiang,station_table_pdf,Northwest,46.25_88.75,46.25,88.75
511160-99999,511160,BOGUS CHINESE,CH,,,,,Unmapped,unmapped,Unmapped,nan_nan,,
511330-99999,511330,TACHENG,CH,,46.733,83.0,535.0,Xinjiang,station_table_pdf,Northwest,46.25_83.75,46.25,83.75
511560-99999,511560,HOBOKSAR,CH,,46.817,85.75,1323.2,Xinjiang,station_table_pdf,Northwest,46.25_86.25,46.25,86.25
511860-99999,511860,QINGHE/QINGGLI,CH,,46.717,90.4,1463.0,Xinjiang,province_geojson,Northwest,46.25_91.25,46.25,91.25
512320-99999,512320,PA-ERH-LU-K'O MTN,CH,,45.95,82.567,1067.0,Xinjiang,station_table_pdf,Northwest,46.25_83.75,46.25,83.75
512410-99999,512410,TO-LI,CH,,45.95,83.617,2072.0,Xinjiang,station_table_pdf,Northwest,46.25_83.75,46.25,83.75
512430-99999,512430,KARAMAY,CH,,45.6,84.85,428.0,Xinjiang,station_table_pdf,Northwest,46.25_83.75,46.25,83.75
512880-99999,512880,BAYTIK SHAN,CH,,45.367,90.533,1651.0,Xinjiang,province_geojson,Northwest,46.25_91.25,46.25,91.25
512940-99999,512940,BOGUS CHINESE,CH,,,,,Unmapped,unmapped,Unmapped,nan_nan,,
513300-99999,513300,BOLE/BORTALA,CH,,44.917,82.067,1366.0,Xinjiang,province_geojson,Northwest,43.75_81.25,43.75,81.25
513340-99999,513340,JINGHE,CH,,44.567,82.817,330.2,Xinjiang,station_table_pdf,Northwest,43.75_83.75,43.75,83.75
513460-99999,513460,KUYTUN,CH,,44.433,84.967,442.0,Xinjiang,province_geojson,Northwest,43.75_83.75,43.75,83.75
513560-99999,513560,SHIHEZI,CH,,44.3,86.033,457.0,Xinjiang,province_geojson,Northwest,43.75_86.25,43.75,86.25
513650-99999,513650,FUKANG,CH,,44.15,87.983,549.0,Xinjiang,province_geojson,Northwest,43.75_88.75,43.75,88.75
513790-99999,513790,QITAI,CH,,44.017,89.567,794.0,Xinjiang,province_geojson,Northwest,43.75_88.75,43.75,88.75
514310-99999,514310,YINING,CH,ZWYN,43.95,81.333,663.0,Xinjiang,province_geojson,Northwest,43.75_81.25,43.75,81.25
514370-99999,514370,ZHAOSU/MONGGOLKURE,CH,,43.167,81.117,1830.0,Xinjiang,province_geojson,Northwest,43.75_81.25,43.75,81.25
514630-99999,514630,WU LU MU QI,CH,,43.783,87.617,919.0,Xinjiang,province_geojson,Northwest,43.75_88.75,43.75,88.75
514635-99999,514635,DIWOPU,CH,ZWWW,43.907,87.474,647.7,Xinjiang,province_geojson,Northwest,43.75_86.25,43.75,86.25
514670-99999,514670,BALGUNTAY,CH,,42.667,86.333,1753.0,Xinjiang,province_geojson,Northwest,43.75_86.25,43.75,86.25
514770-99999,514770,PAU-YANG-HU,CH,,43.2,88.467,1037.0,Xinjiang,station_table_pdf,Northwest,43.75_88.75,43.75,88.75
514950-99999,514950,SHISANJIANFANG,CH,,43.217,91.733,732.0,Xinjiang,province_geojson,Northwest,43.75_91.25,43.75,91.25
514960-99999,514960,YIWANQUAN,CH,,43.383,92.1,1890.0,Xinjiang,province_geojson,Northwest,43.75_91.25,43.75,91.25
515260-99999,515260,CHUGIRTY,CH,,42.8,80.85,2042.0,Xinjiang,station_table_pdf,Northwest,43.75_81.25,43.75,81.25
515420-99999,515420,BAYANBULAK,CH,,43.033,84.15,2459.0,Xinjiang,station_table_pdf,Northwest,43.75_83.75,43.75,83.75
515570-99999,515570,BOGUS CHINESE,CH,,,,,Unmapped,unmapped,Unmapped,nan_nan,,
515670-99999,515670,YANQI,CH,,42.05,86.567,1097.0,Xinjiang,station_table_pdf,Northwest,41.25_86.25,41.25,86.25
515730-99999,515730,TURPAN,CH,,42.95,89.233,39.3,Xinjiang,station_table_pdf,Northwest,43.75_88.75,43.75,88.75
515810-99999,515810,SHANSHAN/PIQAN,CH,,42.917,90.25,410.0,Xinjiang,province_geojson,Northwest,43.75_91.25,43.75,91.25
516280-99999,516280,WEN-SU,CH,,41.267,80.233,1286.0,Xinjiang,station_table_pdf,Northwest,41.25_81.25,41.25,81.25
516330-99999,516330,BAICHENG/BAY,CH,,41.767,81.867,1280.0,Xinjiang,province_geojson,Northwest,41.25_81.25,41.25,81.25
516420-99999,516420,LUNTAI/BUGUR,CH,,41.783,84.167,883.0,Xinjiang,province_geojson,Northwest,41.25_83.75,41.25,83.75
516440-99999,516440,KUQA,CH,,41.717,82.95,1100.0,Xinjiang,province_geojson,Northwest,41.25_83.75,41.25,83.75
516560-99999,516560,KORLA,CH,,41.733,85.817,903.0,Xinjiang,station_table_pdf,Northwest,41.25_86.25,41.25,86.25
517010-99999,517010,SAI-K'O-LO-T'E-MA,CH,,40.45,75.383,3651.0,Xinjiang,province_geojson,Qinghai-Tibet,41.25_76.25,41.25,76.25
517050-99999,517050,AR-TUX,CH,,39.667,76.167,1494.0,Xinjiang,station_table_pdf,Northwest,38.75_76.25,38.75,76.25
517080-99999,517080,AK-TO,CH,,0.0,0.0,-999.0,Unmapped,unmapped,Southwest,1.25_1.25,1.25,1.25
517090-99999,517090,KASHI,CH,ZWSH,39.543,76.02,1380.4,Xinjiang,station_table_pdf,Northwest,38.75_76.25,38.75,76.25
517110-99999,517110,AKQI,CH,,40.933,78.45,1986.0,Xinjiang,province_geojson,Northwest,41.25_78.75,41.25,78.75
517160-99999,517160,BACHU,CH,,39.8,78.567,1117.0,Xinjiang,province_geojson,Northwest,38.75_78.75,38.75,78.75
517200-99999,517200,CH'I-LAN-TAI,CH,,40.533,79.533,1158.0,Xinjiang,station_table_pdf,Northwest,41.25_78.75,41.25,78.75
517300-99999,517300,ALAR,CH,,40.5,81.05,1013.0,Xinjiang,station_table_pdf,Northwest,41.25_81.25,41.25,81.25
517470-99999,517470,TAZHONG,CH,,39.0,83.667,1099.0,Xinjiang,station_table_pdf,Northwest,38.75_83.75,38.75,83.75
517650-99999,517650,TIKANLIK,CH,,40.633,87.7,847.0,Xinjiang,station_table_pdf,Northwest,41.25_88.75,41.25,88.75
517770-99999,517770,RUOQIANG,CH,,39.033,88.167,889.0,Xinjiang,province_geojson,Northwest,38.75_88.75,38.75,88.75
517780-99999,517780,BOGUS CHINESE,CH,,,,,Unmapped,unmapped,Unmapped,nan_nan,,
517860-99999,517860,BOGUS CHINESE,CH,,,,,Unmapped,unmapped,Unmapped,nan_nan,,
518110-99999,518110,SHACHE,CH,,38.433,77.267,1232.0,Xinjiang,station_table_pdf,Northwest,38.75_76.25,38.75,76.25
518180-99999,518180,PISHAN,CH,,37.617,78.283,1376.0,Xinjiang,station_table_pdf,Northwest,38.75_78.75,38.75,78.75
518280-99999,518280,HOTAN,CH,ZWTN,37.133,79.933,1375.0,Xinjiang,station_table_pdf,Northwest,36.25_78.75,36.25,78.75
518390-99999,518390,MINFENG,CH,,37.067,82.717,1409.0,Xinjiang,station_table_pdf,Northwest,36.25_83.75,36.25,83.75
518480-99999,518480,ANDIR,CH,,37.933,83.65,1264.0,Xinjiang,province_geojson,Northwest,38.75_83.75,38.75,83.75
518550-99999,518550,QIEMO/QARQAN,CH,,38.15,85.55,1248.0,Xinjiang,station_table_pdf,Northwest,38.75_86.25,38.75,86.25
518860-99999,518860,MANGNAI,CH,,38.25,90.85,2945.0,Qinghai,province_geojson,Qinghai-Tibet,38.75_91.25,38.75,91.25
519310-99999,519310,YUTIAN/KERIYA,CH,,36.867,81.7,1554.0,Xinjiang,station_table_pdf,Qinghai-Tibet,36.25_81.25,36.25,81.25
521010-99999,521010,BARKOL,CH,,43.583,92.85,1584.0,Xinjiang,station_table_pdf,Northwest,43.75_93.75,43.75,93.75
521120-99999,521120,NAOMAOHU,CH,,43.6,95.133,469.0,Xinjiang,station_table_pdf,Northwest,43.75_96.25,43.75,96.25
521180-99999,521180,YIWU,CH,,43.267,94.7,1729.0,Xinjiang,station_table_pdf,Northwest,43.75_93.75,43.75,93.75
522030-99999,522030,HAMI,CH,ZWHM,42.817,93.517,739.0,Xinjiang,station_table_pdf,Northwest,43.75_93.75,43.75,93.75
522610-99999,522610,,,,,,,Unmapped,unmapped,Unmapped,nan_nan,,
522670-99999,522670,EJIN QI,CH,,41.95,101.067,941.0,Inner Mongolia,province_geojson,Northwest,41.25_101.25,41.25,101.25
522680-99999,522680,APPROXIMATE LOCALE,CH,,42.083,101.667,0.0,Inner Mongolia,province_geojson,Northwest,41.25_101.25,41.25,101.25
523030-99999,523030,YA-MAN-SU,CH,,0.0,0.0,-999.0,Unmapped,unmapped,Southwest,1.25_1.25,1.25,1.25
523130-99999,523130,XING-XING-XIA,CH,,41.783,95.133,1935.0,Xinjiang,station_table_pdf,Northwest,41.25_96.25,41.25,96.25
523180-99999,523180,HONGLIUYUAN,CH,,41.067,95.417,1524.0,Gansu,province_geojson,Northwest,41.25_96.25,41.25,96.25
523230-99999,523230,MAZONG SHAN,CH,,41.8,97.033,1770.0,Gansu,station_table_pdf,Northwest,41.25_96.25,41.25,96.25
523330-99999,523330,YEH-MA-CHING,CH,,41.7,98.25,1463.0,Inner Mongolia,province_geojson,Northwest,41.25_98.75,41.25,98.75
523430-99999,523430,SHU-LUN-CHING,CH,,41.95,100.0,958.0,Inner Mongolia,province_geojson,Northwest,41.25_101.25,41.25,101.25
523670-99999,523670,BOGUS CHINESE,CH,,,,,Unmapped,unmapped,Unmapped,nan_nan,,
523770-99999,523770,BOGUS CHINESE,CH,,,,,Unmapped,unmapped,Unmapped,nan_nan,,
523780-99999,523780,GUAIZIHU,CH,,41.367,102.367,960.0,Inner Mongolia,province_geojson,Northwest,41.25_101.25,41.25,101.25
523910-99999,523910,PANG-TING-TO-TO-KAI,CH,,41.75,103.967,1463.0,Inner Mongolia,province_geojson,Northwest,41.25_103.75,41.25,103.75
524180-99999,524180,DUNHUANG,CH,,40.15,94.683,1140.0,Gansu,province_geojson,Northwest,41.25_93.75,41.25,93.75
524240-99999,524240,AN-XI,CH,,40.5,96.0,1177.0,Gansu,province_geojson,Northwest,41.25_96.25,41.25,96.25
524310-99999,524310,BOGUS CHINESE,CH,,,,,Unmapped,unmapped,Unmapped,nan_nan,,
524320-99999,524320,,,,,,,Unmapped,unmapped,Unmapped,nan_nan,,
524360-99999,524360,YUMENZHEN,CH,,40.267,97.033,1527.0,Gansu,province_geojson,Northwest,41.25_96.25,41.25,96.25
524410-99999,524410,BEISHAN (MTNS),CH,,40.717,98.617,1554.0,Gansu,province_geojson,Northwest,41.25_98.75,41.25,98.75
524460-99999,524460,SHUANGCHENGTZU,CH,,40.4,99.8,1158.0,Gansu,province_geojson,Northwest,41.25_98.75,41.25,98.75
524470-99999,524470,JINTA,CH,,39.817,98.9,1372.0,Gansu,province_geojson,Northwest,38.75_98.75,38.75,98.75
524950-99999,524950,BAYAN MOD,CH,,40.75,104.5,1329.0,Inner Mongolia,province_geojson,Northwest,41.25_103.75,41.25,103.75
525230-99999,525230,APPROXIMATE LOCALE,CH,,39.833,96.75,0.0,Gansu,province_geojson,Northwest,38.75_96.25,38.75,96.25
525330-99999,525330,JIUQUAN/SUZHOU,CH,ZLJQ,39.767,98.483,1478.0,Gansu,station_table_pdf,Northwest,38.75_98.75,38.75,98.75
525331-99999,525331,ZHONGCHUAN,CH,ZLLL,36.515,103.62,1947.1,Gansu,province_geojson,Qinghai-Tibet,36.25_103.75,36.25,103.75
525430-99999,525430,BOGUS CHINESE,CH,,,,,Unmapped,unmapped,Unmapped,nan_nan,,
525760-99999,525760,LAI-YEN-CH'IH,CH,,39.383,102.833,1383.0,Inner Mongolia,province_geojson,Northwest,38.75_103.75,38.75,103.75
526020-99999,526020,LENGHU,CH,,38.833,93.383,2771.0,Qinghai,station_table_pdf,Qinghai-Tibet,38.75_93.75,38.75,93.75
526330-99999,526330,TUO-LE,CH,,38.8,98.417,609.0,Qinghai,province_geojson,Northwest,38.75_98.75,38.75,98.75
526450-99999,526450,YEH-NIU-KOU,CH,,38.467,99.55,2169.0,Qinghai,province_geojson,Qinghai-Tibet,38.75_98.75,38.75,98.75
526510-99999,526510,ZHANG-YE/SOUTH,CH,,38.817,100.4,1493.0,Gansu,province_geojson,Northwest,38.75_101.25,38.75,101.25
526520-99999,526520,ZHANGYE,CH,,39.083,100.283,1462.0,Gansu,station_table_pdf,Northwest,38.75_101.25,38.75,101.25
526530-99999,526530,ZHANG-YE/SOUTHEAST,CH,,38.8,100.667,1463.0,Gansu,province_geojson,Northwest,38.75_101.25,38.75,101.25
526570-99999,526570,BABAO,CH,,38.233,100.25,2700.0,Qinghai,province_geojson,Qinghai-Tibet,38.75_101.25,38.75,101.25
526610-99999,526610,SHAN-DAN,CH,,38.8,101.083,1760.0,Gansu,province_geojson,Qinghai-Tibet,38.75_101.25,38.75,101.25
526710-99999,526710,SALT LAKE,CH,,0.0,0.0,-999.0,Unmapped,unmapped,Southwest,1.25_1.25,1.25,1.25
526740-99999,526740,JIN-CHANG,CH,,38.467,102.183,1676.0,Gansu,station_table_pdf,Qinghai-Tibet,38.75_101.25,38.75,101.25
526810-99999,526810,MINQIN,CH,,38.633,103.083,1367.0,Gansu,station_table_pdf,Northwest,38.75_103.75,38.75,103.75
526820-99999,526820,BOGUS CHINESE,CH,,,,,Unmapped,unmapped,Unmapped,nan_nan,,
526850-99999,526850,,,,,,,Unmapped,unmapped,Unmapped,nan_nan,,
526980-99999,526980,GOLMUD NW,CH,,0.0,0.0,-999.0,Unmapped,unmapped,Southwest,1.25_1.25,1.25,1.25
527020-99999,527020,SHA-LIANG-ZI,CH,,37.917,93.35,0.0,Qinghai,province_geojson,Northwest,38.75_93.75,38.75,93.75
527070-99999,527070,T'A-ERH-TING,CH,,37.067,92.867,2712.0,Qinghai,station_table_pdf,Qinghai-Tibet,36.25_93.75,36.25,93.75
527130-99999,527130,DA-QAIDAM,CH,,37.85,95.367,3174.0,Qinghai,province_geojson,Qinghai-Tibet,38.75_96.25,38.75,96.25
527230-99999,527230,BOGUS CHINESE,CH,,0.0,0.0,-999.0,Unmapped,unmapped,Southwest,1.25_1.25,1.25,1.25
527360-99999,527360,BOGUS CHINESE,CH,,0.0,0.0,-999.0,Unmapped,unmapped,Southwest,1.25_1.25,1.25,1.25
527370-99999,527370,DELINGHA,CH,,37.367,97.367,2982.0,Qinghai,province_geojson,Qinghai-Tibet,36.25_96.25,36.25,96.25
527380-99999,527380,BOGUS CHINESE,CH,,0.0,0.0,-999.0,Unmapped,unmapped,Southwest,1.25_1.25,1.25,1.25
527400-99999,527400,HSIN-YUAN,CH,,37.3,99.017,3627.0,Qinghai,province_geojson,Qinghai-Tibet,36.25_98.75,36.25,98.75
527530-99999,527530,BOGUS CHINESE,CH,,37.683,100.7,3353.0,Qinghai,province_geojson,Qinghai-Tibet,38.75_101.25,38.75,101.25
527540-99999,527540,GANGCA,CH,,37.333,100.133,3302.0,Qinghai,province_geojson,Qinghai-Tibet,36.25_101.25,36.25,101.25
527650-99999,527650,HAO-MEN,CH,,37.367,101.617,2682.0,Qinghai,province_geojson,Qinghai-Tibet,36.25_101.25,36.25,101.25
527660-99999,527660,BOGUS CHINESE,CH,,0.0,0.0,-999.0,Unmapped,unmapped,Southwest,1.25_1.25,1.25,1.25
527760-99999,527760,GU-LANG (?),CH,,0.0,0.0,-999.0,Unmapped,unmapped,Southwest,1.25_1.25,1.25,1.25
527820-99999,527820,NAME/LOCATION UNKN,CH,,,,,Unmapped,unmapped,Unmapped,nan_nan,,
527870-99999,527870,WUSHAOLING,CH,,37.2,102.867,3044.0,Gansu,station_table_pdf,Qinghai-Tibet,36.25_103.75,36.25,103.75
527880-99999,527880,BOGUS CHINESE,CH,,37.233,103.4,2415.0,Gansu,province_geojson,Qinghai-Tibet,36.25_103.75,36.25,103.75
527970-99999,527970,CHING-T'AI,CH,,37.133,104.217,1402.0,Gansu,station_table_pdf,Northwest,36.25_103.75,36.25,103.75
527980-99999,527980,BOGUS CHINESE,CH,,37.067,104.467,1829.0,Gansu,province_geojson,Qinghai-Tibet,36.25_103.75,36.25,103.75
528130-99999,528130,GOL-MUD (?),CH,,36.817,95.35,2731.0,Qinghai,province_geojson,Qinghai-Tibet,36.25_96.25,36.25,96.25
528180-99999,528180,GOLMUD,CH,ZLGM,36.417,94.9,2809.0,Qinghai,station_table_pdf,Qinghai-Tibet,36.25_93.75,36.25,93.75
528250-99999,528250,NUO-MU-HONG,CH,,36.45,96.467,2804.0,Qinghai,station_table_pdf,Qinghai-Tibet,36.25_96.25,36.25,96.25
528260-99999,528260,BOGUS CHINESE,CH,,0.0,0.0,-999.0,Unmapped,unmapped,Southwest,1.25_1.25,1.25,1.25
528330-99999,528330,SERH,CH,,36.95,98.35,2987.0,Qinghai,province_geojson,Qinghai-Tibet,36.25_98.75,36.25,98.75
528360-99999,528360,DOULAN,CH,,36.3,98.1,3190.0,Qinghai,station_table_pdf,Qinghai-Tibet,36.25_98.75,36.25,98.75
528420-99999,528420,CHA-KA,CH,,36.783,99.083,2925.0,Qinghai,province_geojson,Qinghai-Tibet,36.25_98.75,36.25,98.75
528460-99999,528460,BOGUS CHINESE,CH,,,,,Unmapped,unmapped,Unmapped,nan_nan,,
528540-99999,528540,JIANG-XI-GOU (?),CH,,0.0,0.0,-999.0,Qinghai,station_table_pdf,Southwest,1.25_1.25,1.25,1.25
528560-99999,528560,GONGHE,CH,,36.35,100.783,2743.0,Qinghai,station_table_pdf,Qinghai-Tibet,36.25_101.25,36.25,101.25
528570-99999,528570,BOGUS CHINESE,CH,,,,,Unmapped,unmapped,Unmapped,nan_nan,,
528640-99999,528640,HUANG-YUAN (?),CH,,0.0,0.0,-999.0,Unmapped,unmapped,Southwest,1.25_1.25,1.25,1.25
528660-99999,528660,XINING,CH,ZLXN,36.617,101.767,2262.0,Qinghai,station_table_pdf,Qinghai-Tibet,36.25_101.25,36.25,101.25
528680-99999,528680,HEY-IN,CH,,36.033,101.433,2072.0,Qinghai,station_table_pdf,Qinghai-Tibet,36.25_101.25,36.25,101.25
528760-99999,528760,MINHE,CH,,36.333,102.833,1905.0,Qinghai,station_table_pdf,Qinghai-Tibet,36.25_103.75,36.25,103.75
528860-99999,528860,APPROXIMATE LOCALE,CH,,36.567,103.7,1951.0,Gansu,province_geojson,Qinghai-Tibet,36.25_103.75,36.25,103.75
528880-99999,528880,LAN-ZHOU/CITY,CH,ZLAN,36.117,103.617,1600.0,Gansu,province_geojson,Qinghai-Tibet,36.25_103.75,36.25,103.75
528890-99999,528890,LANZHOU,CH,,36.05,103.883,1518.0,Gansu,province_geojson,Qinghai-Tibet,36.25_103.75,36.25,103.75
528950-99999,528950,JINGYUAN,CH,,36.583,104.683,1505.0,Gansu,station_table_pdf,Qinghai-Tibet,36.25_103.75,36.25,103.75
529070-99999,529070,BOGUS CHINESE,CH,,35.167,92.833,4877.0,Qinghai,province_geojson,Qinghai-Tibet,36.25_93.75,36.25,93.75
529080-99999,529080,WUDAOLIANG,CH,,35.217,93.083,4613.0,Qinghai,station_table_pdf,Qinghai-Tibet,36.25_93.75,36.25,93.75
529400-99999,529400,APPROXIMATE LOCALE,CH,,35.5,99.333,0.0,Qinghai,province_geojson,Northwest,36.25_98.75,36.25,98.75
529410-99999,529410,NAME UNKNOWN,CH,,35.717,98.917,3962.0,Qinghai,station_table_pdf,Qinghai-Tibet,36.25_98.75,36.25,98.75
529430-99999,529430,XINGHAI,CH,,35.75,99.983,3200.0,Qinghai,station_table_pdf,Qinghai-Tibet,36.25_98.75,36.25,98.75
529470-99999,529470,APPROXIMATE LOCALE,CH,,35.167,98.75,0.0,Qinghai,province_geojson,Northwest,36.25_98.75,36.25,98.75
529550-99999,529550,GUINAN,CH,,35.583,100.75,3123.0,Qinghai,station_table_pdf,Qinghai-Tibet,36.25_101.25,36.25,101.25
529570-99999,529570,TONGDE,CH,,35.267,100.65,3290.0,Qinghai,station_table_pdf,Qinghai-Tibet,36.25_101.25,36.25,101.25
529580-99999,529580,APPROXIMATE LOCALE,CH,,35.267,100.65,0.0,Qinghai,province_geojson,Northwest,36.25_101.25,36.25,101.25
529680-99999,529680,SON-AG,CH,,35.033,101.467,3565.0,Qinghai,station_table_pdf,Qinghai-Tibet,36.25_101.25,36.25,101.25
529740-99999,529740,BOGUS CHINESE,CH,,,,,Qinghai,station_table_pdf,Unmapped,nan_nan,,
529830-99999,529830,YU ZHONG,CH,,35.867,104.15,1875.0,Gansu,station_table_pdf,Qinghai-Tibet,36.25_103.75,36.25,103.75
529840-99999,529840,LINXIA,CH,,35.467,102.983,1920.0,Gansu,station_table_pdf,Qinghai-Tibet,36.25_103.75,36.25,103.75
529860-99999,529860,LINTAO,CH,,35.333,104.0,1905.0,Gansu,station_table_pdf,Qinghai-Tibet,36.25_103.75,36.25,103.75
529960-99999,529960,HUAJIALING,CH,,35.383,105.0,2450.0,Gansu,station_table_pdf,North,36.25_106.25,36.25,106.25
530670-99999,530670,ENGER HULASA,MG,,44.167,111.167,1086.0,Unmapped,unmapped,North,43.75_111.25,43.75,111.25
530680-99999,530680,ERENHOT,CH,,43.65,112.0,966.0,Inner Mongolia,station_table_pdf,North,43.75_111.25,43.75,111.25
530730-99999,530730,BOGUS CHINESE,CH,,0.0,0.0,-999.0,Unmapped,unmapped,Southwest,1.25_1.25,1.25,1.25
530780-99999,530780,BOGUS CHINESE,CH,,0.0,0.0,-999.0,Unmapped,unmapped,Southwest,1.25_1.25,1.25,1.25
530830-99999,530830,NARAN BULAG,CH,,44.617,114.15,1183.0,Inner Mongolia,station_table_pdf,North,43.75_113.75,43.75,113.75
531490-99999,531490,MANDAL,CH,,42.533,110.133,1223.0,Inner Mongolia,station_table_pdf,North,43.75_111.25,43.75,111.25
531920-99999,531920,ABAG QI,CH,,44.017,115.0,1147.7,Inner Mongolia,station_table_pdf,North,43.75_116.25,43.75,116.25
531950-99999,531950,ENGER SHOOTO,CH,,43.383,114.45,1128.0,Inner Mongolia,province_geojson,North,43.75_113.75,43.75,113.75
532310-99999,532310,HAILS,CH,,41.45,106.383,1510.0,Inner Mongolia,station_table_pdf,North,41.25_106.25,41.25,106.25
532760-99999,532760,JURH,CH,,42.4,112.9,1152.0,Inner Mongolia,province_geojson,North,41.25_113.75,41.25,113.75
532780-99999,532780,BOIN SUM,CH,,42.2,112.517,1280.0,Inner Mongolia,province_geojson,North,41.25_113.75,41.25,113.75
532860-99999,532860,BOGUS CHINESE,CH,,0.0,0.0,-999.0,Unmapped,unmapped,Southwest,1.25_1.25,1.25,1.25
533230-99999,533230,BOGUS CHINESE,CH,,0.0,0.0,-999.0,Unmapped,unmapped,Southwest,1.25_1.25,1.25,1.25
533310-99999,533310,BOGUS CHINESE,CH,,0.0,0.0,-999.0,Unmapped,unmapped,Southwest,1.25_1.25,1.25,1.25
533360-99999,533360,HALIUT,CH,,41.567,108.517,1290.0,Inner Mongolia,station_table_pdf,North,41.25_108.75,41.25,108.75
533520-99999,533520,BAILING-MIAO,CH,,41.7,110.433,1377.0,Inner Mongolia,station_table_pdf,North,41.25_111.25,41.25,111.25
533620-99999,533620,SHARA MORON SUME,CH,,42.033,111.533,1372.0,Inner Mongolia,station_table_pdf,North,41.25_111.25,41.25,111.25
533630-99999,533630,APPROXIMATE LOCALE,CH,,41.667,111.783,1524.0,Inner Mongolia,province_geojson,North,41.25_111.25,41.25,111.25
533760-99999,533760,BA-DAO-GOU (?),CH,,0.0,0.0,-999.0,Unmapped,unmapped,Southwest,1.25_1.25,1.25,1.25
533910-99999,533910,HUADE,CH,,41.9,114.0,1484.0,Inner Mongolia,station_table_pdf,North,41.25_113.75,41.25,113.75
534360-99999,534360,BOGUS CHINESE,CH,,0.0,0.0,-999.0,Unmapped,unmapped,Southwest,1.25_1.25,1.25,1.25
534460-99999,534460,BAOTOU,CH,ZBOW,40.567,109.983,940.0,Inner Mongolia,station_table_pdf,North,41.25_108.75,41.25,108.75
534463-99999,534463,BAOTOU,CH,ZBOW,40.559,109.998,1012.2,Inner Mongolia,province_geojson,North,41.25_108.75,41.25,108.75
534620-99999,534620,PI KO CHAI(AFLD),CH,,40.75,111.267,1036.0,Inner Mongolia,province_geojson,North,41.25_111.25,41.25,111.25
534630-99999,534630,BAITA,CH,ZBHH,40.851,111.824,1083.9,Inner Mongolia,station_table_pdf,North,41.25_111.25,41.25,111.25
534730-99999,534730,CHI PI PU LANG,CH,,0.0,0.0,-999.0,Unmapped,unmapped,Southwest,1.25_1.25,1.25,1.25
534770-99999,534770,BOGUS CHINESE,CH,,0.0,0.0,-999.0,Unmapped,unmapped,Southwest,1.25_1.25,1.25,1.25
534780-99999,534780,YOU-YU,CH,,40.167,112.333,1212.0,Shanxi,station_table_pdf,North,41.25_111.25,41.25,111.25
534800-99999,534800,JINING,CH,,41.033,113.067,1416.0,Inner Mongolia,station_table_pdf,North,41.25_113.75,41.25,113.75
534870-99999,534870,DATONG,CH,,40.083,113.417,1054.0,Shanxi,station_table_pdf,North,41.25_113.75,41.25,113.75
534880-99999,534880,CHU LE P'U,CH,,0.0,0.0,-999.0,Shanxi,station_table_pdf,Southwest,1.25_1.25,1.25,1.25
535020-99999,535020,JARTAI,CH,,39.783,105.75,1143.0,Inner Mongolia,province_geojson,North,38.75_106.25,38.75,106.25
535130-99999,535130,LINHE,CH,,40.767,107.4,1041.0,Inner Mongolia,station_table_pdf,North,41.25_106.25,41.25,106.25
535190-99999,535190,SHIZUISHAN/DAWUKOU,CH,,39.05,106.4,975.0,Ningxia,station_table_pdf,North,38.75_106.25,38.75,106.25
535230-99999,535230,A-LU-CH'IH-LAO-KA,CH,,39.883,108.0,1372.0,Inner Mongolia,province_geojson,North,38.75_108.75,38.75,108.75
535290-99999,535290,OTOG QI,CH,,39.1,107.983,1381.0,Inner Mongolia,station_table_pdf,North,38.75_108.75,38.75,108.75
535330-99999,535330,HANG-GIN-QI,CH,,39.85,108.733,1450.0,Inner Mongolia,station_table_pdf,North,38.75_108.75,38.75,108.75
535390-99999,535390,PA LA MU TU SHIH LI,CH,,39.15,108.9,1140.0,Inner Mongolia,province_geojson,North,38.75_108.75,38.75,108.75
535430-99999,535430,DONGSHENG,CH,,39.833,109.983,1459.0,Inner Mongolia,station_table_pdf,North,38.75_108.75,38.75,108.75
535630-99999,535630,BOGUS CHINESE,CH,,0.0,0.0,-999.0,Unmapped,unmapped,Southwest,1.25_1.25,1.25,1.25
535640-99999,535640,HEQU,CH,,39.367,111.217,1037.0,Shanxi,station_table_pdf,North,38.75_111.25,38.75,111.25
535730-99999,535730,BOGUS CHINESE,CH,,0.0,0.0,-999.0,Shanxi,station_table_pdf,Southwest,1.25_1.25,1.25,1.25
535770-99999,535770,BOGUS CHINESE,CH,,39.133,112.3,1219.0,Shanxi,station_table_pdf,North,38.75_111.25,38.75,111.25
535780-99999,535780,BOGUS CHINESE,CH,,39.3,112.417,900.0,Shanxi,station_table_pdf,North,38.75_111.25,38.75,111.25
535870-99999,535870,BOGUS CHINESE,CH,,0.0,0.0,-999.0,Unmapped,unmapped,Southwest,1.25_1.25,1.25,1.25
535880-99999,535880,WUTAI SHAN,CH,,38.95,113.517,2210.0,Shanxi,station_table_pdf,North,38.75_113.75,38.75,113.75
535930-99999,535930,YU XIAN,CH,,39.833,114.567,910.0,Hebei,station_table_pdf,North,38.75_113.75,38.75,113.75
536020-99999,536020,ALXA ZUOQI/BAYAN HO,CH,,38.833,105.533,1500.0,Inner Mongolia,province_geojson,North,38.75_106.25,38.75,106.25
536140-99999,536140,YINCHUAN,CH,ZLIC,38.483,106.217,1112.0,Ningxia,station_table_pdf,North,38.75_106.25,38.75,106.25
536150-99999,536150,YINCHUAN (CITY),CH,,38.467,106.317,1005.0,Ningxia,station_table_pdf,North,38.75_106.25,38.75,106.25
536240-99999,536240,BOGUS CHINESE,CH,,,,,Unmapped,unmapped,Unmapped,nan_nan,,
536360-99999,536360,UXIN-QI,CH,,38.6,108.85,1341.0,Inner Mongolia,province_geojson,North,38.75_108.75,38.75,108.75
536460-99999,536460,YULIN,CH,,38.267,109.783,1158.0,Shaanxi,station_table_pdf,North,38.75_108.75,38.75,108.75
536520-99999,536520,BOGUS CHINESE,CH,,38.983,110.6,1219.0,Shaanxi,province_geojson,North,38.75_111.25,38.75,111.25
536630-99999,536630,WU-ZHAI,CH,,38.917,111.833,1463.0,Shanxi,station_table_pdf,North,38.75_111.25,38.75,111.25
536640-99999,536640,XINXIAN,CH,,38.4,112.717,900.0,Shanxi,station_table_pdf,North,38.75_113.75,38.75,113.75
536730-99999,536730,YUANPING,CH,,38.75,112.7,838.0,Shanxi,station_table_pdf,North,38.75_113.75,38.75,113.75
536810-99999,536810,BOGUS CHINESE,CH,,38.717,113.0,792.0,Shanxi,station_table_pdf,North,38.75_113.75,38.75,113.75
536980-99999,536980,SHIJIAZHUANG,CH,,38.067,114.35,104.8,Hebei,province_geojson,North,38.75_113.75,38.75,113.75
537050-99999,537050,ZHONGNING,CH,,37.483,105.683,1193.0,Ningxia,station_table_pdf,North,36.25_106.25,36.25,106.25
537130-99999,537130,BOGUS CHINESE,CH,,,,,Unmapped,unmapped,Unmapped,nan_nan,,
537140-99999,537140,BOGUS CHINESE,CH,,,,,Unmapped,unmapped,Unmapped,nan_nan,,
537150-99999,537150,HUI-AN-BU,CH,,37.45,106.667,1463.0,Ningxia,province_geojson,North,36.25_106.25,36.25,106.25
537230-99999,537230,YANCHI,CH,,37.8,107.383,1356.0,Ningxia,station_table_pdf,North,38.75_106.25,38.75,106.25
537380-99999,537380,PIN-KOU-MEN,CH,,37.15,108.383,1438.0,Shaanxi,station_table_pdf,North,36.25_108.75,36.25,108.75
537400-99999,537400,ZI-CHANG,CH,,37.133,109.65,1189.0,Shaanxi,station_table_pdf,North,36.25_108.75,36.25,108.75
537430-99999,537430,MI-ZHI AIRFIELD (?),CH,,37.867,110.067,975.0,Shaanxi,province_geojson,North,38.75_111.25,38.75,111.25
537450-99999,537450,APPROXIMATE LOCALE,CH,,37.467,109.583,0.0,Shaanxi,province_geojson,North,36.25_108.75,36.25,108.75
537530-99999,537530,BOGUS CHINESE,CH,,37.833,110.833,914.0,Shanxi,station_table_pdf,North,38.75_111.25,38.75,111.25
537540-99999,537540,SUIDE,CH,,37.467,110.25,900.0,Shaanxi,station_table_pdf,North,36.25_111.25,36.25,111.25
537570-99999,537570,BOGUS CHINESE,CH,,0.0,0.0,-999.0,Shaanxi,station_table_pdf,Southwest,1.25_1.25,1.25,1.25
537630-99999,537630,BOGUS CHINESE,CH,,0.0,0.0,-999.0,Shanxi,station_table_pdf,Southwest,1.25_1.25,1.25,1.25
537640-99999,537640,LISHI,CH,,37.5,111.1,951.0,Shanxi,station_table_pdf,North,38.75_111.25,38.75,111.25
537720-99999,537720,WUSU,CH,ZBYN,37.747,112.628,784.9,Shanxi,station_table_pdf,North,38.75_113.75,38.75,113.75
537760-99999,537760,YU-CI (?),CH,,37.7,112.717,823.0,Shanxi,station_table_pdf,North,38.75_113.75,38.75,113.75
537820-99999,537820,YANGQUAN,CH,,37.817,113.567,908.0,Shanxi,station_table_pdf,North,38.75_113.75,38.75,113.75
537870-99999,537870,YUSHE,CH,,37.067,112.983,1042.0,Shanxi,station_table_pdf,North,36.25_113.75,36.25,113.75
537880-99999,537880,BOGUS CHINESE,CH,,0.0,0.0,-999.0,Shanxi,station_table_pdf,Southwest,1.25_1.25,1.25,1.25
537970-99999,537970,BOGUS CHINESE,CH,,,,,Hebei,station_table_pdf,Unmapped,nan_nan,,
537980-99999,537980,XINGTAI,CH,,37.183,114.367,184.0,Hebei,station_table_pdf,North,36.25_113.75,36.25,113.75
537981-99999,537981,HANDAN/HEIBEI,CH,ZBHD,36.533,114.433,69.8,Hebei,province_geojson,North,36.25_113.75,36.25,113.75
538050-99999,538050,HAI-YUAN,CH,,36.567,105.65,1850.0,Ningxia,province_geojson,North,36.25_106.25,36.25,106.25
538100-99999,538100,QI-YING,CH,,36.55,106.15,1615.0,Ningxia,station_table_pdf,North,36.25_106.25,36.25,106.25
538170-99999,538170,GUYUAN,CH,,36.017,106.283,1676.0,Ningxia,station_table_pdf,North,36.25_106.25,36.25,106.25
538180-99999,538180,BOGUS CHINESE,CH,,0.0,0.0,-999.0,Unmapped,unmapped,Southwest,1.25_1.25,1.25,1.25
538210-99999,538210,HUNG-TE,CH,,36.767,107.2,1322.0,Gansu,station_table_pdf,North,36.25_106.25,36.25,106.25
538230-99999,538230,BOGUS CHINESE,CH,,0.0,0.0,-999.0,Unmapped,unmapped,Southwest,1.25_1.25,1.25,1.25
538450-99999,538450,YAN AN,CH,ZLYA,36.6,109.5,959.0,Shaanxi,province_geojson,North,36.25_108.75,36.25,108.75
538530-99999,538530,XI-XIAN,CH,,36.7,110.933,1006.0,Shanxi,station_table_pdf,North,36.25_111.25,36.25,111.25
538630-99999,538630,JIEXIU,CH,,37.033,111.917,745.0,Shanxi,station_table_pdf,North,36.25_111.25,36.25,111.25
538650-99999,538650,BOGUS CHINESE,CH,,,,,Shanxi,station_table_pdf,Unmapped,nan_nan,,
538660-99999,538660,BOGUS CHINESE,CH,,0.0,0.0,-999.0,Shanxi,station_table_pdf,Southwest,1.25_1.25,1.25,1.25
538870-99999,538870,CHANG-ZHI,CH,,36.2,113.117,975.0,Shanxi,province_geojson,North,36.25_113.75,36.25,113.75
538980-99999,538980,ANYANG,CH,,36.05,114.133,195.7,Henan,station_table_pdf,North,36.25_113.75,36.25,113.75
539030-99999,539030,XI-JI,CH,,35.967,105.717,1935.0,Ningxia,station_table_pdf,North,36.25_106.25,36.25,106.25
539130-99999,539130,BOGUS CHINESE,CH,,,,,Unmapped,unmapped,Unmapped,nan_nan,,
539150-99999,539150,PINGLIANG,CH,,35.55,106.667,1348.0,Gansu,station_table_pdf,North,36.25_106.25,36.25,106.25
539230-99999,539230,XIFENGZHEN,CH,,35.733,107.633,1423.0,Gansu,station_table_pdf,North,36.25_108.75,36.25,108.75
539290-99999,539290,CHANG-WU,CH,,35.217,107.8,1219.0,Shaanxi,station_table_pdf,North,36.25_108.75,36.25,108.75
539420-99999,539420,LUO-CHUAN,CH,,35.75,109.417,1000.0,Shaanxi,station_table_pdf,North,36.25_108.75,36.25,108.75
539450-99999,539450,HUANG-LONG,CH,,0.0,0.0,-999.0,Shaanxi,station_table_pdf,Southwest,1.25_1.25,1.25,1.25
539470-99999,539470,TONGCHUAN,CH,,35.167,109.05,914.0,Shaanxi,station_table_pdf,North,36.25_108.75,36.25,108.75
539480-99999,539480,BOGUS CHINESE,CH,,,,,Shaanxi,station_table_pdf,Unmapped,nan_nan,,
539590-99999,539590,YUNCHENG,CH,,35.117,111.067,376.5,Shanxi,station_table_pdf,North,36.25_111.25,36.25,111.25
539750-99999,539750,YANGCHENG,CH,,35.483,112.4,659.0,Shanxi,station_table_pdf,North,36.25_111.25,36.25,111.25
539850-99999,539850,SHEN-CHUANG,CH,,0.0,0.0,-999.0,Henan,station_table_pdf,Southwest,1.25_1.25,1.25,1.25
540010-99999,540010,TAI-LE-MIN-SU-MU,CH,,44.9,115.417,1143.0,Inner Mongolia,province_geojson,North,43.75_116.25,43.75,116.25
540120-99999,540120,XI UJIMQIN QI,CH,,44.583,117.6,997.0,Inner Mongolia,station_table_pdf,North,43.75_118.75,43.75,118.75
540160-99999,540160,BOGUS CHINESE,CH,,0.0,0.0,-999.0,Unmapped,unmapped,Southwest,1.25_1.25,1.25,1.25
540170-99999,540170,BOGUS CHINESE,CH,,0.0,0.0,-999.0,Unmapped,unmapped,Southwest,1.25_1.25,1.25,1.25
540260-99999,540260,JARUD QI,CH,,44.567,120.9,266.0,Inner Mongolia,station_table_pdf,Northeast,43.75_121.25,43.75,121.25
540270-99999,540270,LINDONG,CH,,43.983,119.4,485.0,Inner Mongolia,station_table_pdf,Northeast,43.75_118.75,43.75,118.75
540280-99999,540280,BOGUS CHINESE,CH,,0.0,0.0,-999.0,Unmapped,unmapped,Southwest,1.25_1.25,1.25,1.25
540410-99999,540410,KAITONG/TONGYU,CH,,44.8,123.083,152.0,Jilin,station_table_pdf,Northeast,43.75_123.75,43.75,123.75
540490-99999,540490,CHANGLING,CH,,44.25,123.967,190.0,Jilin,station_table_pdf,Northeast,43.75_123.75,43.75,123.75
540630-99999,540630,WU-CHAI-CHAN,CH,,44.967,125.683,240.0,Jilin,station_table_pdf,Northeast,43.75_126.25,43.75,126.25
540680-99999,540680,BOGUS CHINESE,CH,,0.0,0.0,-999.0,Unmapped,unmapped,Southwest,1.25_1.25,1.25,1.25
540740-99999,540740,BOGUS CHINESE,CH,,0.0,0.0,-999.0,Unmapped,unmapped,Southwest,1.25_1.25,1.25,1.25
540940-99999,540940,MUDANJIANG,CH,,44.5,129.667,306.5,Heilongjiang,station_table_pdf,Northeast,43.75_128.75,43.75,128.75
540960-99999,540960,SUIFENHE,CH,,44.383,131.15,498.0,Heilongjiang,station_table_pdf,Northeast,43.75_131.25,43.75,131.25
541020-99999,541020,XILIN HOT,CH,,43.95,116.117,1004.0,Inner Mongolia,station_table_pdf,North,43.75_116.25,43.75,116.25
541150-99999,541150,LINXI,CH,,43.633,118.033,825.4,Inner Mongolia,station_table_pdf,Northeast,43.75_118.75,43.75,118.75
541250-99999,541250,BOGUS CHINESE,CH,,0.0,0.0,-999.0,Unmapped,unmapped,Southwest,1.25_1.25,1.25,1.25
541340-99999,541340,KAILU,CH,,43.617,121.317,274.0,Inner Mongolia,station_table_pdf,Northeast,43.75_121.25,43.75,121.25
541350-99999,541350,TONGLIAO,CH,,43.6,122.267,180.0,Inner Mongolia,station_table_pdf,Northeast,43.75_121.25,43.75,121.25
541420-99999,541420,WO-HU-TUN,CH,,43.7,123.6,183.0,Jilin,station_table_pdf,Northeast,43.75_123.75,43.75,123.75
541450-99999,541450,CHENG-CHIZ-T'UN,CH,,43.5,123.5,183.0,Jilin,province_geojson,Northeast,43.75_123.75,43.75,123.75
541570-99999,541570,SIPING,CH,,43.183,124.333,167.0,Jilin,station_table_pdf,Northeast,43.75_123.75,43.75,123.75
541580-99999,541580,BOGUS CHINESE,CH,,0.0,0.0,-999.0,Unmapped,unmapped,Southwest,1.25_1.25,1.25,1.25
541610-99999,541610,LONGJIA,CH,ZYCC,43.996,125.681,215.2,Jilin,station_table_pdf,Northeast,43.75_126.25,43.75,126.25
541611-99999,541611,TAIPING,CH,ZYHB,45.623,126.25,139.3,Heilongjiang,province_geojson,Northeast,46.25_126.25,46.25,126.25
541720-99999,541720,JILIN,CH,,43.85,126.55,188.0,Jilin,station_table_pdf,Northeast,43.75_126.25,43.75,126.25
541860-99999,541860,DUNHUA,CH,,43.367,128.2,525.0,Jilin,station_table_pdf,Northeast,43.75_128.75,43.75,128.75
541920-99999,541920,LUO-ZI-GOU,CH,,43.717,130.317,500.0,Jilin,station_table_pdf,Northeast,43.75_131.25,43.75,131.25
541950-99999,541950,WANG-CH'ING,CH,,43.317,129.75,244.0,Jilin,station_table_pdf,Northeast,43.75_128.75,43.75,128.75
542070-99999,542070,NAN-JUAN-ZI,CH,,42.3,115.683,1524.0,Inner Mongolia,province_geojson,North,41.25_116.25,41.25,116.25
542080-99999,542080,DUOLUN,CH,,42.183,116.467,1247.0,Inner Mongolia,station_table_pdf,North,41.25_116.25,41.25,116.25
542130-99999,542130,WUDAN/ONGNIUD QI,CH,,42.967,119.033,634.0,Inner Mongolia,station_table_pdf,Northeast,43.75_118.75,43.75,118.75
542180-99999,542180,CHIFENG,CH,,42.3,118.833,567.0,Inner Mongolia,station_table_pdf,Northeast,41.25_118.75,41.25,118.75
542260-99999,542260,BUGT,CH,,42.333,120.7,401.0,Inner Mongolia,station_table_pdf,Northeast,41.25_121.25,41.25,121.25
542350-99999,542350,HA-ERH-T'AO,CH,,42.5,122.133,183.0,Liaoning,province_geojson,Northeast,43.75_121.25,43.75,121.25
542360-99999,542360,ZHANGWU,CH,,42.417,122.533,84.0,Liaoning,station_table_pdf,Northeast,41.25_123.75,41.25,123.75
542370-99999,542370,FUXIN,CH,,42.0,121.633,182.0,Liaoning,province_geojson,Northeast,41.25_121.25,41.25,121.25
542590-99999,542590,QINGYUAN,CH,,42.067,124.867,230.0,Liaoning,station_table_pdf,Northeast,41.25_123.75,41.25,123.75
542730-99999,542730,HUADIAN,CH,,42.983,126.75,264.0,Jilin,station_table_pdf,Northeast,43.75_126.25,43.75,126.25
542740-99999,542740,HUI-NAN-ZHEN,CH,,0.0,0.0,-999.0,Jilin,station_table_pdf,Southwest,1.25_1.25,1.25,1.25
542760-99999,542760,JING-YU,CH,,0.0,0.0,-999.0,Jilin,station_table_pdf,Southwest,1.25_1.25,1.25,1.25
542840-99999,542840,FUSONG,CH,,42.333,127.283,610.0,Jilin,station_table_pdf,Northeast,41.25_126.25,41.25,126.25
542850-99999,542850,LUSHUIHE,CH,,42.517,127.8,853.0,Jilin,station_table_pdf,Northeast,43.75_128.75,43.75,128.75
542870-99999,542870,SONGJIANGHE,CH,,42.167,127.5,975.0,Jilin,province_geojson,Northeast,41.25_128.75,41.25,128.75
542920-99999,542920,YANJI,CH,,42.883,129.5,178.0,Jilin,station_table_pdf,Northeast,43.75_128.75,43.75,128.75
543080-99999,543080,FENGNING,CH,,41.2,116.633,661.0,Hebei,station_table_pdf,North,41.25_116.25,41.25,116.25
543110-99999,543110,WEICHANG,CH,,41.933,117.75,844.0,Hebei,station_table_pdf,North,41.25_118.75,41.25,118.75
543240-99999,543240,CHAOYANG,CH,,41.55,120.45,176.0,Liaoning,station_table_pdf,Northeast,41.25_121.25,41.25,121.25
543260-99999,543260,CHAOYANG AIRFIELD,CH,,41.583,120.433,152.0,Liaoning,station_table_pdf,Northeast,41.25_121.25,41.25,121.25
543350-99999,543350,GOUBANGZI,CH,,41.383,121.8,25.0,Liaoning,province_geojson,Northeast,41.25_121.25,41.25,121.25
543360-99999,543360,TAI-AN/SOUTHEAST,CH,,0.0,0.0,-999.0,Liaoning,station_table_pdf,Southwest,1.25_1.25,1.25,1.25
543370-99999,543370,JINZHOU,CH,,41.133,121.117,70.0,Liaoning,province_geojson,Northeast,41.25_121.25,41.25,121.25
543380-99999,543380,PAN-SHAN,CH,,0.0,0.0,-999.0,Liaoning,station_table_pdf,Southwest,1.25_1.25,1.25,1.25
543390-99999,543390,ANSHAN,CH,,41.133,122.983,17.0,Liaoning,station_table_pdf,Northeast,41.25_123.75,41.25,123.75
543420-99999,543420,SHENYANG,CH,ZYYY,41.733,123.517,43.0,Liaoning,station_table_pdf,Northeast,41.25_123.75,41.25,123.75
543424-99999,543424,TAOXIAN,CH,ZYTX,41.64,123.483,60.4,Liaoning,province_geojson,Northeast,41.25_123.75,41.25,123.75
543430-99999,543430,FU-SHUN,CH,,0.0,0.0,-999.0,Unmapped,unmapped,Southwest,1.25_1.25,1.25,1.25
543460-99999,543460,BENXI,CH,,41.317,123.783,185.0,Liaoning,station_table_pdf,Northeast,41.25_123.75,41.25,123.75
543510-99999,543510,DA-HUO-FANG,CH,,41.883,124.083,273.0,Liaoning,station_table_pdf,Northeast,41.25_123.75,41.25,123.75
543630-99999,543630,TONGHUA,CH,,41.717,125.917,312.0,Jilin,station_table_pdf,Northeast,41.25_126.25,41.25,126.25
543650-99999,543650,HUANREN,CH,,41.267,125.367,204.0,Liaoning,province_geojson,Northeast,41.25_126.25,41.25,126.25
543740-99999,543740,LINJIANG,CH,,41.8,126.917,381.0,Jilin,station_table_pdf,Northeast,41.25_126.25,41.25,126.25
543770-99999,543770,JI'AN,CH,,41.15,126.217,225.0,Jilin,station_table_pdf,Northeast,41.25_126.25,41.25,126.25
543780-99999,543780,CHING-ZHI (?),CH,,0.0,0.0,-999.0,Unmapped,unmapped,Southwest,1.25_1.25,1.25,1.25
543860-99999,543860,CHANGBAI,CH,,41.417,128.183,775.0,Jilin,station_table_pdf,Northeast,41.25_128.75,41.25,128.75
544010-99999,544010,ZHANGJIAKOU,CH,,40.783,114.883,726.0,Hebei,station_table_pdf,North,41.25_113.75,41.25,113.75
544050-99999,544050,HUAILAI,CH,,40.417,115.5,538.0,Hebei,station_table_pdf,North,41.25_116.25,41.25,116.25
544230-99999,544230,CHENGDE,CH,,40.967,117.917,423.0,Hebei,station_table_pdf,North,41.25_118.75,41.25,118.75
544290-99999,544290,ZUNHUA,CH,,40.2,117.967,152.0,Hebei,station_table_pdf,North,41.25_118.75,41.25,118.75
544360-99999,544360,QINGLONG,CH,,40.4,118.95,228.0,Hebei,station_table_pdf,Northeast,41.25_118.75,41.25,118.75
544490-99999,544490,SHAN-HAI-GUAN,CH,,40.0,119.75,27.0,Hebei,station_table_pdf,Northeast,41.25_118.75,41.25,118.75
544540-99999,544540,SUIZHONG,CH,,40.35,120.35,18.0,Liaoning,station_table_pdf,Northeast,41.25_121.25,41.25,121.25
544710-99999,544710,YINGKOU,CH,,40.667,122.2,4.0,Liaoning,station_table_pdf,Northeast,41.25_121.25,41.25,121.25
544740-99999,544740,BOGUS CHINESE,CH,,0.0,0.0,-999.0,Liaoning,station_table_pdf,Southwest,1.25_1.25,1.25,1.25
544770-99999,544770,XIONG-YUE-CHENG,CH,,40.167,122.133,1.0,Liaoning,province_geojson,Northeast,41.25_121.25,41.25,121.25
544830-99999,544830,CAOHEKOU,CH,,40.883,123.9,235.0,Liaoning,station_table_pdf,Northeast,41.25_123.75,41.25,123.75
544930-99999,544930,KUANDIAN,CH,,40.717,124.783,261.0,Liaoning,station_table_pdf,Northeast,41.25_123.75,41.25,123.75
544970-99999,544970,DANDONG,CH,,40.05,124.333,14.0,Liaoning,station_table_pdf,Northeast,41.25_123.75,41.25,123.75
544980-99999,544980,APPROXIMATE LOCALE,CH,,40.117,124.333,0.0,Liaoning,province_geojson,Northeast,41.25_123.75,41.25,123.75
545010-99999,545010,BOGUS CHINESE,CH,,0.0,0.0,-999.0,Beijing,station_table_pdf,Southwest,1.25_1.25,1.25,1.25
545110-99999,545110,BEIJING - CAPITAL INTERNATIONAL AIRPORT,CH,ZBAA,40.08,116.585,35.4,Beijing,station_table_pdf,North,41.25_116.25,41.25,116.25
545120-99999,545120,BEI-JING/NAN-YUAN,CH,,39.783,116.383,40.0,Hebei,station_table_pdf,North,38.75_116.25,38.75,116.25
545130-99999,545130,BEI-JING/TONG-XIAN,CH,,39.817,116.7,21.0,Beijing,station_table_pdf,North,38.75_116.25,38.75,116.25
545170-99999,545170,TS AN KANG,CH,,0.0,0.0,-999.0,Unmapped,unmapped,Southwest,1.25_1.25,1.25,1.25
545180-99999,545180,BAXIAN,CH,,39.05,116.4,8.0,Hebei,station_table_pdf,North,38.75_116.25,38.75,116.25
545230-99999,545230,YU-TIAN,CH,,0.0,0.0,-999.0,Tianjin,station_table_pdf,Southwest,1.25_1.25,1.25,1.25
545270-99999,545270,TIANJIN,CH,,39.1,117.167,5.0,Tianjin,station_table_pdf,North,38.75_116.25,38.75,116.25
545273-99999,545273,BINHAI,CH,ZBTJ,39.124,117.346,3.0,Tianjin,province_geojson,North,38.75_116.25,38.75,116.25
545280-99999,545280,TIAN-JIN/ZHANG-GUI,CH,,39.133,117.35,3.0,Tianjin,station_table_pdf,North,38.75_116.25,38.75,116.25
545290-99999,545290,CHAI-SHANG,CH,,0.0,0.0,-999.0,Tianjin,station_table_pdf,Southwest,1.25_1.25,1.25,1.25
545340-99999,545340,TANGSHAN,CH,,39.65,118.1,29.0,Hebei,station_table_pdf,North,38.75_118.75,38.75,118.75
545390-99999,545390,LETING,CH,,39.433,118.9,12.0,Hebei,station_table_pdf,North,38.75_118.75,38.75,118.75
545430-99999,545430,BOGUS CHINESE,CH,,0.0,0.0,-999.0,Unmapped,unmapped,Southwest,1.25_1.25,1.25,1.25
545630-99999,545630,FUXIAN/WAFANGDIAN,CH,,39.633,121.983,17.0,Liaoning,station_table_pdf,North,38.75_121.25,38.75,121.25
545640-99999,545640,BOGUS CHINESE,CH,,0.0,0.0,-999.0,Unmapped,unmapped,Southwest,1.25_1.25,1.25,1.25
545770-99999,545770,LU-DA/ZHENG-SHA-HE,CH,,39.267,122.083,31.0,Liaoning,province_geojson,North,38.75_121.25,38.75,121.25
545870-99999,545870,HAIYANG DAO,CH,,39.05,123.217,-999.9,Unmapped,unmapped,North,38.75_123.75,38.75,123.75
546020-99999,546020,BAODING,CH,,38.733,115.483,17.0,Hebei,station_table_pdf,North,38.75_116.25,38.75,116.25
546140-99999,546140,HE-JIAN,CH,,0.0,0.0,-999.0,Hebei,station_table_pdf,Southwest,1.25_1.25,1.25,1.25
546160-99999,546160,CANGZHOU,CH,,38.333,116.833,11.0,Hebei,station_table_pdf,North,38.75_116.25,38.75,116.25
546180-99999,546180,POTOU,CH,,38.083,116.55,13.0,Hebei,station_table_pdf,North,38.75_116.25,38.75,116.25
546230-99999,546230,TANGGU,CH,,39.017,117.6,4.0,Tianjin,station_table_pdf,North,38.75_118.75,38.75,118.75
546240-99999,546240,HUANGHUA,CH,,38.383,117.35,4.0,Hebei,station_table_pdf,North,38.75_116.25,38.75,116.25
546250-99999,546250,QI-KOU,CH,,0.0,0.0,-999.0,Unmapped,unmapped,Southwest,1.25_1.25,1.25,1.25
546260-99999,546260,BOGUS CHINESE,CH,,0.0,0.0,-999.0,Hebei,station_table_pdf,Southwest,1.25_1.25,1.25,1.25
546350-99999,546350,BOGUS CHINESE,CH,,0.0,0.0,-999.0,Unmapped,unmapped,Southwest,1.25_1.25,1.25,1.25
546430-99999,546430,MOORED VESSEL,CH,,38.967,119.95,6.0,Unmapped,unmapped,North,38.75_118.75,38.75,118.75
546460-99999,546460,MOORED VESSEL,CH,,38.35,119.683,6.0,Unmapped,unmapped,North,38.75_118.75,38.75,118.75
546530-99999,546530,BOGUS CHINESE,CH,,0.0,0.0,-999.0,Unmapped,unmapped,Southwest,1.25_1.25,1.25,1.25
546560-99999,546560,TUOJI ISLAND,CH,,38.167,120.783,59.0,Shandong,nearest_station_table_coord,North,38.75_121.25,38.75,121.25
546620-99999,546620,ZHOUSHUIZI,CH,ZYTL,38.966,121.539,32.6,Liaoning,station_table_pdf,North,38.75_121.25,38.75,121.25
546630-99999,546630,DA-SAN-SHAN ISLAND,CH,,38.883,121.817,161.0,Liaoning,nearest_station_table_coord,North,38.75_121.25,38.75,121.25
546800-99999,546800,BOGUS CHINESE,CH,,,,,Unmapped,unmapped,Unmapped,nan_nan,,
547020-99999,547020,WANG CHIA CHING,CH,,0.0,0.0,-999.0,Hebei,station_table_pdf,Southwest,1.25_1.25,1.25,1.25
547050-99999,547050,NANGONG,CH,,37.367,115.383,42.0,Hebei,station_table_pdf,North,36.25_116.25,36.25,116.25
547070-99999,547070,GUANG-ZUNG (?),CH,,0.0,0.0,-999.0,Hebei,station_table_pdf,Southwest,1.25_1.25,1.25,1.25
547130-99999,547130,BOGUS CHINESE,CH,,0.0,0.0,-999.0,Hebei,station_table_pdf,Southwest,1.25_1.25,1.25,1.25
547140-99999,547140,DEZHOU,CH,,37.433,116.317,22.0,Shandong,station_table_pdf,North,36.25_116.25,36.25,116.25
547150-99999,547150,LINGXIAN,CH,,37.333,116.567,19.0,Shandong,station_table_pdf,North,36.25_116.25,36.25,116.25
547160-99999,547160,LING HSIEN,CH,,0.0,0.0,-999.0,Shandong,station_table_pdf,Southwest,1.25_1.25,1.25,1.25
547230-99999,547230,ZHAN-CHENG,CH,,0.0,0.0,-999.0,Shandong,station_table_pdf,Southwest,1.25_1.25,1.25,1.25
547250-99999,547250,HUIMIN,CH,,37.5,117.533,12.0,Shandong,station_table_pdf,North,38.75_118.75,38.75,118.75
547260-99999,547260,BIN-XIAN,CH,,0.0,0.0,-999.0,Shandong,station_table_pdf,Southwest,1.25_1.25,1.25,1.25
547360-99999,547360,YONGAN,CH,,37.55,118.733,6.0,Shandong,station_table_pdf,North,38.75_118.75,38.75,118.75
547430-99999,547430,NAME UNKNOWN,CH,,0.0,0.0,-999.0,Unmapped,unmapped,Southwest,1.25_1.25,1.25,1.25
547450-99999,547450,CANG-SHANG,CH,,37.367,119.9,1.0,Shandong,province_geojson,North,36.25_118.75,36.25,118.75
547510-99999,547510,CHANG DAO,CH,,37.933,120.717,40.0,Shandong,station_table_pdf,North,38.75_121.25,38.75,121.25
547530-99999,547530,LONGKOU,CH,,37.617,120.317,5.0,Shandong,station_table_pdf,North,38.75_121.25,38.75,121.25
547560-99999,547560,DA-XIN-DIAN,CH,,37.617,120.9,100.0,Shandong,province_geojson,North,38.75_121.25,38.75,121.25
547570-99999,547570,APPROXIMATE LOCATIO,CH,,37.167,120.167,0.0,Shandong,province_geojson,North,36.25_121.25,36.25,121.25
547580-99999,547580,LAI-YANG AFLD (?),CH,,36.967,120.583,72.0,Shandong,province_geojson,North,36.25_121.25,36.25,121.25
547630-99999,547630,YANTAI,CH,,37.55,121.4,25.0,Shandong,province_geojson,North,38.75_121.25,38.75,121.25
547640-99999,547640,FU-SHAN (?),CH,,0.0,0.0,-999.0,Shandong,station_table_pdf,Southwest,1.25_1.25,1.25,1.25
547720-99999,547720,BOGUS CHINESE,CH,,,,,Unmapped,unmapped,Unmapped,nan_nan,,
547730-99999,547730,BOGUS CHINESE,CH,,,,,Unmapped,unmapped,Unmapped,nan_nan,,
547740-99999,547740,WEIHAI,CH,,37.45,122.033,61.0,Shandong,province_geojson,North,36.25_121.25,36.25,121.25
547760-99999,547760,CHENGSHANTOU,CH,,37.4,122.683,47.0,Shandong,station_table_pdf,North,36.25_123.75,36.25,123.75
547900-99999,547900,BOGUS CHINESE,CH,,,,,Unmapped,unmapped,Unmapped,nan_nan,,
548080-99999,548080,XINXIAN,CH,,36.233,115.667,38.0,Shandong,station_table_pdf,North,36.25_116.25,36.25,116.25
548230-99999,548230,JINAN/TSINAN,CH,ZSTN,36.683,116.983,58.0,Shandong,station_table_pdf,North,36.25_116.25,36.25,116.25
548260-99999,548260,TAI SHAN,CH,,36.25,117.1,1536.0,Shandong,station_table_pdf,North,36.25_116.25,36.25,116.25
548270-99999,548270,TAI-AN,CH,,36.183,117.133,155.0,Shandong,station_table_pdf,North,36.25_116.25,36.25,116.25
548300-99999,548300,LIN-ZI,CH,,36.867,118.333,55.0,Shandong,station_table_pdf,North,36.25_118.75,36.25,118.75
548360-99999,548360,YIYUAN,CH,,36.183,118.15,302.0,Shandong,station_table_pdf,North,36.25_118.75,36.25,118.75
548430-99999,548430,WEIFANG,CH,,36.767,119.183,22.0,Shandong,station_table_pdf,North,36.25_118.75,36.25,118.75
548460-99999,548460,GAO-MI (?),CH,,36.383,119.733,38.0,Shandong,station_table_pdf,North,36.25_118.75,36.25,118.75
548520-99999,548520,LAIYANG,CH,,36.983,120.65,72.0,Shandong,station_table_pdf,North,36.25_121.25,36.25,121.25
548525-99999,548525,NANTONG,CH,ZSNT,32.02,120.85,6.0,Jiangsu,province_geojson,East,31.25_121.25,31.25,121.25
548530-99999,548530,NANWU,CH,,0.0,0.0,-999.0,Shandong,station_table_pdf,Southwest,1.25_1.25,1.25,1.25
548570-99999,548570,LIUTING,CH,ZSQD,36.266,120.374,10.1,Shandong,station_table_pdf,North,36.25_121.25,36.25,121.25
548580-99999,548580,CANG-KOU,CH,,36.167,120.367,10.0,Shandong,province_geojson,North,36.25_121.25,36.25,121.25
548630-99999,548630,HAIYANG,CH,,36.767,121.167,64.0,Shandong,station_table_pdf,North,36.25_121.25,36.25,121.25
548680-99999,548680,QIAN-LI ISLAND,CH,,36.267,121.383,18.0,Unmapped,unmapped,North,36.25_121.25,36.25,121.25
548970-99999,548970,BOGUS CHINESE,CH,,,,,Unmapped,unmapped,Unmapped,nan_nan,,
549060-99999,549060,HEZE/CAOZHOU,CH,,35.25,115.433,51.0,Shandong,station_table_pdf,North,36.25_116.25,36.25,116.25
549070-99999,549070,DING-TAO,CH,,35.067,115.567,0.0,Shandong,station_table_pdf,North,36.25_116.25,36.25,116.25
549090-99999,549090,DINGTAO,CH,,35.083,115.517,51.0,Shandong,station_table_pdf,North,36.25_116.25,36.25,116.25
549150-99999,549150,JI-NING,CH,,0.0,0.0,-999.0,Shandong,station_table_pdf,Southwest,1.25_1.25,1.25,1.25
549160-99999,549160,YANZHOU,CH,,35.567,116.85,53.0,Shandong,station_table_pdf,North,36.25_116.25,36.25,116.25
549230-99999,549230,MENG YIN,CH,,0.0,0.0,-999.0,Shandong,station_table_pdf,Southwest,1.25_1.25,1.25,1.25
549290-99999,549290,FEZXZAN,CH,,35.25,117.95,120.0,Shandong,station_table_pdf,North,36.25_118.75,36.25,118.75
549360-99999,549360,JUXIAN,CH,,35.55,118.75,109.0,Shandong,station_table_pdf,North,36.25_118.75,36.25,118.75
549380-99999,549380,LINYI,CH,,35.05,118.35,86.0,Shandong,station_table_pdf,North,36.25_118.75,36.25,118.75
549450-99999,549450,RIZHAO,CH,,35.433,119.533,37.0,Shandong,station_table_pdf,North,36.25_118.75,36.25,118.75
549460-99999,549460,BOGUS CHINESE,CH,,0.0,0.0,-999.0,Unmapped,unmapped,Southwest,1.25_1.25,1.25,1.25
549480-99999,549480,BOGUS CHINESE,CH,,,,,Unmapped,unmapped,Unmapped,nan_nan,,
549520-99999,549520,FLASHING LIGHT,CH,,35.967,120.483,25.0,Shandong,nearest_station_table_coord,North,36.25_121.25,36.25,121.25
551700-99999,551700,,,,,,,Unmapped,unmapped,Unmapped,nan_nan,,
552280-99999,552280,SHIQUANHE,CH,,32.5,80.083,4280.0,Tibet,station_table_pdf,Qinghai-Tibet,33.75_81.25,33.75,81.25
552480-99999,552480,LUMARINGBO,CH,,32.3,84.05,4420.0,Tibet,station_table_pdf,Qinghai-Tibet,31.25_83.75,31.25,83.75
552700-99999,552700,,,,,,,Unmapped,unmapped,Unmapped,nan_nan,,
552790-99999,552790,BAINGOIN,CH,,31.367,90.017,4701.0,Tibet,province_geojson,Qinghai-Tibet,31.25_91.25,31.25,91.25
552940-99999,552940,P'A-NA,CH,,32.267,91.667,4724.0,Tibet,province_geojson,Qinghai-Tibet,31.25_91.25,31.25,91.25
552990-99999,552990,NAGQU,CH,,31.483,92.067,4508.0,Tibet,station_table_pdf,Qinghai-Tibet,31.25_91.25,31.25,91.25
553850-99999,553850,BOGUS CHINESE,CH,,31.48,92.06,-999.0,Tibet,province_geojson,Southwest,31.25_91.25,31.25,91.25
554370-99999,554370,T'U-KO-ERH-HO-KUNG,CH,,30.55,81.433,4736.0,Tibet,station_table_pdf,Qinghai-Tibet,31.25_81.25,31.25,81.25
554720-99999,554720,XAINZA,CH,,30.95,88.633,4670.0,Tibet,province_geojson,Qinghai-Tibet,31.25_88.75,31.25,88.75
554930-99999,554930,ZHA-TE-KE-TANG,CH,,30.733,92.45,4724.0,Tibet,station_table_pdf,Qinghai-Tibet,31.25_91.25,31.25,91.25
555690-99999,555690,LHAZE,CH,,29.067,87.683,4237.0,Tibet,station_table_pdf,Qinghai-Tibet,28.75_88.75,28.75,88.75
555780-99999,555780,XIGAZE,CH,,29.25,88.883,3837.0,Tibet,province_geojson,Qinghai-Tibet,28.75_88.75,28.75,88.75
555850-99999,555850,BOGUS CHINESE,CH,,29.5,90.25,-999.0,Tibet,province_geojson,Southwest,28.75_91.25,28.75,91.25
555910-99999,555910,LHASA,CH,ZULS,29.667,91.133,3650.0,Tibet,province_geojson,Qinghai-Tibet,28.75_91.25,28.75,91.25
555980-99999,555980,NEDONG,CH,,29.233,91.767,3657.0,Tibet,station_table_pdf,Qinghai-Tibet,28.75_91.25,28.75,91.25
556560-99999,556560,YALEP,CH,,28.383,86.15,5181.0,Tibet,province_geojson,Qinghai-Tibet,28.75_86.25,28.75,86.25
556640-99999,556640,TINGRI,CH,,28.633,87.083,4300.0,Tibet,station_table_pdf,Qinghai-Tibet,28.75_86.25,28.75,86.25
556800-99999,556800,GYANGZE,CH,,29.0,89.633,3657.0,Tibet,station_table_pdf,Qinghai-Tibet,28.75_88.75,28.75,88.75
556900-99999,556900,CHE-KU,CH,,28.7,91.633,4336.0,Tibet,province_geojson,Qinghai-Tibet,28.75_91.25,28.75,91.25
556960-99999,556960,LHUNZE,CH,,28.417,92.467,3861.0,Tibet,province_geojson,Qinghai-Tibet,28.75_91.25,28.75,91.25
557730-99999,557730,PAGRI,CH,,27.733,89.083,4300.0,Tibet,province_geojson,Qinghai-Tibet,28.75_88.75,28.75,88.75
558210-99999,558210,BOGUS CHINESE,CH,,,,,Unmapped,unmapped,Unmapped,nan_nan,,
559850-99999,559850,,,,,,,Unmapped,unmapped,Unmapped,nan_nan,,
559910-99999,559910,,,,,,,Unmapped,unmapped,Unmapped,nan_nan,,
560040-99999,560040,TUOTUOHE,CH,,34.217,92.433,4535.0,Qinghai,station_table_pdf,Qinghai-Tibet,33.75_91.25,33.75,91.25
560160-99999,560160,BIE-LI-XI-DU,CH,,34.1,95.033,4785.0,Qinghai,station_table_pdf,Qinghai-Tibet,33.75_96.25,33.75,96.25
560180-99999,560180,ZADOI,CH,,32.9,95.3,4068.0,Qinghai,station_table_pdf,Qinghai-Tibet,33.75_96.25,33.75,96.25
560190-99999,560190,BOGUS CHINESE,CH,,0.0,0.0,-999.0,Unmapped,unmapped,Southwest,1.25_1.25,1.25,1.25
560210-99999,560210,QUMARLEB,CH,,34.133,95.783,4176.0,Qinghai,station_table_pdf,Qinghai-Tibet,33.75_96.25,33.75,96.25
560230-99999,560230,NAME/LOCATION UNKN,CH,,0.0,0.0,-999.0,Unmapped,unmapped,Southwest,1.25_1.25,1.25,1.25
560260-99999,560260,BOGUS CHINESE,CH,,0.0,0.0,-999.0,Unmapped,unmapped,Southwest,1.25_1.25,1.25,1.25
560280-99999,560280,BOGUS CHINESE,CH,,0.0,0.0,-999.0,Unmapped,unmapped,Southwest,1.25_1.25,1.25,1.25
560290-99999,560290,YUSHU,CH,,33.017,96.95,3682.0,Qinghai,station_table_pdf,Qinghai-Tibet,33.75_96.25,33.75,96.25
560295-99999,560295,YUSHU BATANG AIRPORT,CH,ZLYS,32.817,97.133,3890.0,Qinghai,province_geojson,Qinghai-Tibet,33.75_96.25,33.75,96.25
560310-99999,560310,APPROXIMATE LOCALE,CH,,34.833,97.467,0.0,Qinghai,province_geojson,Southwest,33.75_96.25,33.75,96.25
560330-99999,560330,MADOI,CH,,34.917,98.217,4273.0,Qinghai,station_table_pdf,Qinghai-Tibet,33.75_98.75,33.75,98.75
560340-99999,560340,QINGSHUI-HE,CH,,33.8,97.133,4419.0,Qinghai,station_table_pdf,Qinghai-Tibet,33.75_96.25,33.75,96.25
560360-99999,560360,CANG-DUO (?),CH,,0.0,0.0,-999.0,Unmapped,unmapped,Southwest,1.25_1.25,1.25,1.25
560380-99999,560380,SHIQU,CH,,32.983,98.1,4114.0,Sichuan,station_table_pdf,Qinghai-Tibet,33.75_98.75,33.75,98.75
560410-99999,560410,UNKNOWN,CH,,34.5,98.883,4175.0,Qinghai,province_geojson,Qinghai-Tibet,33.75_98.75,33.75,98.75
560420-99999,560420,BOGUS CHINESE,CH,,,,,Unmapped,unmapped,Unmapped,nan_nan,,
560430-99999,560430,BOGUS CHINESE,CH,,,,,Qinghai,station_table_pdf,Unmapped,nan_nan,,
560440-99999,560440,BOGUS CHINESE,CH,,,,,Unmapped,unmapped,Unmapped,nan_nan,,
560460-99999,560460,DARLAG,CH,,33.75,99.65,3968.0,Qinghai,station_table_pdf,Qinghai-Tibet,33.75_98.75,33.75,98.75
560570-99999,560570,BOGUS CHINESE,CH,,,,,Unmapped,unmapped,Unmapped,nan_nan,,
560650-99999,560650,HENAN,CH,,34.733,101.6,3501.0,Qinghai,station_table_pdf,Qinghai-Tibet,33.75_101.25,33.75,101.25
560670-99999,560670,JIGZHI,CH,,33.467,101.483,3350.0,Qinghai,station_table_pdf,Qinghai-Tibet,33.75_101.25,33.75,101.25
560690-99999,560690,BOGUS CHINESE,CH,,0.0,0.0,-999.0,Unmapped,unmapped,Southwest,1.25_1.25,1.25,1.25
560700-99999,560700,BOGUS CHINESE,CH,,0.0,0.0,-999.0,Unmapped,unmapped,Southwest,1.25_1.25,1.25,1.25
560740-99999,560740,GA-HAI,CH,,34.2,102.3,3109.0,Gansu,station_table_pdf,Qinghai-Tibet,33.75_101.25,33.75,101.25
560750-99999,560750,LANG-MU-SI,CH,,34.1,102.617,3565.0,Gansu,province_geojson,Qinghai-Tibet,33.75_103.75,33.75,103.75
560790-99999,560790,RUO'ERGAI,CH,,33.583,102.967,3441.0,Sichuan,station_table_pdf,Qinghai-Tibet,33.75_103.75,33.75,103.75
560800-99999,560800,HEZUO,CH,,35.0,102.9,2910.0,Gansu,station_table_pdf,Qinghai-Tibet,36.25_103.75,36.25,103.75
560860-99999,560860,BOGUS CHINESE,CH,,0.0,0.0,-999.0,Unmapped,unmapped,Southwest,1.25_1.25,1.25,1.25
560890-99999,560890,BAI-GU-SI,CH,,0.0,0.0,-999.0,Unmapped,unmapped,Southwest,1.25_1.25,1.25,1.25
560900-99999,560900,BOGUS CHINESE,CH,,,,,Unmapped,unmapped,Unmapped,nan_nan,,
560930-99999,560930,WU-SHAN,CH,,34.717,104.883,1371.0,Gansu,station_table_pdf,Southwest,33.75_103.75,33.75,103.75
560960-99999,560960,WUDU,CH,,33.4,104.917,1079.0,Gansu,station_table_pdf,Southwest,33.75_103.75,33.75,103.75
561060-99999,561060,SOG XIAN,CH,,31.883,93.783,4024.0,Tibet,province_geojson,Qinghai-Tibet,31.25_93.75,31.25,93.75
561160-99999,561160,DENGQEN,CH,,31.417,95.6,3874.0,Tibet,station_table_pdf,Qinghai-Tibet,31.25_96.25,31.25,96.25
561250-99999,561250,NANGQEN,CH,,32.25,96.217,4145.0,Qinghai,station_table_pdf,Qinghai-Tibet,31.25_96.25,31.25,96.25
561260-99999,561260,BOGUS CHINESE,CH,,0.0,0.0,-999.0,Unmapped,unmapped,Southwest,1.25_1.25,1.25,1.25
561270-99999,561270,BOGUS CHINESE,CH,,0.0,0.0,-999.0,Unmapped,unmapped,Southwest,1.25_1.25,1.25,1.25
561320-99999,561320,GAO-RIK,CH,,32.5,97.933,3657.0,Sichuan,province_geojson,Qinghai-Tibet,33.75_98.75,33.75,98.75
561370-99999,561370,QAMDO,CH,,31.15,97.167,3307.0,Tibet,station_table_pdf,Qinghai-Tibet,31.25_96.25,31.25,96.25
561380-99999,561380,QING-NI-DONG (?),CH,,0.0,0.0,-999.0,Unmapped,unmapped,Southwest,1.25_1.25,1.25,1.25
561440-99999,561440,DEGE,CH,,31.733,98.567,3201.0,Sichuan,station_table_pdf,Qinghai-Tibet,31.25_98.75,31.25,98.75
561460-99999,561460,GARZE,CH,,31.617,100.0,3394.0,Sichuan,station_table_pdf,Qinghai-Tibet,31.25_101.25,31.25,101.25
561470-99999,561470,CHUN-LUO-SI,CH,,0.0,0.0,-999.0,Sichuan,station_table_pdf,Southwest,1.25_1.25,1.25,1.25
561510-99999,561510,LUO-XUE,CH,,32.567,100.583,3505.0,Qinghai,station_table_pdf,Qinghai-Tibet,33.75_101.25,33.75,101.25
561520-99999,561520,SERTAR,CH,,32.283,100.333,3896.0,Sichuan,station_table_pdf,Qinghai-Tibet,31.25_101.25,31.25,101.25
561560-99999,561560,BOGUS CHINESE,CH,,,,,Unmapped,unmapped,Unmapped,nan_nan,,
561570-99999,561570,BOGUS CHINESE,CH,,,,,Unmapped,unmapped,Unmapped,nan_nan,,
561670-99999,561670,DAWU,CH,,30.983,101.117,2959.0,Sichuan,station_table_pdf,Qinghai-Tibet,31.25_101.25,31.25,101.25
561710-99999,561710,A-BA,CH,,32.917,101.7,3170.0,Sichuan,station_table_pdf,Qinghai-Tibet,33.75_101.25,33.75,101.25
561720-99999,561720,BARKAM,CH,,31.9,102.233,2666.0,Sichuan,station_table_pdf,Qinghai-Tibet,31.25_101.25,31.25,101.25
561730-99999,561730,MA-TANG,CH,,31.85,102.7,3422.0,Sichuan,station_table_pdf,Qinghai-Tibet,31.25_103.75,31.25,103.75
561780-99999,561780,XIAO-JIN,CH,,31.017,102.367,2426.0,Sichuan,station_table_pdf,Qinghai-Tibet,31.25_101.25,31.25,101.25
561820-99999,561820,SONGPAN,CH,,32.667,103.6,2882.5,Sichuan,station_table_pdf,Qinghai-Tibet,33.75_103.75,33.75,103.75
561870-99999,561870,WENJIANG,CH,,30.75,103.867,541.0,Sichuan,station_table_pdf,Southwest,31.25_103.75,31.25,103.75
561880-99999,561880,WENCHUAN,CH,,31.483,103.583,2042.0,Sichuan,station_table_pdf,Qinghai-Tibet,31.25_103.75,31.25,103.75
561920-99999,561920,BOGUS CHINESE,CH,,,,,Gansu,station_table_pdf,Unmapped,nan_nan,,
561930-99999,561930,PINGWU,CH,,32.417,104.517,894.0,Sichuan,province_geojson,Southwest,31.25_103.75,31.25,103.75
561940-99999,561940,BOGUS CHINESE,CH,,,,,Unmapped,unmapped,Unmapped,nan_nan,,
561960-99999,561960,MIANYANG,CH,,31.45,104.733,522.0,Sichuan,province_geojson,Southwest,31.25_103.75,31.25,103.75
562020-99999,562020,JIA-LI,CH,,30.783,93.4,4876.0,Tibet,province_geojson,Qinghai-Tibet,31.25_93.75,31.25,93.75
562370-99999,562370,BANG-DA,CH,,0.0,0.0,-999.0,Unmapped,unmapped,Southwest,1.25_1.25,1.25,1.25
562470-99999,562470,BATANG,CH,,30.0,99.1,2589.0,Sichuan,station_table_pdf,Qinghai-Tibet,31.25_98.75,31.25,98.75
562510-99999,562510,XINLONG/NYAGRONG,CH,,30.967,100.2,3500.0,Sichuan,station_table_pdf,Qinghai-Tibet,31.25_101.25,31.25,101.25
562570-99999,562570,LITANG,CH,,30.0,100.267,3950.0,Sichuan,station_table_pdf,Qinghai-Tibet,31.25_101.25,31.25,101.25
562650-99999,562650,QIAN-NING,CH,,30.5,101.483,3452.0,Sichuan,province_geojson,Qinghai-Tibet,31.25_101.25,31.25,101.25
562870-99999,562870,YA'AN,CH,,29.983,103.0,629.0,Sichuan,province_geojson,Southwest,28.75_103.75,28.75,103.75
562940-99999,562940,SHUANGLIU,CH,ZUUU,30.579,103.947,495.3,Sichuan,province_geojson,Southwest,31.25_103.75,31.25,103.75
562950-99999,562950,CHIEN YANG,CH,,0.0,0.0,-999.0,Unmapped,unmapped,Southwest,1.25_1.25,1.25,1.25
562970-99999,562970,REN-SHOU,CH,,30.0,104.133,610.0,Sichuan,station_table_pdf,Southwest,31.25_103.75,31.25,103.75
563120-99999,563120,NYINGCHI,CH,,29.567,94.467,3001.0,Tibet,station_table_pdf,Qinghai-Tibet,28.75_93.75,28.75,93.75
563470-99999,563470,ZEN-YAN (?),CH,,0.0,0.0,-999.0,Unmapped,unmapped,Southwest,1.25_1.25,1.25,1.25
563570-99999,563570,DAOCHENG,CH,,29.05,100.3,3729.0,Sichuan,station_table_pdf,Qinghai-Tibet,28.75_101.25,28.75,101.25
563740-99999,563740,KANGDING,CH,,30.05,101.967,2617.0,Sichuan,station_table_pdf,Qinghai-Tibet,31.25_101.25,31.25,101.25
563750-99999,563750,HAN-YUAN-JIE,CH,,0.0,0.0,-999.0,Unmapped,unmapped,Southwest,1.25_1.25,1.25,1.25
563840-99999,563840,E-BIAN,CH,,0.0,0.0,-999.0,Sichuan,station_table_pdf,Southwest,1.25_1.25,1.25,1.25
563850-99999,563850,EMEI SHAN,CH,,29.517,103.333,3049.0,Sichuan,station_table_pdf,Qinghai-Tibet,28.75_103.75,28.75,103.75
563860-99999,563860,LESHAN,CH,,29.567,103.767,440.0,Sichuan,station_table_pdf,Southwest,28.75_103.75,28.75,103.75
564440-99999,564440,DEQEN,CH,,28.45,98.883,3320.0,Yunnan,station_table_pdf,Qinghai-Tibet,28.75_98.75,28.75,98.75
564590-99999,564590,TU-ZHA,CH,,28.15,100.933,2743.0,Sichuan,station_table_pdf,Qinghai-Tibet,28.75_101.25,28.75,101.25
564620-99999,564620,JIULONG,CH,,29.0,101.5,2994.0,Sichuan,station_table_pdf,Qinghai-Tibet,28.75_101.25,28.75,101.25
564625-99999,564625,DAYONG,CH,ZGDY,29.133,100.483,900.0,Sichuan,province_geojson,Southwest,28.75_101.25,28.75,101.25
564720-99999,564720,GAN-LUO,CH,,0.0,0.0,-999.0,Unmapped,unmapped,Southwest,1.25_1.25,1.25,1.25
564740-99999,564740,MIAN-NING,CH,,0.0,0.0,-999.0,Sichuan,station_table_pdf,Southwest,1.25_1.25,1.25,1.25
564750-99999,564750,YUEXE,CH,,28.617,102.6,1736.0,Sichuan,station_table_pdf,Qinghai-Tibet,28.75_103.75,28.75,103.75
564850-99999,564850,HU-JIA-PU-ZIIA,CH,,28.517,103.617,1485.0,Sichuan,station_table_pdf,Southwest,28.75_103.75,28.75,103.75
564920-99999,564920,YIBIN,CH,,28.8,104.6,342.0,Sichuan,station_table_pdf,Southwest,28.75_103.75,28.75,103.75
564940-99999,564940,PING-SHAN (?),CH,,0.0,0.0,-999.0,Sichuan,station_table_pdf,Southwest,1.25_1.25,1.25,1.25
565330-99999,565330,LA-WAN,CH,,27.683,98.35,3352.0,Yunnan,station_table_pdf,Qinghai-Tibet,28.75_98.75,28.75,98.75
565430-99999,565430,ZHONGDIAN,CH,,27.7,99.7,3001.0,Yunnan,station_table_pdf,Qinghai-Tibet,28.75_98.75,28.75,98.75
565480-99999,565480,WEIXI,CH,,27.217,99.317,2743.0,Yunnan,station_table_pdf,Qinghai-Tibet,26.25_98.75,26.25,98.75
565610-99999,565610,DA-CUN,CH,,0.0,0.0,-999.0,Unmapped,unmapped,Southwest,1.25_1.25,1.25,1.25
565620-99999,565620,BOGUS CHINESE,CH,,0.0,0.0,-999.0,Unmapped,unmapped,Southwest,1.25_1.25,1.25,1.25
565650-99999,565650,YANYUAN,CH,,27.433,101.533,2591.0,Sichuan,station_table_pdf,Qinghai-Tibet,26.25_101.25,26.25,101.25
565710-99999,565710,XICHANG,CH,,27.9,102.267,1599.0,Sichuan,station_table_pdf,Qinghai-Tibet,28.75_101.25,28.75,101.25
565760-99999,565760,ZHAO-ZI-BA,CH,,27.6,102.85,2347.0,Sichuan,province_geojson,Qinghai-Tibet,28.75_103.75,28.75,103.75
565770-99999,565770,BOGUS CHINESE,CH,,,,,Unmapped,unmapped,Unmapped,nan_nan,,
565810-99999,565810,TIAN-DI-BA,CH,,0.0,0.0,-999.0,Unmapped,unmapped,Southwest,1.25_1.25,1.25,1.25
565860-99999,565860,ZHAOTONG,CH,,27.333,103.75,1950.0,Yunnan,station_table_pdf,Qinghai-Tibet,26.25_103.75,26.25,103.75
566510-99999,566510,LIJING,CH,,26.833,100.217,2382.0,Yunnan,station_table_pdf,Qinghai-Tibet,26.25_101.25,26.25,101.25
566520-99999,566520,BOGUS CHINESE,CH,,,,,Yunnan,station_table_pdf,Unmapped,nan_nan,,
566640-99999,566640,LA-SHI,CH,,26.367,101.217,1210.0,Yunnan,station_table_pdf,Southwest,26.25_101.25,26.25,101.25
566710-99999,566710,HUILI,CH,,26.65,102.25,1788.0,Sichuan,station_table_pdf,Qinghai-Tibet,26.25_101.25,26.25,101.25
566740-99999,566740,OGUS CHINESE,CH,,0.0,0.0,-999.0,Sichuan,station_table_pdf,Southwest,1.25_1.25,1.25,1.25
566810-99999,566810,APPROXIMATE LOCALE,CH,,26.833,103.167,0.0,Yunnan,province_geojson,Southwest,26.25_103.75,26.25,103.75
566840-99999,566840,HUIZE,CH,,26.4,103.25,2189.3,Yunnan,station_table_pdf,Qinghai-Tibet,26.25_103.75,26.25,103.75
566910-99999,566910,WEINING,CH,,26.867,104.283,2236.0,Guizhou,station_table_pdf,Qinghai-Tibet,26.25_103.75,26.25,103.75
567380-99999,567380,MENG-KA,CH,,25.217,97.867,2134.0,Yunnan,province_geojson,Southwest,26.25_98.75,26.25,98.75
567390-99999,567390,TENGCHONG,CH,,24.983,98.5,1696.9,Yunnan,station_table_pdf,Southwest,23.75_98.75,23.75,98.75
567410-99999,567410,LIU-KU,CH,,25.783,98.85,2377.0,Yunnan,province_geojson,Southwest,26.25_98.75,26.25,98.75
567450-99999,567450,SHAN-YAN-ZHEN,CH,,0.0,0.0,-999.0,Yunnan,station_table_pdf,Southwest,1.25_1.25,1.25,1.25
567480-99999,567480,BAOSHAN,CH,,25.117,99.183,1649.0,Yunnan,station_table_pdf,Southwest,26.25_98.75,26.25,98.75
567510-99999,567510,DALI,CH,,25.7,100.183,1992.0,Yunnan,station_table_pdf,Southwest,26.25_101.25,26.25,101.25
567630-99999,567630,YUANMOU,CH,,25.733,101.867,1120.0,Yunnan,province_geojson,Southwest,26.25_101.25,26.25,101.25
567680-99999,567680,CHUXIONG,CH,,25.017,101.517,1820.0,Yunnan,province_geojson,Southwest,26.25_101.25,26.25,101.25
567760-99999,567760,APPROXIMATE LOCALE,CH,,25.633,102.967,0.0,Yunnan,province_geojson,Southwest,26.25_103.75,26.25,103.75
567780-99999,567780,WUJIABA,CH,ZPPP,24.992,102.744,1894.9,Yunnan,station_table_pdf,Southwest,23.75_103.75,23.75,103.75
567860-99999,567860,ZHANYI,CH,,25.583,103.833,1900.0,Yunnan,province_geojson,Southwest,26.25_103.75,26.25,103.75
567930-99999,567930,PU-AN,CH,,25.783,104.95,2133.0,Guizhou,station_table_pdf,Southwest,26.25_103.75,26.25,103.75
568380-99999,568380,RUILI,CH,,24.0,97.85,776.0,Yunnan,province_geojson,Southwest,23.75_98.75,23.75,98.75
568390-99999,568390,LU-XI,CH,,24.283,98.467,1524.0,Yunnan,station_table_pdf,Southwest,23.75_98.75,23.75,98.75
568560-99999,568560,JING-DONG,CH,,24.433,100.85,1676.0,Yunnan,station_table_pdf,Southwest,23.75_101.25,23.75,101.25
568750-99999,568750,YUXI,CH,,24.45,102.567,1677.0,Yunnan,station_table_pdf,Southwest,23.75_103.75,23.75,103.75
568850-99999,568850,MI-LE (?),CH,,24.4,103.433,1402.0,Yunnan,station_table_pdf,Southwest,23.75_103.75,23.75,103.75
568860-99999,568860,LUXI,CH,,24.533,103.767,1708.0,Yunnan,station_table_pdf,Southwest,23.75_103.75,23.75,103.75
569150-99999,569150,NAME/LOCATION UNKN,CH,,0.0,0.0,-999.0,Unmapped,unmapped,Southwest,1.25_1.25,1.25,1.25
569160-99999,569160,NAME/LOCATION UNKN,CH,,0.0,0.0,-999.0,Unmapped,unmapped,Southwest,1.25_1.25,1.25,1.25
569420-99999,569420,MENG-SA,CH,,23.717,99.633,1524.0,Yunnan,province_geojson,Southwest,23.75_98.75,23.75,98.75
569450-99999,569450,MENGDING,CH,,23.567,99.083,512.0,Yunnan,province_geojson,Southwest,23.75_98.75,23.75,98.75
569460-99999,569460,GENGMA,CH,,23.55,99.4,1104.0,Yunnan,station_table_pdf,Southwest,23.75_98.75,23.75,98.75
569510-99999,569510,LINCANG,CH,,23.95,100.217,1503.0,Yunnan,station_table_pdf,Southwest,23.75_101.25,23.75,101.25
569540-99999,569540,LANCANG,CH,,22.567,99.933,1054.0,Yunnan,station_table_pdf,Southwest,23.75_98.75,23.75,98.75
569590-99999,569590,JINGHONG,CH,,22.0,100.783,579.0,Yunnan,province_geojson,Southwest,21.25_101.25,21.25,101.25
569640-99999,569640,SIMAO,CH,,22.767,100.983,1303.0,Yunnan,station_table_pdf,Southwest,23.75_101.25,23.75,101.25
569650-99999,569650,MENG-WANG,CH,,22.483,101.3,975.0,Yunnan,province_geojson,Southwest,21.25_101.25,21.25,101.25
569660-99999,569660,YUANJIANG,CH,,23.6,101.983,398.0,Yunnan,station_table_pdf,Southwest,23.75_101.25,23.75,101.25
569690-99999,569690,MENGLA,CH,,21.5,101.583,633.0,Yunnan,station_table_pdf,Southwest,21.25_101.25,21.25,101.25
569750-99999,569750,YI-SHA,CH,,23.317,102.367,1215.0,Yunnan,station_table_pdf,Southwest,23.75_101.25,23.75,101.25
569770-99999,569770,JIANGCHENG,CH,,22.617,101.817,1121.0,Yunnan,station_table_pdf,Southwest,23.75_101.25,23.75,101.25
569790-99999,569790,JIE-JIE,CH,,0.0,0.0,-999.0,Unmapped,unmapped,Southwest,1.25_1.25,1.25,1.25
569820-99999,569820,KAI-YUAN,CH,,0.0,0.0,-999.0,Yunnan,station_table_pdf,Southwest,1.25_1.25,1.25,1.25
569830-99999,569830,BING-YUAN-JIE,CH,,23.7,103.833,1524.0,Yunnan,province_geojson,Southwest,23.75_103.75,23.75,103.75
569850-99999,569850,MENGZI,CH,,23.45,103.333,1313.6,Yunnan,province_geojson,Southwest,23.75_103.75,23.75,103.75
569860-99999,569860,DEHOUJIE,CH,,23.583,103.867,1423.0,Yunnan,province_geojson,Southwest,23.75_103.75,23.75,103.75
569870-99999,569870,BOGUS CHINESE,CH,,,,,Yunnan,station_table_pdf,Unmapped,nan_nan,,
569880-99999,569880,BOGUS CHINESE,CH,,,,,Unmapped,unmapped,Unmapped,nan_nan,,
569890-99999,569890,HE-KOU,CH,,22.5,103.95,1363.0,Unmapped,unmapped,Southwest,23.75_103.75,23.75,103.75
569940-99999,569940,WENSHAN,CH,,23.367,104.383,1278.0,Yunnan,station_table_pdf,Southwest,23.75_103.75,23.75,103.75
569950-99999,569950,BANG-O-JIE,CH,,0.0,0.0,-999.0,Yunnan,station_table_pdf,Southwest,1.25_1.25,1.25,1.25
570050-99999,570050,BOGUS CHINESE,CH,,0.0,0.0,-999.0,Unmapped,unmapped,Southwest,1.25_1.25,1.25,1.25
570060-99999,570060,TIANSHUI,CH,,34.583,105.75,1143.0,Gansu,station_table_pdf,Southwest,33.75_106.25,33.75,106.25
570140-99999,570140,BEIDAO,CH,,34.57,105.87,1086.0,Gansu,station_table_pdf,Southwest,33.75_106.25,33.75,106.25
570160-99999,570160,BAOJI,CH,,34.35,107.133,610.0,Shaanxi,station_table_pdf,Southwest,33.75_106.25,33.75,106.25
570230-99999,570230,CUI-MU,CH,,34.8,107.867,914.0,Shaanxi,station_table_pdf,Southwest,33.75_108.75,33.75,108.75
570250-99999,570250,FENGXIANG,CH,,34.517,107.383,781.0,Shaanxi,station_table_pdf,Southwest,33.75_106.25,33.75,106.25
570260-99999,570260,APPROXIMATE LOCALE,CH,,34.483,107.95,0.0,Shaanxi,station_table_pdf,Southwest,33.75_108.75,33.75,108.75
570270-99999,570270,BOGUS CHINESE,CH,,,,,Shaanxi,station_table_pdf,Unmapped,nan_nan,,
570340-99999,570340,QIAN-XIAN,CH,,34.533,108.233,335.0,Shaanxi,station_table_pdf,Southwest,33.75_108.75,33.75,108.75
570360-99999,570360,XIANYANG,CH,ZLXY,34.447,108.752,479.1,Shaanxi,province_geojson,Southwest,33.75_108.75,33.75,108.75
570460-99999,570460,HUA SHAN,CH,,34.483,110.083,2063.0,Shaanxi,station_table_pdf,East,33.75_111.25,33.75,111.25
570630-99999,570630,MIAN-CHI,CH,,0.0,0.0,-999.0,Henan,station_table_pdf,Southwest,1.25_1.25,1.25,1.25
570670-99999,570670,LUSHI,CH,,34.083,111.067,659.5,Henan,province_geojson,East,33.75_111.25,33.75,111.25
570680-99999,570680,BOGUS CHINESE,CH,,0.0,0.0,-999.0,Unmapped,unmapped,Southwest,1.25_1.25,1.25,1.25
570710-99999,570710,MENGJIN,CH,,34.817,112.433,333.0,Henan,station_table_pdf,East,33.75_111.25,33.75,111.25
570730-99999,570730,LUO-YANG,CH,,34.667,112.417,155.0,Henan,province_geojson,East,33.75_111.25,33.75,111.25
570770-99999,570770,TIEN-HU,CH,,34.15,112.1,753.0,Henan,province_geojson,East,33.75_111.25,33.75,111.25
570780-99999,570780,LYANG,CH,,34.15,112.467,400.0,Henan,station_table_pdf,East,33.75_111.25,33.75,111.25
570830-99999,570830,XINZHENG,CH,ZHCC,34.52,113.841,150.9,Henan,station_table_pdf,East,33.75_113.75,33.75,113.75
570890-99999,570890,XUCHANG,CH,,34.0,113.967,72.0,Henan,station_table_pdf,East,33.75_113.75,33.75,113.75
570910-99999,570910,KAIFENG,CH,,34.75,114.417,67.0,Henan,station_table_pdf,East,33.75_113.75,33.75,113.75
570930-99999,570930,NAO-KAO,CH,,0.0,0.0,-999.0,Henan,station_table_pdf,Southwest,1.25_1.25,1.25,1.25
571020-99999,571020,MING-YANG-CHEN,CH,,33.817,105.617,1524.0,Gansu,station_table_pdf,Southwest,33.75_106.25,33.75,106.25
571060-99999,571060,CHENG-XIAN,CH,,33.75,105.75,1128.0,Shaanxi,station_table_pdf,Southwest,33.75_106.25,33.75,106.25
571270-99999,571270,HANZHONG,CH,,33.067,107.033,509.0,Shaanxi,station_table_pdf,Southwest,33.75_106.25,33.75,106.25
571280-99999,571280,YANG-XIAN,CH,,0.0,0.0,-999.0,Shaanxi,station_table_pdf,Southwest,1.25_1.25,1.25,1.25
571310-99999,571310,JINGHE,CH,,34.433,108.967,411.0,Shaanxi,station_table_pdf,Southwest,33.75_108.75,33.75,108.75
571340-99999,571340,WEN-HUANG-PING,CH,,33.45,108.25,548.0,Shaanxi,station_table_pdf,Southwest,33.75_108.75,33.75,108.75
571370-99999,571370,SHI-QUAN,CH,,0.0,0.0,-999.0,Shaanxi,station_table_pdf,Southwest,1.25_1.25,1.25,1.25
571430-99999,571430,SHANGXIAN,CH,,33.917,109.95,748.0,Shaanxi,station_table_pdf,Southwest,33.75_108.75,33.75,108.75
571440-99999,571440,CHEN-AN,CH,,33.417,109.15,610.0,Shaanxi,station_table_pdf,Southwest,33.75_108.75,33.75,108.75
571500-99999,571500,APPROXIMATE LOCALE,CH,,33.483,110.433,0.0,Shaanxi,province_geojson,East,33.75_111.25,33.75,111.25
571560-99999,571560,SHANG-NAN,CH,,33.533,110.883,914.0,Henan,station_table_pdf,East,33.75_111.25,33.75,111.25
571780-99999,571780,NANYANG,CH,,33.1,112.483,181.6,Henan,station_table_pdf,East,33.75_111.25,33.75,111.25
571810-99999,571810,JIAXIAN,CH,,33.967,113.217,76.0,Henan,station_table_pdf,East,33.75_113.75,33.75,113.75
571880-99999,571880,APPROXIMATE LOCALE,CH,,33.233,113.467,0.0,Henan,station_table_pdf,East,33.75_113.75,33.75,113.75
571930-99999,571930,XIHUA,CH,,33.783,114.517,53.0,Henan,station_table_pdf,East,33.75_113.75,33.75,113.75
571970-99999,571970,SHANG-CAI,CH,,0.0,0.0,-999.0,Henan,station_table_pdf,Southwest,1.25_1.25,1.25,1.25
572030-99999,572030,WU-TONG-YUAN,CH,,32.817,105.7,700.0,Shaanxi,province_geojson,Southwest,33.75_106.25,33.75,106.25
572060-99999,572060,GUANG-YUAN,CH,,32.433,105.8,487.0,Sichuan,station_table_pdf,Southwest,31.25_106.25,31.25,106.25
572070-99999,572070,YAN-MEN-BA (?),CH,,0.0,0.0,-999.0,Unmapped,unmapped,Southwest,1.25_1.25,1.25,1.25
572080-99999,572080,ZHAO-HUA,CH,,32.333,105.683,675.0,Sichuan,station_table_pdf,Southwest,31.25_106.25,31.25,106.25
572210-99999,572210,YU-SHU-MTHO (?),CH,,0.0,0.0,-999.0,Unmapped,unmapped,Southwest,1.25_1.25,1.25,1.25
572320-99999,572320,HAN-YIN,CH,,32.9,108.517,457.0,Shaanxi,station_table_pdf,Southwest,33.75_108.75,33.75,108.75
572370-99999,572370,WANYUAN,CH,,32.067,108.033,674.0,Sichuan,station_table_pdf,Southwest,31.25_108.75,31.25,108.75
572380-99999,572380,JAN-CHIA-PA,CH,,32.1,108.483,1372.0,Shaanxi,station_table_pdf,Southwest,31.25_108.75,31.25,108.75
572450-99999,572450,ANKANG,CH,,32.717,109.033,291.0,Shaanxi,station_table_pdf,Southwest,33.75_108.75,33.75,108.75
572510-99999,572510,BAIHE,CH,,32.767,110.117,610.0,Hubei,station_table_pdf,East,33.75_111.25,33.75,111.25
572530-99999,572530,YUN-XIAN,CH,,32.8,110.8,100.0,Hubei,station_table_pdf,East,33.75_111.25,33.75,111.25
572550-99999,572550,BOGUS CHINESE,CH,,0.0,0.0,-999.0,Unmapped,unmapped,Southwest,1.25_1.25,1.25,1.25
572590-99999,572590,FANGXIAN,CH,,32.033,110.767,435.0,Hubei,station_table_pdf,East,31.25_111.25,31.25,111.25
572650-99999,572650,LAOHEKOU,CH,,32.433,111.733,128.8,Hubei,station_table_pdf,East,31.25_111.25,31.25,111.25
572780-99999,572780,APPROXIMATE LOCALE,CH,,32.317,112.633,0.0,Hubei,station_table_pdf,East,31.25_113.75,31.25,113.75
572790-99999,572790,ZAOYANG,CH,,32.15,112.667,127.0,Hubei,station_table_pdf,East,31.25_113.75,31.25,113.75
572900-99999,572900,ZHUMADIAN,CH,,32.933,113.917,107.2,Henan,station_table_pdf,East,33.75_113.75,33.75,113.75
572970-99999,572970,XINYANG,CH,,32.133,114.05,115.0,Henan,station_table_pdf,East,31.25_113.75,31.25,113.75
572980-99999,572980,LUO-SHAN,CH,,32.217,114.533,75.0,Henan,station_table_pdf,East,31.25_113.75,31.25,113.75
572990-99999,572990,BOGUS CHINESE,CH,,0.0,0.0,-999.0,Henan,station_table_pdf,Southwest,1.25_1.25,1.25,1.25
573060-99999,573060,LANGZHONG,CH,,31.583,105.967,385.0,Sichuan,station_table_pdf,Southwest,31.25_106.25,31.25,106.25
573130-99999,573130,BAZHONG,CH,,31.9,106.7,360.0,Sichuan,station_table_pdf,Southwest,31.25_106.25,31.25,106.25
573210-99999,573210,APPROXIMATE LOCALE,CH,,31.883,107.083,0.0,Sichuan,province_geojson,Southwest,31.25_106.25,31.25,106.25
573270-99999,573270,YONG-XING,CH,,0.0,0.0,-999.0,Unmapped,unmapped,Southwest,1.25_1.25,1.25,1.25
573280-99999,573280,DA XIAN,CH,,31.2,107.5,344.0,Sichuan,station_table_pdf,Southwest,31.25_108.75,31.25,108.75
573450-99999,573450,WU-XI (?),CH,,0.0,0.0,-999.0,Chongqing,station_table_pdf,Southwest,1.25_1.25,1.25,1.25
573470-99999,573470,BOGUS CHINESE,CH,,0.0,0.0,-999.0,Unmapped,unmapped,Southwest,1.25_1.25,1.25,1.25
573480-99999,573480,FENGJIE,CH,,31.017,109.533,303.0,Chongqing,station_table_pdf,Southwest,31.25_108.75,31.25,108.75
573650-99999,573650,BOGUS CHINESE,CH,,0.0,0.0,-999.0,Unmapped,unmapped,Southwest,1.25_1.25,1.25,1.25
573670-99999,573670,APPROXIMATE LOCALE,CH,,31.167,111.167,0.0,Hubei,province_geojson,East,31.25_111.25,31.25,111.25
573770-99999,573770,WU-JIA-CHI(CHI-AFB),CH,,31.117,112.4,198.0,Hubei,station_table_pdf,East,31.25_111.25,31.25,111.25
573780-99999,573780,ZHONGXIANG,CH,,31.167,112.633,108.9,Hubei,station_table_pdf,East,31.25_113.75,31.25,113.75
573790-99999,573790,BOGUS CHINESE,CH,,0.0,0.0,-999.0,Unmapped,unmapped,Southwest,1.25_1.25,1.25,1.25
573850-99999,573850,SUIZHOU,CH,,31.717,113.367,61.0,Hubei,province_geojson,East,31.25_113.75,31.25,113.75
573980-99999,573980,HONG-AN,CH,,0.0,0.0,-999.0,Hubei,station_table_pdf,Southwest,1.25_1.25,1.25,1.25
573990-99999,573990,MACHENG,CH,,31.133,114.95,75.2,Hubei,station_table_pdf,East,31.25_113.75,31.25,113.75
574050-99999,574050,SUINING,CH,,30.5,105.583,300.0,Sichuan,station_table_pdf,Southwest,31.25_106.25,31.25,106.25
574060-99999,574060,BOGUS CHINESE,CH,,0.0,0.0,-999.0,Unmapped,unmapped,Southwest,1.25_1.25,1.25,1.25
574110-99999,574110,GAOPING,CH,,30.75,106.133,347.0,Sichuan,station_table_pdf,Southwest,31.25_106.25,31.25,106.25
574240-99999,574240,BOGUS CHINESE,CH,,,,,Unmapped,unmapped,Unmapped,nan_nan,,
574260-99999,574260,LIANGPING,CH,,30.683,107.8,455.0,Chongqing,province_geojson,Southwest,31.25_108.75,31.25,108.75
574280-99999,574280,BOGUS CHINESE,CH,,0.0,0.0,-999.0,Unmapped,unmapped,Southwest,1.25_1.25,1.25,1.25
574310-99999,574310,,,,,,,Chongqing,station_table_pdf,Unmapped,nan_nan,,
574320-99999,574320,WANXIAN,CH,,30.8,108.35,299.0,Chongqing,station_table_pdf,Southwest,31.25_108.75,31.25,108.75
574370-99999,574370,ZHONG-XIAN (?),CH,,0.0,0.0,-999.0,Chongqing,station_table_pdf,Southwest,1.25_1.25,1.25,1.25
574450-99999,574450,APPROXIMATE LOCALE,CH,,30.6,109.533,0.0,Hubei,station_table_pdf,Southwest,31.25_108.75,31.25,108.75
574470-99999,574470,ENSHI,CH,,30.283,109.467,458.0,Hubei,station_table_pdf,Southwest,31.25_108.75,31.25,108.75
574480-99999,574480,EN-SHI (CHI-AFB),CH,,30.3,109.483,457.0,Hubei,province_geojson,Southwest,31.25_108.75,31.25,108.75
574500-99999,574500,ZIGUI,CH,,31.017,110.7,442.0,Hubei,province_geojson,East,31.25_111.25,31.25,111.25
574510-99999,574510,LU-CONG-PO,CH,,30.783,110.267,1188.0,Hubei,province_geojson,East,31.25_111.25,31.25,111.25
574570-99999,574570,GUAN-DIAN-GOU (?),CH,,0.0,0.0,-999.0,Unmapped,unmapped,Southwest,1.25_1.25,1.25,1.25
574580-99999,574580,WU-FENG,CH,,30.2,110.667,915.0,Hubei,station_table_pdf,East,31.25_111.25,31.25,111.25
574610-99999,574610,YICHANG,CH,,30.733,111.367,257.7,Hubei,station_table_pdf,East,31.25_111.25,31.25,111.25
574620-99999,574620,YI-CHANG (CHI-AFB),CH,,30.683,111.45,107.0,Hubei,province_geojson,East,31.25_111.25,31.25,111.25
574660-99999,574660,JIANG-KOU (?),CH,,0.0,0.0,-999.0,Unmapped,unmapped,Southwest,1.25_1.25,1.25,1.25
574720-99999,574720,SHA-YANG (?),CH,,0.0,0.0,-999.0,Unmapped,unmapped,Southwest,1.25_1.25,1.25,1.25
574760-99999,574760,JIANGLING,CH,,30.333,112.183,33.0,Hubei,station_table_pdf,East,31.25_111.25,31.25,111.25
574770-99999,574770,SHA-SHI (?),CH,,0.0,0.0,-999.0,Hubei,station_table_pdf,Southwest,1.25_1.25,1.25,1.25
574780-99999,574780,YANG-JIA-CHANG,CH,,0.0,0.0,-999.0,Unmapped,unmapped,Southwest,1.25_1.25,1.25,1.25
574940-99999,574940,TIANHE,CH,ZHHH,30.784,114.208,34.4,Hubei,station_table_pdf,East,31.25_113.75,31.25,113.75
574941-99999,574941,SANYA PHOENIX INTL,CH,ZJSY,18.303,109.412,28.0,Hainan,province_geojson,South,18.75_108.75,18.75,108.75
575030-99999,575030,NEIJIANG,CH,,29.617,105.117,349.0,Sichuan,station_table_pdf,Southwest,28.75_106.25,28.75,106.25
575040-99999,575040,NEIJIANG,CH,,29.583,105.05,357.0,Sichuan,province_geojson,Southwest,28.75_106.25,28.75,106.25
575060-99999,575060,DA-ZU,CH,,29.633,105.767,305.0,Chongqing,station_table_pdf,Southwest,28.75_106.25,28.75,106.25
575150-99999,575150,CHONG-QING,CH,,29.517,106.483,351.0,Chongqing,province_geojson,Southwest,28.75_106.25,28.75,106.25
575160-99999,575160,JIANGBEI,CH,ZUCK,29.719,106.642,416.1,Chongqing,station_table_pdf,Southwest,28.75_106.25,28.75,106.25
575220-99999,575220,FOU-LING,CH,,29.717,107.4,275.0,Chongqing,province_geojson,Southwest,28.75_106.25,28.75,106.25
575250-99999,575250,XIANG-GOU,CH,,0.0,0.0,-999.0,Chongqing,station_table_pdf,Southwest,1.25_1.25,1.25,1.25
575270-99999,575270,NAN-CHUAN (?),CH,,0.0,0.0,-999.0,Unmapped,unmapped,Southwest,1.25_1.25,1.25,1.25
575320-99999,575320,WEN-TOU,CH,,29.867,108.567,610.0,Hubei,province_geojson,Southwest,28.75_108.75,28.75,108.75
575450-99999,575450,LAIFENG,CH,,29.533,109.383,561.0,Hubei,station_table_pdf,Southwest,28.75_108.75,28.75,108.75
575540-99999,575540,SANGZHI,CH,,29.4,110.167,322.0,Hunan,station_table_pdf,East,28.75_111.25,28.75,111.25
575570-99999,575570,SHA-DI-QI,CH,,29.05,110.133,455.0,Hunan,province_geojson,East,28.75_111.25,28.75,111.25
575620-99999,575620,SHI-MEN,CH,,29.583,111.3,91.0,Hunan,station_table_pdf,East,28.75_111.25,28.75,111.25
575640-99999,575640,CI-LI,CH,,0.0,0.0,-999.0,Hunan,station_table_pdf,Southwest,1.25_1.25,1.25,1.25
575690-99999,575690,CHANG-DE (?),CH,,0.0,0.0,-999.0,Unmapped,unmapped,Southwest,1.25_1.25,1.25,1.25
575720-99999,575720,ZHI-ZHOU,CH,,29.733,112.3,76.0,Hubei,province_geojson,East,28.75_111.25,28.75,111.25
575730-99999,575730,JIAN-LI,CH,,29.817,112.883,27.0,Hubei,station_table_pdf,East,28.75_113.75,28.75,113.75
575740-99999,575740,ANXIANG,CH,,29.433,112.183,28.0,Hunan,station_table_pdf,East,28.75_111.25,28.75,111.25
575830-99999,575830,PUQI,CH,,29.717,113.883,61.0,Hubei,station_table_pdf,East,28.75_113.75,28.75,113.75
575840-99999,575840,YUEYANG,CH,,29.383,113.083,52.0,Hunan,station_table_pdf,East,28.75_113.75,28.75,113.75
575940-99999,575940,CHONG-YANG (?),CH,,0.0,0.0,-999.0,Unmapped,unmapped,Southwest,1.25_1.25,1.25,1.25
575970-99999,575970,MA-AO (?),CH,,0.0,0.0,-999.0,Unmapped,unmapped,Southwest,1.25_1.25,1.25,1.25
575980-99999,575980,XIUSHUI,CH,,29.033,114.583,147.0,Jiangxi,station_table_pdf,East,28.75_113.75,28.75,113.75
575990-99999,575990,BOGUS CHINESE,CH,,0.0,0.0,-999.0,Unmapped,unmapped,Southwest,1.25_1.25,1.25,1.25
576020-99999,576020,LUZHOU,CH,,28.883,105.433,336.0,Sichuan,province_geojson,Southwest,28.75_106.25,28.75,106.25
576040-99999,576040,NAXI,CH,,28.783,105.383,364.0,Sichuan,province_geojson,Southwest,28.75_106.25,28.75,106.25
576060-99999,576060,CH'IH-SHUI HO,CH,,28.483,105.933,977.0,Guizhou,station_table_pdf,Southwest,28.75_106.25,28.75,106.25
576070-99999,576070,DA-BA,CH,,0.0,0.0,-999.0,Unmapped,unmapped,Southwest,1.25_1.25,1.25,1.25
576080-99999,576080,XUYONG/YONGNING,CH,,28.217,105.433,366.0,Sichuan,station_table_pdf,Southwest,28.75_106.25,28.75,106.25
576220-99999,576220,JINFO SHAN (MOUNT),CH,,28.95,107.15,1907.0,Chongqing,province_geojson,Southwest,28.75_106.25,28.75,106.25
576230-99999,576230,CHEN-NAN,CH,,0.0,0.0,-999.0,Guizhou,station_table_pdf,Southwest,1.25_1.25,1.25,1.25
576320-99999,576320,CHANG-PU-QI,CH,,0.0,0.0,-999.0,Unmapped,unmapped,Southwest,1.25_1.25,1.25,1.25
576330-99999,576330,YOUYANG,CH,,28.833,108.767,665.0,Chongqing,station_table_pdf,Southwest,28.75_108.75,28.75,108.75
576450-99999,576450,HUA-YUAN,CH,,0.0,0.0,-999.0,Unmapped,unmapped,Southwest,1.25_1.25,1.25,1.25
576460-99999,576460,APPROXIMATE LOCALE,CH,,28.5,109.833,0.0,Hunan,station_table_pdf,Southwest,28.75_108.75,28.75,108.75
576490-99999,576490,QIAN-ZHOU-ZHEN,CH,,28.267,109.683,560.0,Hunan,station_table_pdf,Southwest,28.75_108.75,28.75,108.75
576530-99999,576530,BOGUS CHINESE,CH,,0.0,0.0,-999.0,Unmapped,unmapped,Southwest,1.25_1.25,1.25,1.25
576550-99999,576550,YUANLING,CH,,28.467,110.4,143.0,Hunan,station_table_pdf,East,28.75_111.25,28.75,111.25
576590-99999,576590,APPROXIMATE LOCALE,CH,,28.167,110.967,0.0,Hunan,province_geojson,East,28.75_111.25,28.75,111.25
576620-99999,576620,CHANGDE,CH,,29.05,111.683,35.0,Hunan,station_table_pdf,East,28.75_111.25,28.75,111.25
576630-99999,576630,HAN-SHOU (?),CH,,0.0,0.0,-999.0,Hunan,station_table_pdf,Southwest,1.25_1.25,1.25,1.25
576650-99999,576650,BOGUS CHINESE,CH,,0.0,0.0,-999.0,Unmapped,unmapped,Southwest,1.25_1.25,1.25,1.25
576660-99999,576660,MA-JI-TANG (?),CH,,0.0,0.0,-999.0,Hunan,station_table_pdf,Southwest,1.25_1.25,1.25,1.25
576690-99999,576690,MEI-CHENG-ZHEN,CH,,28.15,111.633,201.0,Hunan,station_table_pdf,East,28.75_111.25,28.75,111.25
576710-99999,576710,YUANJIANG,CH,,28.85,112.383,27.0,Hunan,station_table_pdf,East,28.75_111.25,28.75,111.25
576720-99999,576720,YUAN-JIANG,CH,,0.0,0.0,-999.0,Unmapped,unmapped,Southwest,1.25_1.25,1.25,1.25
576760-99999,576760,BOGUS CHINESE,CH,,0.0,0.0,-999.0,Unmapped,unmapped,Southwest,1.25_1.25,1.25,1.25
576770-99999,576770,BOGUS CHINESE,CH,,,,,Unmapped,unmapped,Unmapped,nan_nan,,
576790-99999,576790,CHANGSHA/DATUOPU,CH,ZGCS,28.2,113.083,46.0,Hunan,station_table_pdf,East,28.75_113.75,28.75,113.75
576820-99999,576820,PINGJIANG,CH,,28.75,113.617,88.0,Hunan,station_table_pdf,East,28.75_113.75,28.75,113.75
576870-99999,576870,CHANGSHA,CH,,28.117,112.783,120.0,Hunan,station_table_pdf,East,28.75_113.75,28.75,113.75
576930-99999,576930,SHI-MEN-LOU,CH,,28.983,114.85,152.0,Jiangxi,province_geojson,East,28.75_113.75,28.75,113.75
576990-99999,576990,SHANG-GAO,CH,,0.0,0.0,-999.0,Jiangxi,station_table_pdf,Southwest,1.25_1.25,1.25,1.25
577060-99999,577060,BOGUS CHINESE,CH,,0.0,0.0,-999.0,Unmapped,unmapped,Southwest,1.25_1.25,1.25,1.25
577070-99999,577070,BIJIE,CH,,27.3,105.233,1511.0,Guizhou,station_table_pdf,South,26.25_106.25,26.25,106.25
577080-99999,577080,DA-FANG,CH,,27.15,105.6,1520.0,Guizhou,station_table_pdf,South,26.25_106.25,26.25,106.25
577120-99999,577120,HUICHUAN,CH,,27.733,106.95,984.0,Guizhou,province_geojson,South,28.75_106.25,28.75,106.25
577130-99999,577130,ZUNYI,CH,,27.7,106.883,845.0,Guizhou,province_geojson,South,28.75_106.25,28.75,106.25
577150-99999,577150,BOGUS CHINESE,CH,,0.0,0.0,-999.0,Unmapped,unmapped,Southwest,1.25_1.25,1.25,1.25
577160-99999,577160,APPROXIMATE LOCALE,CH,,27.5,106.833,914.0,Guizhou,province_geojson,South,28.75_106.25,28.75,106.25
577230-99999,577230,LONG-ZHUAN,CH,,0.0,0.0,-999.0,Guizhou,station_table_pdf,Southwest,1.25_1.25,1.25,1.25
577250-99999,577250,,,,,,,Unmapped,unmapped,Unmapped,nan_nan,,
577260-99999,577260,BOGUS CHINESE,CH,,0.0,0.0,-999.0,Unmapped,unmapped,Southwest,1.25_1.25,1.25,1.25
577310-99999,577310,SINAN,CH,,27.95,108.25,418.0,Guizhou,station_table_pdf,South,28.75_108.75,28.75,108.75
577320-99999,577320,DE-WANG,CH,,0.0,0.0,-999.0,Guizhou,station_table_pdf,Southwest,1.25_1.25,1.25,1.25
577450-99999,577450,ZHIJIANG,CH,,27.45,109.683,273.0,Hunan,station_table_pdf,South,26.25_108.75,26.25,108.75
577490-99999,577490,HUAIHUA,CH,,27.567,110.0,261.0,Hunan,province_geojson,South,28.75_111.25,28.75,111.25
577530-99999,577530,XU-BU,CH,,27.917,110.583,152.0,Hunan,province_geojson,South,28.75_111.25,28.75,111.25
577540-99999,577540,QIAN-YANG (?),CH,,0.0,0.0,-999.0,Hunan,station_table_pdf,Southwest,1.25_1.25,1.25,1.25
577590-99999,577590,LONG-HUI-ANG,CH,,27.35,110.95,644.0,Hunan,province_geojson,South,26.25_111.25,26.25,111.25
577650-99999,577650,APPROXIMATE LOCALE,CH,,27.5,111.5,0.0,Hunan,province_geojson,South,28.75_111.25,28.75,111.25
577660-99999,577660,SHAOYANG,CH,,27.183,111.45,310.4,Hunan,province_geojson,South,26.25_111.25,26.25,111.25
577720-99999,577720,XIANG-XIANG,CH,,27.733,112.533,76.0,Hunan,station_table_pdf,South,28.75_113.75,28.75,113.75
577730-99999,577730,XIANG-TAN,CH,,27.883,112.917,75.0,Hunan,station_table_pdf,South,28.75_113.75,28.75,113.75
577740-99999,577740,SHUANG-FENG,CH,,27.45,112.2,916.0,Hunan,station_table_pdf,South,26.25_111.25,26.25,111.25
577760-99999,577760,NANYUE,CH,,27.3,112.7,1268.0,Hunan,station_table_pdf,South,26.25_113.75,26.25,113.75
577830-99999,577830,TONG-MU,CH,,0.0,0.0,-999.0,Jiangxi,station_table_pdf,Southwest,1.25_1.25,1.25,1.25
577920-99999,577920,YI-CHUN,CH,,0.0,0.0,-999.0,Jiangxi,station_table_pdf,Southwest,1.25_1.25,1.25,1.25
577930-99999,577930,YICHUN,CH,,27.8,114.383,129.0,Jiangxi,station_table_pdf,South,28.75_113.75,28.75,113.75
577990-99999,577990,JI'AN,CH,,27.117,114.967,78.0,Jiangxi,station_table_pdf,South,26.25_113.75,26.25,113.75
578020-99999,578020,APPROXIMATE LOCATIO,CH,,26.833,105.5,0.0,Guizhou,province_geojson,South,26.25_106.25,26.25,106.25
578030-99999,578030,ZHI-JIN,CH,,26.7,105.767,1676.0,Guizhou,station_table_pdf,South,26.25_106.25,26.25,106.25
578060-99999,578060,ANSHUN,CH,,26.267,105.967,1402.0,Guizhou,station_table_pdf,South,26.25_106.25,26.25,106.25
578070-99999,578070,LANG-TAI,CH,,26.05,105.217,899.0,Guizhou,station_table_pdf,South,26.25_106.25,26.25,106.25
578130-99999,578130,YANG-CHANG (?),CH,,0.0,0.0,-999.0,Unmapped,unmapped,Southwest,1.25_1.25,1.25,1.25
578160-99999,578160,LONGDONGBAO,CH,ZUGY,26.539,106.801,1138.7,Guizhou,station_table_pdf,South,26.25_106.25,26.25,106.25
578230-99999,578230,DAO-PING (?),CH,,0.0,0.0,-999.0,Unmapped,unmapped,Southwest,1.25_1.25,1.25,1.25
578250-99999,578250,MA-JIANG,CH,,26.5,107.583,726.0,Guizhou,station_table_pdf,South,26.25_108.75,26.25,108.75
578310-99999,578310,TAI-JIANG,CH,,26.667,108.333,607.0,Guizhou,province_geojson,South,26.25_108.75,26.25,108.75
578320-99999,578320,SANSUI,CH,,26.967,108.667,631.0,Guizhou,station_table_pdf,South,26.25_108.75,26.25,108.75
578430-99999,578430,HUI-TONG,CH,,26.867,109.717,305.0,Hunan,province_geojson,South,26.25_108.75,26.25,108.75
578450-99999,578450,TONGDAO,CH,,26.167,109.783,397.0,Hunan,station_table_pdf,South,26.25_108.75,26.25,108.75
578470-99999,578470,,,,,,,Unmapped,unmapped,Unmapped,nan_nan,,
578530-99999,578530,WUGANG,CH,,26.733,110.633,340.0,Hunan,province_geojson,South,26.25_111.25,26.25,111.25
578660-99999,578660,LINGLING,CH,,26.233,111.617,174.0,Hunan,station_table_pdf,South,26.25_111.25,26.25,111.25
578720-99999,578720,HENGYANG,CH,,26.933,112.583,98.0,Hunan,station_table_pdf,South,26.25_113.75,26.25,113.75
578820-99999,578820,CHA-LING,CH,,0.0,0.0,-999.0,Hunan,station_table_pdf,Southwest,1.25_1.25,1.25,1.25
578830-99999,578830,CHALING,CH,,26.8,113.533,176.0,Jiangxi,station_table_pdf,South,26.25_113.75,26.25,113.75
578930-99999,578930,TAI-HO,CH,,26.783,114.9,50.0,Jiangxi,province_geojson,South,26.25_113.75,26.25,113.75
579010-99999,579010,HUA-GONG,CH,,0.0,0.0,-999.0,Unmapped,unmapped,Southwest,1.25_1.25,1.25,1.25
579020-99999,579020,XINGREN,CH,,25.433,105.183,1379.0,Guizhou,station_table_pdf,South,26.25_106.25,26.25,106.25
579060-99999,579060,ZHEN-FENG,CH,,25.383,105.65,571.0,Guizhou,station_table_pdf,South,26.25_106.25,26.25,106.25
579130-99999,579130,APPROXIMATE LOCATIO,CH,,25.833,106.833,0.0,Guizhou,station_table_pdf,South,26.25_106.25,26.25,106.25
579160-99999,579160,LUODIAN,CH,,25.433,106.767,441.0,Guizhou,station_table_pdf,South,26.25_106.25,26.25,106.25
579220-99999,579220,DUSHAN,CH,,25.833,107.55,971.0,Guizhou,station_table_pdf,South,26.25_108.75,26.25,108.75
579250-99999,579250,LIU-CHAI,CH,,25.3,107.4,854.0,Guangxi,province_geojson,South,26.25_106.25,26.25,106.25
579270-99999,579270,APPROXIMATE LOCALE,CH,,25.283,107.3,0.0,Guangxi,station_table_pdf,South,26.25_106.25,26.25,106.25
579310-99999,579310,APPROXIMATE LOCALE,CH,,25.85,108.083,0.0,Guizhou,province_geojson,South,26.25_108.75,26.25,108.75
579320-99999,579320,RONGJIANG,CH,,25.967,108.533,287.0,Guizhou,station_table_pdf,South,26.25_108.75,26.25,108.75
579470-99999,579470,RONG-SHUI,CH,,25.067,109.25,183.0,Guangxi,station_table_pdf,South,26.25_108.75,26.25,108.75
579570-99999,579570,LIANGJIANG,CH,ZGKL,25.218,110.039,173.7,Guangxi,station_table_pdf,South,26.25_111.25,26.25,111.25
579580-99999,579580,NAME UNKNOWN,CH,,0.0,0.0,-999.0,Unmapped,unmapped,Southwest,1.25_1.25,1.25,1.25
579620-99999,579620,NAME UNKNOWN (ONC),CH,,0.0,0.0,-999.0,Hunan,station_table_pdf,Southwest,1.25_1.25,1.25,1.25
579650-99999,579650,DAOXIAN,CH,,25.617,111.6,152.0,Hunan,station_table_pdf,South,26.25_111.25,26.25,111.25
579660-99999,579660,NING-YUAN (?),CH,,0.0,0.0,-999.0,Hunan,station_table_pdf,Southwest,1.25_1.25,1.25,1.25
579680-99999,579680,TUO-JIANG (?),CH,,25.183,111.583,122.0,Hunan,province_geojson,South,26.25_111.25,26.25,111.25
579720-99999,579720,CHENZHOU,CH,,25.733,112.967,368.8,Hunan,station_table_pdf,South,26.25_113.75,26.25,113.75
579730-99999,579730,GUI-YANG (?),CH,,0.0,0.0,-999.0,Hunan,station_table_pdf,Southwest,1.25_1.25,1.25,1.25
579820-99999,579820,APPROXIMATE LOCALE,CH,,25.833,113.5,0.0,Hunan,province_geojson,South,26.25_113.75,26.25,113.75
579830-99999,579830,NAME UNKNOWN,CH,,0.0,0.0,-999.0,Unmapped,unmapped,Southwest,1.25_1.25,1.25,1.25
579920-99999,579920,SHANG-YU,CH,,25.8,114.533,202.0,Jiangxi,station_table_pdf,South,26.25_113.75,26.25,113.75
579930-99999,579930,GANZHOU,CH,ZSGZ,25.85,114.95,125.0,Jiangxi,station_table_pdf,South,26.25_113.75,26.25,113.75
579931-99999,579931,YAOQIANG,CH,ZSJN,36.857,117.216,23.2,Shandong,province_geojson,North,36.25_116.25,36.25,116.25
579960-99999,579960,XIN-FENG,CH,,25.4,114.933,195.0,Guangdong,station_table_pdf,South,26.25_113.75,26.25,113.75
580050-99999,580050,SHANGQIU,CH,,34.4,115.633,50.0,Henan,station_table_pdf,East,33.75_116.25,33.75,116.25
580150-99999,580150,TANG-SHAN,CH,,34.417,116.333,44.0,Anhui,station_table_pdf,East,33.75_116.25,33.75,116.25
580270-99999,580270,XUZHOU,CH,,34.283,117.15,42.0,Jiangsu,station_table_pdf,East,33.75_116.25,33.75,116.25
580280-99999,580280,XUZHOU / GUANYIN ARPT,CH,ZSXZ,34.059,117.556,35.1,Jiangsu,province_geojson,East,33.75_118.75,33.75,118.75
580400-99999,580400,GANYU,CH,,34.85,119.133,10.0,Jiangsu,station_table_pdf,East,33.75_118.75,33.75,118.75
580830-99999,580830,BOGUS CHINESE,CH,,,,,Unmapped,unmapped,Unmapped,nan_nan,,
581020-99999,581020,BOXIAN,CH,,33.783,115.733,40.3,Anhui,station_table_pdf,East,33.75_116.25,33.75,116.25
581220-99999,581220,SUINING,CH,,33.9,117.95,26.0,Anhui,station_table_pdf,East,33.75_118.75,33.75,118.75
581340-99999,581340,SI-HONG,CH,,33.467,118.217,15.0,Jiangsu,province_geojson,East,33.75_118.75,33.75,118.75
581370-99999,581370,SHUANG-GOU,CH,,33.217,118.183,14.0,Jiangsu,province_geojson,East,33.75_118.75,33.75,118.75
581380-99999,581380,HONGZE HU (LAKE),CH,,33.333,118.667,2.0,Jiangsu,station_table_pdf,East,33.75_118.75,33.75,118.75
581400-99999,581400,CHIANELO,CH,,26.767,117.367,183.0,Jiangsu,station_table_pdf,South,26.25_116.25,26.25,116.25
581410-99999,581410,HUAIYIN,CH,,33.633,118.933,13.7,Jiangsu,station_table_pdf,East,33.75_118.75,33.75,118.75
581440-99999,581440,QINGJIANG,CH,,33.6,119.033,19.0,Jiangsu,province_geojson,East,33.75_118.75,33.75,118.75
581500-99999,581500,SHEYANG,CH,,33.75,120.3,3.0,Jiangsu,station_table_pdf,East,33.75_121.25,33.75,121.25
581930-99999,581930,NAME/LOCATION UNKN,CH,,0.0,0.0,-999.0,Unmapped,unmapped,Southwest,1.25_1.25,1.25,1.25
582020-99999,582020,TSAOCHUANG,CH,,0.0,0.0,-999.0,Anhui,station_table_pdf,Southwest,1.25_1.25,1.25,1.25
582030-99999,582030,FUYANG,CH,,32.867,115.733,33.0,Anhui,station_table_pdf,East,33.75_116.25,33.75,116.25
582070-99999,582070,HUANG-CHUAN (?),CH,,0.0,0.0,-999.0,Henan,station_table_pdf,Southwest,1.25_1.25,1.25,1.25
582080-99999,582080,GUSHI,CH,,32.167,115.617,44.0,Henan,station_table_pdf,East,31.25_116.25,31.25,116.25
582110-99999,582110,YING-SHANG,CH,,0.0,0.0,-999.0,Unmapped,unmapped,Southwest,1.25_1.25,1.25,1.25
582150-99999,582150,SHOUXIAN/SHOUYANG,CH,,32.583,116.783,23.0,Anhui,station_table_pdf,East,33.75_116.25,33.75,116.25
582210-99999,582210,BENGBU,CH,,32.85,117.3,28.0,Anhui,station_table_pdf,East,33.75_116.25,33.75,116.25
582310-99999,582310,JIA-SHAN,CH,,0.0,0.0,-999.0,Unmapped,unmapped,Southwest,1.25_1.25,1.25,1.25
582340-99999,582340,CHU-XIAN,CH,,0.0,0.0,-999.0,Anhui,station_table_pdf,Southwest,1.25_1.25,1.25,1.25
582370-99999,582370,JIANG-PU (?),CH,,0.0,0.0,-999.0,Jiangsu,station_table_pdf,Southwest,1.25_1.25,1.25,1.25
582380-99999,582380,LUKOU,CH,ZSNJ,31.742,118.862,14.9,Jiangsu,station_table_pdf,East,31.25_118.75,31.25,118.75
582390-99999,582390,LISHE,CH,ZSNB,29.825,121.465,4.0,Zhejiang,province_geojson,East,28.75_121.25,28.75,121.25
582410-99999,582410,GAOYOU,CH,,32.783,119.45,3.0,Jiangsu,station_table_pdf,East,33.75_118.75,33.75,118.75
582440-99999,582440,DAYIJI NORTH,CH,,32.55,119.233,30.0,Jiangsu,station_table_pdf,East,33.75_118.75,33.75,118.75
582450-99999,582450,YANG-ZHOU (?),CH,,0.0,0.0,-999.0,Jiangsu,station_table_pdf,Southwest,1.25_1.25,1.25,1.25
582510-99999,582510,DONGTAI,CH,,32.85,120.283,4.0,Jiangsu,station_table_pdf,East,33.75_121.25,33.75,121.25
582520-99999,582520,AN-FENG,CH,,0.0,0.0,-999.0,Jiangsu,station_table_pdf,Southwest,1.25_1.25,1.25,1.25
582580-99999,582580,MO-TOU AIR BASE,CH,,32.267,120.5,6.0,Jiangsu,province_geojson,East,31.25_121.25,31.25,121.25
582590-99999,582590,NANTONG/JINSHA,CH,,32.1,120.867,1.0,Jiangsu,station_table_pdf,East,31.25_121.25,31.25,121.25
582650-99999,582650,LUSI,CH,,32.067,121.6,10.0,Jiangsu,station_table_pdf,East,31.25_121.25,31.25,121.25
582660-99999,582660,BOGUS CHINESE,CH,,,,,Unmapped,unmapped,Unmapped,nan_nan,,
582670-99999,582670,RU-DONG,CH,,0.0,0.0,-999.0,Unmapped,unmapped,Southwest,1.25_1.25,1.25,1.25
583140-99999,583140,HUOSHAN,CH,,31.4,116.333,68.0,Anhui,station_table_pdf,East,31.25_116.25,31.25,116.25
583210-99999,583210,LUOGANG,CH,ZSOF,31.78,117.298,32.9,Anhui,station_table_pdf,East,31.25_116.25,31.25,116.25
583211-99999,583211,PUDONG,CH,ZSPD,31.143,121.805,4.0,Shanghai,province_geojson,East,31.25_121.25,31.25,121.25
583212-99999,583212,JINJIANG AIRPORT,CH,ZSQZ,24.796,118.59,51.0,Fujian,province_geojson,South,23.75_118.75,23.75,118.75
583213-99999,583213,ZHOUSHAN AIRPORT,CH,ZSZS,29.934,122.362,9.0,Zhejiang,province_geojson,East,28.75_121.25,28.75,121.25
583230-99999,583230,SHIH-TANG-JIAO BASE,CH,,0.0,0.0,-999.0,Anhui,station_table_pdf,Southwest,1.25_1.25,1.25,1.25
583240-99999,583240,SHAN-HE,CH,,0.0,0.0,-999.0,Unmapped,unmapped,Southwest,1.25_1.25,1.25,1.25
583250-99999,583250,SHENG-JIA-QIAO,CH,,0.0,0.0,-999.0,Unmapped,unmapped,Southwest,1.25_1.25,1.25,1.25
583270-99999,583270,KONG-CHENG,CH,,0.0,0.0,-999.0,Anhui,station_table_pdf,Southwest,1.25_1.25,1.25,1.25
583280-99999,583280,HUANG GU-JIA,CH,,0.0,0.0,-999.0,Unmapped,unmapped,Southwest,1.25_1.25,1.25,1.25
583340-99999,583340,WU-HU,CH,,31.333,118.35,20.0,Anhui,station_table_pdf,East,31.25_118.75,31.25,118.75
583380-99999,583380,WUHUXIAN,CH,,31.15,118.583,16.0,Anhui,station_table_pdf,East,31.25_118.75,31.25,118.75
583430-99999,583430,CHANGZHOU,CH,,31.767,119.95,15.0,Jiangsu,province_geojson,East,31.25_118.75,31.25,118.75
583450-99999,583450,LIYANG,CH,,31.433,119.483,8.0,Jiangsu,station_table_pdf,East,31.25_118.75,31.25,118.75
583570-99999,583570,WA LI,CH,,0.0,0.0,-999.0,Unmapped,unmapped,Southwest,1.25_1.25,1.25,1.25
583580-99999,583580,SUZHOU,CH,,31.267,120.617,19.0,Jiangsu,station_table_pdf,East,31.25_121.25,31.25,121.25
583620-99999,583620,SHANGHAI,CH,,31.4,121.467,4.0,Shanghai,station_table_pdf,East,31.25_121.25,31.25,121.25
583670-99999,583670,HONGQIAO INTL,CH,ZSSS,31.198,121.336,3.0,Shanghai,station_table_pdf,East,31.25_121.25,31.25,121.25
583680-99999,583680,BOGUS CHINESE,CH,,,,,Unmapped,unmapped,Unmapped,nan_nan,,
584020-99999,584020,YINGSHAN,CH,,30.75,115.667,116.0,Hubei,station_table_pdf,East,31.25_116.25,31.25,116.25
584070-99999,584070,QIZHOU,CH,,30.067,115.333,29.0,Hubei,province_geojson,East,31.25_116.25,31.25,116.25
584080-99999,584080,MEI-CHUAN,CH,,30.133,115.6,73.0,Hubei,station_table_pdf,East,31.25_116.25,31.25,116.25
584140-99999,584140,TAI-HU,CH,,0.0,0.0,-999.0,Unmapped,unmapped,Southwest,1.25_1.25,1.25,1.25
584240-99999,584240,ANQING,CH,,30.617,116.967,63.2,Anhui,province_geojson,East,31.25_116.25,31.25,116.25
584370-99999,584370,HUANG SHAN,CH,,30.133,118.15,1836.0,Anhui,station_table_pdf,East,31.25_118.75,31.25,118.75
584380-99999,584380,JING-DE,CH,,0.0,0.0,-999.0,Unmapped,unmapped,Southwest,1.25_1.25,1.25,1.25
584450-99999,584450,TIANMU SHAN (MTNS),CH,,30.35,119.417,1494.0,Zhejiang,province_geojson,East,31.25_118.75,31.25,118.75
584470-99999,584470,HE-QIAO,CH,,0.0,0.0,-999.0,Unmapped,unmapped,Southwest,1.25_1.25,1.25,1.25
584510-99999,584510,WU-XING,CH,,0.0,0.0,-999.0,Zhejiang,station_table_pdf,Southwest,1.25_1.25,1.25,1.25
584560-99999,584560,HUANG WAN,CH,,0.0,0.0,-999.0,Zhejiang,station_table_pdf,Southwest,1.25_1.25,1.25,1.25
584570-99999,584570,XIAOSHAN,CH,ZSHC,30.228,120.432,7.0,Zhejiang,station_table_pdf,East,31.25_121.25,31.25,121.25
584580-99999,584580,SHAO-XING (?),CH,,0.0,0.0,-999.0,Zhejiang,station_table_pdf,Southwest,1.25_1.25,1.25,1.25
584610-99999,584610,JIN-SHAN,CH,,0.0,0.0,-999.0,Shanghai,station_table_pdf,Southwest,1.25_1.25,1.25,1.25
584620-99999,584620,MIN-HANG,CH,,0.0,0.0,-999.0,Shanghai,station_table_pdf,Southwest,1.25_1.25,1.25,1.25
584640-99999,584640,ZHA-PU,CH,,30.617,121.083,7.0,Zhejiang,station_table_pdf,East,31.25_121.25,31.25,121.25
584670-99999,584670,YU-YAO,CH,,0.0,0.0,-999.0,Zhejiang,station_table_pdf,Southwest,1.25_1.25,1.25,1.25
584720-99999,584720,SHENGSI,CH,,30.733,122.45,81.0,Zhejiang,station_table_pdf,East,31.25_121.25,31.25,121.25
584730-99999,584730,SHENG SHANG,CH,,30.717,122.817,197.0,Zhejiang,province_geojson,East,31.25_123.75,31.25,123.75
584740-99999,584740,DACHU SHAN,CH,,30.45,122.3,152.0,Zhejiang,province_geojson,East,31.25_121.25,31.25,121.25
584760-99999,584760,LANG-GANG ISLAND,CH,,30.433,122.917,95.0,Unmapped,unmapped,East,31.25_123.75,31.25,123.75
584770-99999,584770,DINGHAI,CH,,30.033,122.117,37.0,Zhejiang,station_table_pdf,East,31.25_121.25,31.25,121.25
584780-99999,584780,ZHI-ZHI ISLAND,CH,,0.0,0.0,-999.0,Unmapped,unmapped,Southwest,1.25_1.25,1.25,1.25
585060-99999,585060,LU SHAN,CH,,29.583,115.983,1165.0,Jiangxi,station_table_pdf,East,28.75_116.25,28.75,116.25
585170-99999,585170,BOGUS CHINESE,CH,,,,,Jiangxi,station_table_pdf,Unmapped,nan_nan,,
585190-99999,585190,GU-XIAN-DU,CH,,29.083,116.883,31.0,Jiangxi,station_table_pdf,East,28.75_116.25,28.75,116.25
585210-99999,585210,APPROXIMATE LOCATIO,CH,,29.833,117.167,0.0,Jiangxi,province_geojson,East,28.75_116.25,28.75,116.25
585270-99999,585270,JINGDEZHEN,CH,,29.3,117.2,60.0,Jiangxi,station_table_pdf,East,28.75_116.25,28.75,116.25
585280-99999,585280,KOMATSUSHIMA AB,CH,,29.167,117.5,0.0,Jiangxi,province_geojson,East,28.75_118.75,28.75,118.75
585290-99999,585290,APPROXIMATE LOCATIO,CH,,29.167,117.833,0.0,Jiangxi,station_table_pdf,East,28.75_118.75,28.75,118.75
585310-99999,585310,TUNXI,CH,,29.717,118.267,145.0,Anhui,station_table_pdf,East,28.75_118.75,28.75,118.75
585320-99999,585320,SHE-XIAN,CH,,0.0,0.0,-999.0,Unmapped,unmapped,Southwest,1.25_1.25,1.25,1.25
585370-99999,585370,HUA-BU,CH,,0.0,0.0,-999.0,Zhejiang,station_table_pdf,Southwest,1.25_1.25,1.25,1.25
585430-99999,585430,CHUN AN,CH,,29.617,119.017,172.0,Zhejiang,station_table_pdf,East,28.75_118.75,28.75,118.75
585490-99999,585490,JINHUA,CH,,29.15,119.633,35.0,Zhejiang,station_table_pdf,East,28.75_118.75,28.75,118.75
585540-99999,585540,YI-WU/AIRFIELD,CH,,29.35,120.017,91.0,Zhejiang,province_geojson,East,28.75_121.25,28.75,121.25
585560-99999,585560,SHENGXIAN,CH,,29.6,120.817,108.0,Zhejiang,station_table_pdf,East,28.75_121.25,28.75,121.25
585590-99999,585590,TIAN-TAI,CH,,29.15,121.017,67.0,Zhejiang,station_table_pdf,East,28.75_121.25,28.75,121.25
585620-99999,585620,NINGBO,CH,,29.917,121.467,6.0,Zhejiang,station_table_pdf,East,28.75_121.25,28.75,121.25
585690-99999,585690,SHIPU,CH,,29.2,121.95,127.0,Zhejiang,station_table_pdf,East,28.75_121.25,28.75,121.25
586060-99999,586060,CHANGBEI INTL,CH,ZSCN,28.865,115.9,43.6,Jiangxi,station_table_pdf,East,28.75_116.25,28.75,116.25
586070-99999,586070,HUI-HE,CH,,0.0,0.0,-999.0,Jiangxi,station_table_pdf,Southwest,1.25_1.25,1.25,1.25
586080-99999,586080,QINGJIANG/ZHANGSHUZ,CH,,28.05,115.533,40.0,Jiangxi,station_table_pdf,East,28.75_116.25,28.75,116.25
586180-99999,586180,POTOU,CH,,38.083,116.55,13.0,Jiangxi,station_table_pdf,North,38.75_116.25,38.75,116.25
586210-99999,586210,LE-PING (?),CH,,28.983,117.117,49.0,Jiangxi,province_geojson,East,28.75_116.25,28.75,116.25
586250-99999,586250,YI-YANG,CH,,0.0,0.0,-999.0,Jiangxi,station_table_pdf,Southwest,1.25_1.25,1.25,1.25
586260-99999,586260,SHANGRAO,CH,,28.483,117.983,90.0,Jiangxi,station_table_pdf,East,28.75_118.75,28.75,118.75
586310-99999,586310,YU-SHAN,CH,,28.667,118.25,94.0,Zhejiang,station_table_pdf,East,28.75_118.75,28.75,118.75
586320-99999,586320,CHANG-SHAN,CH,,28.933,118.5,137.0,Zhejiang,station_table_pdf,East,28.75_118.75,28.75,118.75
586330-99999,586330,QU XIAN,CH,,28.967,118.867,71.0,Zhejiang,province_geojson,East,28.75_118.75,28.75,118.75
586340-99999,586340,YUSHAN,CH,,28.683,118.25,94.0,Jiangxi,station_table_pdf,East,28.75_118.75,28.75,118.75
586460-99999,586460,LISHUI,CH,,28.45,119.917,60.0,Zhejiang,station_table_pdf,East,28.75_118.75,28.75,118.75
586470-99999,586470,LONGQUAN,CH,,28.1,119.083,180.0,Zhejiang,station_table_pdf,East,28.75_118.75,28.75,118.75
586480-99999,586480,AN-REN,CH,,28.05,119.333,274.0,Zhejiang,station_table_pdf,East,28.75_118.75,28.75,118.75
586530-99999,586530,KUOCANG SHAN,CH,,28.817,120.917,1375.0,Zhejiang,province_geojson,East,28.75_121.25,28.75,121.25
586540-99999,586540,JIN-YUN,CH,,0.0,0.0,-999.0,Zhejiang,station_table_pdf,Southwest,1.25_1.25,1.25,1.25
586550-99999,586550,YONG-LIN,CH,,0.0,0.0,-999.0,Unmapped,unmapped,Southwest,1.25_1.25,1.25,1.25
586580-99999,586580,KENG-KOU,CH,,0.0,0.0,-999.0,Zhejiang,station_table_pdf,Southwest,1.25_1.25,1.25,1.25
586590-99999,586590,WENZHOU,CH,ZSWZ,28.017,120.667,7.0,Zhejiang,station_table_pdf,East,28.75_121.25,28.75,121.25
586600-99999,586600,LINHAI (REPLACED BY 58652 - XIANJU),CH,,28.85,121.133,9.0,Zhejiang,station_table_pdf,East,28.75_121.25,28.75,121.25
586620-99999,586620,HAI-MEN,CH,,28.683,122.133,3.0,Zhejiang,nearest_station_table_coord,East,28.75_121.25,28.75,121.25
586650-99999,586650,HONGJIA,CH,,28.617,121.417,2.0,Zhejiang,station_table_pdf,East,28.75_121.25,28.75,121.25
586660-99999,586660,DACHEN DAO,CH,,28.45,121.883,84.0,Zhejiang,station_table_pdf,East,28.75_121.25,28.75,121.25
586670-99999,586670,YU-HUAN,CH,,28.133,121.217,100.0,Zhejiang,station_table_pdf,East,28.75_121.25,28.75,121.25
587130-99999,587130,HUANG-SHI-DU,CH,,0.0,0.0,-999.0,Jiangxi,station_table_pdf,Southwest,1.25_1.25,1.25,1.25
587150-99999,587150,NANCHENG,CH,,27.583,116.65,82.0,Jiangxi,station_table_pdf,South,28.75_116.25,28.75,116.25
587210-99999,587210,NAME UNKNOWN (ONC),CH,,27.717,117.05,305.0,Jiangxi,province_geojson,South,28.75_116.25,28.75,116.25
587250-99999,587250,SHAOWU,CH,,27.333,117.467,219.0,Fujian,station_table_pdf,South,26.25_116.25,26.25,116.25
587260-99999,587260,QIXIAN SHAN,CH,,27.95,117.833,1415.0,Jiangxi,province_geojson,South,28.75_118.75,28.75,118.75
587300-99999,587300,WUYISHAN,CH,,27.767,118.033,221.0,Fujian,station_table_pdf,South,28.75_118.75,28.75,118.75
587310-99999,587310,PUCHENG,CH,,27.917,118.533,275.0,Fujian,station_table_pdf,South,28.75_118.75,28.75,118.75
587320-99999,587320,APPROXIMATE LOCATIO,CH,,27.833,118.5,0.0,Fujian,province_geojson,South,28.75_118.75,28.75,118.75
587340-99999,587340,JIAN-YANG,CH,,0.0,0.0,-999.0,Fujian,station_table_pdf,Southwest,1.25_1.25,1.25,1.25
587350-99999,587350,APPROXIMATE LOCATIO,CH,,27.5,118.5,0.0,Fujian,station_table_pdf,South,28.75_118.75,28.75,118.75
587360-99999,587360,XIONG MOUNTAIN,CH,,0.0,0.0,-999.0,Fujian,station_table_pdf,Southwest,1.25_1.25,1.25,1.25
587370-99999,587370,JIAN'OU,CH,,27.05,118.317,112.0,Fujian,station_table_pdf,South,26.25_118.75,26.25,118.75
587450-99999,587450,SHOU-NING,CH,,27.467,119.483,732.0,Zhejiang,station_table_pdf,South,26.25_118.75,26.25,118.75
587470-99999,587470,LI-MEN,CH,,0.0,0.0,-999.0,Fujian,station_table_pdf,Southwest,1.25_1.25,1.25,1.25
587490-99999,587490,FU AN,CH,,0.0,0.0,-999.0,Fujian,station_table_pdf,Southwest,1.25_1.25,1.25,1.25
587520-99999,587520,RUIAN,CH,,27.783,120.65,38.0,Zhejiang,station_table_pdf,South,28.75_121.25,28.75,121.25
587530-99999,587530,RUI-AN,CH,,0.0,0.0,-999.0,Unmapped,unmapped,Southwest,1.25_1.25,1.25,1.25
587540-99999,587540,FUDING,CH,,27.333,120.2,38.0,Fujian,station_table_pdf,South,26.25_121.25,26.25,121.25
587600-99999,587600,,,,,,,Unmapped,unmapped,Unmapped,nan_nan,,
587640-99999,587640,DONG-GUA ISLAND,CH,,27.633,121.05,18.0,Unmapped,unmapped,South,28.75_121.25,28.75,121.25
587650-99999,587650,NANJI SHAN,CH,,27.467,121.05,2.0,Unmapped,unmapped,South,26.25_121.25,26.25,121.25
588130-99999,588130,GUANGCHANG,CH,,26.85,116.333,142.0,Jiangxi,station_table_pdf,South,26.25_116.25,26.25,116.25
588150-99999,588150,NING-HUA,CH,,26.267,116.65,303.0,Fujian,province_geojson,South,26.25_116.25,26.25,116.25
588200-99999,588200,SANMING,CH,,26.183,117.617,198.0,Fujian,station_table_pdf,South,26.25_118.75,26.25,118.75
588210-99999,588210,TAI-NING,CH,,26.9,117.167,305.0,Fujian,province_geojson,South,26.25_116.25,26.25,116.25
588250-99999,588250,JIANG-LE,CH,,26.767,117.367,183.0,Fujian,province_geojson,South,26.25_116.25,26.25,116.25
588260-99999,588260,SHA-XIAN,CH,,26.4,117.783,183.0,Fujian,station_table_pdf,South,26.25_118.75,26.25,118.75
588310-99999,588310,XIA-YANG,CH,,26.783,118.0,146.0,Fujian,province_geojson,South,26.25_118.75,26.25,118.75
588340-99999,588340,NANPING,CH,,26.633,118.15,153.0,Fujian,province_geojson,South,26.25_118.75,26.25,118.75
588370-99999,588370,YOU-XI,CH,,26.167,118.183,165.0,Fujian,station_table_pdf,South,26.25_118.75,26.25,118.75
588380-99999,588380,SHUANG-KENG,CH,,0.0,0.0,-999.0,Unmapped,unmapped,Southwest,1.25_1.25,1.25,1.25
588460-99999,588460,LUOYUAN,CH,,26.517,119.533,85.0,Fujian,station_table_pdf,South,26.25_118.75,26.25,118.75
588470-99999,588470,FUZHOU,CH,,26.083,119.283,85.0,Fujian,station_table_pdf,South,26.25_118.75,26.25,118.75
588480-99999,588480,SANYA,CH,,0.0,0.0,-999.0,Fujian,station_table_pdf,Southwest,1.25_1.25,1.25,1.25
588490-99999,588490,MAZU,CH,,26.167,119.933,91.0,Fujian,nearest_station_table_coord,South,26.25_118.75,26.25,118.75
588520-99999,588520,TA-YU MOUNTAIN,CH,,26.917,120.383,305.0,Fujian,nearest_station_table_coord,South,26.25_121.25,26.25,121.25
588530-99999,588530,TAISHAN,CH,,27.0,120.7,107.0,Unmapped,unmapped,South,26.25_121.25,26.25,121.25
588540-99999,588540,XI-YANG ISLAND,CH,,0.0,0.0,-999.0,Unmapped,unmapped,Southwest,1.25_1.25,1.25,1.25
588640-99999,588640,TUNG-YIN ISLAND,CH,,0.0,0.0,-999.0,Unmapped,unmapped,Southwest,1.25_1.25,1.25,1.25
588930-99999,588930,BOGUS CHINESE,CH,,,,,Unmapped,unmapped,Unmapped,nan_nan,,
589110-99999,589110,CHANGTING,CH,,25.85,116.367,311.0,Fujian,station_table_pdf,South,26.25_116.25,26.25,116.25
589180-99999,589180,SHANGHANG,CH,,25.067,116.35,207.0,Fujian,station_table_pdf,South,26.25_116.25,26.25,116.25
589210-99999,589210,YONG'AN,CH,,25.967,117.35,204.0,Fujian,province_geojson,South,26.25_116.25,26.25,116.25
589260-99999,589260,ZHANG PING,CH,,25.3,117.4,203.0,Fujian,station_table_pdf,South,26.25_116.25,26.25,116.25
589270-99999,589270,LONGYAN,CH,,25.1,117.017,341.0,Fujian,station_table_pdf,South,26.25_116.25,26.25,116.25
589280-99999,589280,ZHANG-PING,CH,,25.3,117.4,0.0,Fujian,station_table_pdf,South,26.25_116.25,26.25,116.25
589310-99999,589310,JIUXIAN SHAN,CH,,25.717,118.1,1651.0,Fujian,station_table_pdf,South,26.25_118.75,26.25,118.75
589320-99999,589320,NAME UNKNOWN (ONC),CH,,0.0,0.0,-999.0,Fujian,station_table_pdf,Southwest,1.25_1.25,1.25,1.25
589340-99999,589340,YONG-CHUN,CH,,0.0,0.0,-999.0,Fujian,station_table_pdf,Southwest,1.25_1.25,1.25,1.25
589380-99999,589380,HUNG-LAI,CH,,25.083,118.517,61.0,Fujian,station_table_pdf,South,26.25_118.75,26.25,118.75
589440-99999,589440,PINGTAN,CH,,25.517,119.783,31.0,Fujian,station_table_pdf,South,26.25_118.75,26.25,118.75
589450-99999,589450,BOGUS CHINESE,CH,,,,,Unmapped,unmapped,Unmapped,nan_nan,,
589470-99999,589470,DAI-TOU,CH,,25.267,119.2,37.0,Fujian,province_geojson,South,26.25_118.75,26.25,118.75
589650-99999,589650,TAOYUAN,CH,,25.05,121.217,48.0,Taiwan,province_geojson,South,26.25_121.25,26.25,121.25
589680-99999,589680,TAIBEI,CH,,25.033,121.517,9.0,Taiwan,province_geojson,South,26.25_121.25,26.25,121.25
589690-99999,589690,589690,CH,,25.067,121.533,7.0,Taiwan,province_geojson,South,26.25_121.25,26.25,121.25
589740-99999,589740,PENGJIA YU,CH,,25.633,122.067,102.0,Unmapped,unmapped,South,26.25_121.25,26.25,121.25
589840-99999,589840,BOGUS CHINESE,CH,,,,,Unmapped,unmapped,Unmapped,nan_nan,,
590070-99999,590070,GUANGNAN,CH,,24.067,105.067,1251.0,Yunnan,station_table_pdf,South,23.75_106.25,23.75,106.25
590080-99999,590080,BOGUS CHINESE,CH,,,,,Unmapped,unmapped,Unmapped,nan_nan,,
590130-99999,590130,BOGUS CHINESE,CH,,,,,Unmapped,unmapped,Unmapped,nan_nan,,
590210-99999,590210,TIAN'E/LIUPAI,CH,,25.083,107.2,305.0,Guangxi,station_table_pdf,South,26.25_106.25,26.25,106.25
590230-99999,590230,HECHI,CH,,24.7,108.05,214.0,Guangxi,station_table_pdf,South,23.75_108.75,23.75,108.75
590460-99999,590460,LIUZHOU,CH,,24.35,109.4,97.0,Guangxi,station_table_pdf,South,23.75_108.75,23.75,108.75
590580-99999,590580,MENGSHAN,CH,,24.2,110.517,145.0,Guangxi,station_table_pdf,South,23.75_111.25,23.75,111.25
590620-99999,590620,BOGUS CHINESE,CH,,,,,Unmapped,unmapped,Unmapped,nan_nan,,
590650-99999,590650,HEXIAN/BABU,CH,,24.467,111.567,91.0,Guangxi,station_table_pdf,South,23.75_111.25,23.75,111.25
590720-99999,590720,LIANZHOU,CH,,24.8,112.367,98.0,Guangdong,station_table_pdf,South,23.75_111.25,23.75,111.25
590760-99999,590760,NAME UNKNOWN (ONC),CH,,0.0,0.0,-999.0,Unmapped,unmapped,Southwest,1.25_1.25,1.25,1.25
590770-99999,590770,XIA-SHUI-XU,CH,,0.0,0.0,-999.0,Unmapped,unmapped,Southwest,1.25_1.25,1.25,1.25
590820-99999,590820,SHAOGUAN,CH,,24.667,113.6,68.0,Guangdong,station_table_pdf,South,23.75_113.75,23.75,113.75
590830-99999,590830,BOGUS CHINESE,CH,,,,,Unmapped,unmapped,Unmapped,nan_nan,,
590850-99999,590850,WU-SHI (?),CH,,0.0,0.0,-999.0,Unmapped,unmapped,Southwest,1.25_1.25,1.25,1.25
590860-99999,590860,XIN-JIANG,CH,,0.0,0.0,-999.0,Unmapped,unmapped,Southwest,1.25_1.25,1.25,1.25
590870-99999,590870,FOGANG,CH,,23.883,113.517,68.0,Guangdong,station_table_pdf,South,23.75_113.75,23.75,113.75
590920-99999,590920,CHENG-LONG,CH,,0.0,0.0,-999.0,Jiangxi,station_table_pdf,Southwest,1.25_1.25,1.25,1.25
590960-99999,590960,LIANPING,CH,,24.367,114.483,214.0,Guangdong,station_table_pdf,South,23.75_113.75,23.75,113.75
590970-99999,590970,XINFENG,CH,,0.0,0.0,-999.0,Guangdong,station_table_pdf,Southwest,1.25_1.25,1.25,1.25
591020-99999,591020,XUNWU,CH,,24.95,115.65,299.0,Jiangxi,station_table_pdf,South,23.75_116.25,23.75,116.25
591090-99999,591090,XING-NING,CH,,0.0,0.0,-999.0,Guangdong,station_table_pdf,Southwest,1.25_1.25,1.25,1.25
591170-99999,591170,MEI XIAN,CH,ZGMX,24.283,116.067,116.9,Guangdong,station_table_pdf,South,23.75_116.25,23.75,116.25
591240-99999,591240,NAN-JING,CH,,0.0,0.0,-999.0,Fujian,station_table_pdf,Southwest,1.25_1.25,1.25,1.25
591260-99999,591260,ZHANGZHOU,CH,,24.633,117.65,24.0,Fujian,province_geojson,South,23.75_118.75,23.75,118.75
591270-99999,591270,DA-XI,CH,,0.0,0.0,-999.0,Fujian,station_table_pdf,Southwest,1.25_1.25,1.25,1.25
591330-99999,591330,JIN-JIANG,CH,,24.8,118.583,22.0,Fujian,station_table_pdf,South,23.75_118.75,23.75,118.75
591340-99999,591340,GAOQI,CH,ZSAM,24.544,118.128,18.0,Fujian,station_table_pdf,South,23.75_118.75,23.75,118.75
591350-99999,591350,CHIN-MEN,TW,,24.433,118.433,12.0,Taiwan,isd_country_code,South,23.75_118.75,23.75,118.75
591520-99999,591520,XINZHU,CH,,24.8,120.967,34.0,Taiwan,province_geojson,South,23.75_121.25,23.75,121.25
591530-99999,591530,XIN-ZHU,TW,,24.817,120.95,8.0,Taiwan,isd_country_code,South,23.75_121.25,23.75,121.25
591580-99999,591580,TAIZHONG,CH,,24.15,120.683,78.0,Taiwan,province_geojson,South,23.75_121.25,23.75,121.25
591590-99999,591590,TAICHUNG,TW,,24.183,120.65,112.0,Taiwan,isd_country_code,South,23.75_121.25,23.75,121.25
591625-99999,591625,YANCHENG,CH,ZSYN,33.417,120.2,3.0,Jiangsu,province_geojson,East,33.75_121.25,33.75,121.25
592020-99999,592020,XI-YANG (?),CH,,0.0,0.0,-999.0,Unmapped,unmapped,Southwest,1.25_1.25,1.25,1.25
592030-99999,592030,ZHE-SHANG,CH,,0.0,0.0,-999.0,Unmapped,unmapped,Southwest,1.25_1.25,1.25,1.25
592090-99999,592090,NAPO,CH,,23.3,105.95,794.0,Guangxi,station_table_pdf,South,23.75_106.25,23.75,106.25
592110-99999,592110,BAISE,CH,,23.9,106.6,177.0,Guangxi,station_table_pdf,South,23.75_106.25,23.75,106.25
592160-99999,592160,HUO-JIAO,CH,,23.633,106.717,329.0,Guangxi,province_geojson,South,23.75_106.25,23.75,106.25
592170-99999,592170,RONG-LAO-XIANG,CH,,0.0,0.0,-999.0,Unmapped,unmapped,Southwest,1.25_1.25,1.25,1.25
592180-99999,592180,XINJING,CH,,23.133,106.417,740.0,Guangxi,station_table_pdf,South,23.75_106.25,23.75,106.25
592240-99999,592240,PINGMA,CH,,23.6,107.117,112.0,Guangxi,station_table_pdf,South,23.75_106.25,23.75,106.25
592280-99999,592280,LONG'AN,CH,,23.133,107.65,457.0,Guangxi,station_table_pdf,South,23.75_108.75,23.75,108.75
592340-99999,592340,QIAO-LI,CH,,0.0,0.0,-999.0,Unmapped,unmapped,Southwest,1.25_1.25,1.25,1.25
592420-99999,592420,DA-WAN,CH,,23.85,109.417,76.0,Guangxi,station_table_pdf,South,23.75_108.75,23.75,108.75
592450-99999,592450,WU-XUAN,CH,,0.0,0.0,-999.0,Unmapped,unmapped,Southwest,1.25_1.25,1.25,1.25
592540-99999,592540,GUIPING,CH,,23.4,110.083,44.0,Guangxi,province_geojson,South,23.75_111.25,23.75,111.25
592580-99999,592580,LIU-CHEN,CH,,0.0,0.0,-999.0,Unmapped,unmapped,Southwest,1.25_1.25,1.25,1.25
592620-99999,592620,GU-NA,CH,,23.833,111.567,137.0,Guangxi,province_geojson,South,23.75_111.25,23.75,111.25
592650-99999,592650,WUZHOU,CH,,23.483,111.3,120.0,Guangxi,station_table_pdf,South,23.75_111.25,23.75,111.25
592710-99999,592710,HUAIJI,CH,,23.95,112.2,57.0,Guangdong,station_table_pdf,South,23.75_111.25,23.75,111.25
592770-99999,592770,LU-BU,CH,,0.0,0.0,-999.0,Unmapped,unmapped,Southwest,1.25_1.25,1.25,1.25
592780-99999,592780,GAOYAO,CH,,23.05,112.467,12.0,Guangdong,station_table_pdf,South,23.75_111.25,23.75,111.25
592800-99999,592800,QING YUAN,CH,,23.7,113.083,19.0,Guangdong,station_table_pdf,South,23.75_113.75,23.75,113.75
592830-99999,592830,LIANG-KOU (?),CH,,0.0,0.0,-999.0,Unmapped,unmapped,Southwest,1.25_1.25,1.25,1.25
592870-99999,592870,BAIYUN INTL,CH,ZGGG,23.392,113.299,15.2,Guangdong,station_table_pdf,South,23.75_113.75,23.75,113.75
592871-99999,592871,HUANGHUA,CH,ZGHA,28.189,113.22,66.1,Hunan,province_geojson,East,28.75_113.75,28.75,113.75
592880-99999,592880,GUANG-ZHOU/EAST,CH,,0.0,0.0,-999.0,Guangdong,station_table_pdf,Southwest,1.25_1.25,1.25,1.25
592930-99999,592930,HEYUAN,CH,,23.8,114.733,41.0,Guangdong,station_table_pdf,South,23.75_113.75,23.75,113.75
592970-99999,592970,BO-LUO,CH,,0.0,0.0,-999.0,Guangdong,station_table_pdf,Southwest,1.25_1.25,1.25,1.25
592980-99999,592980,HUI-YANG,CH,,23.083,114.417,16.0,Guangdong,station_table_pdf,South,23.75_113.75,23.75,113.75
593030-99999,593030,SONG-LIN-BA,CH,,23.967,115.967,152.0,Guangdong,station_table_pdf,South,23.75_116.25,23.75,116.25
593110-99999,593110,APPROXIMATE LOCALE,CH,,23.767,116.017,0.0,Guangdong,province_geojson,South,23.75_116.25,23.75,116.25
593160-99999,593160,SHANTOU,CH,ZGOW,23.4,116.683,3.0,Guangdong,station_table_pdf,South,23.75_116.25,23.75,116.25
593170-99999,593170,HUILAI,CH,,23.083,116.3,30.0,Guangdong,station_table_pdf,South,23.75_116.25,23.75,116.25
593260-99999,593260,XIONG-DI ISLAND,CH,,0.0,0.0,-999.0,Unmapped,unmapped,Southwest,1.25_1.25,1.25,1.25
593270-99999,593270,APPROXIMATE LOCALE,CH,,23.167,117.167,0.0,Guangdong,nearest_station_table_coord,South,23.75_116.25,23.75,116.25
593450-99999,593450,MAGONG,CH,,23.517,119.567,22.0,Unmapped,unmapped,South,23.75_118.75,23.75,118.75
593460-99999,593460,P ENG-HU,CH,,23.533,119.567,21.0,Taiwan,province_geojson,South,23.75_118.75,23.75,118.75
593530-99999,593530,ALI SHAN,CH,,23.517,120.8,2408.0,Taiwan,province_geojson,South,23.75_121.25,23.75,121.25
593540-99999,593540,CHIA-YI,TW,,23.467,120.383,25.0,Taiwan,isd_country_code,South,23.75_121.25,23.75,121.25
593580-99999,593580,TAINAN,CH,,23.0,120.217,14.0,Taiwan,province_geojson,South,23.75_121.25,23.75,121.25
593610-99999,593610,HUA-LIAN CITY,TW,,23.983,121.6,19.0,Taiwan,isd_country_code,South,23.75_121.25,23.75,121.25
593620-99999,593620,HUALIAN,CH,,24.017,121.617,14.0,Taiwan,province_geojson,South,23.75_121.25,23.75,121.25
594170-99999,594170,LONGZHOU,CH,,22.367,106.75,129.0,Guangxi,province_geojson,South,21.25_106.25,21.25,106.25
594270-99999,594270,NING-MING,CH,,22.117,107.133,168.0,Guangxi,province_geojson,South,21.25_106.25,21.25,106.25
594310-99999,594310,WUXU,CH,ZGNN,22.608,108.172,128.3,Guangxi,station_table_pdf,South,23.75_108.75,23.75,108.75
594320-99999,594320,BOGUS CHINESE,CH,,,,,Guangxi,station_table_pdf,Unmapped,nan_nan,,
594460-99999,594460,BOBAI,CH,,22.25,109.967,121.0,Guangxi,station_table_pdf,South,21.25_108.75,21.25,108.75
594530-99999,594530,CEN-XI,CH,,22.933,110.983,243.0,Guangxi,province_geojson,South,23.75_111.25,23.75,111.25
594560-99999,594560,XINYI,CH,,22.35,110.933,84.0,Guangdong,station_table_pdf,South,21.25_111.25,21.25,111.25
594620-99999,594620,LUODING,CH,,22.717,111.55,134.0,Guangdong,station_table_pdf,South,23.75_111.25,23.75,111.25
594720-99999,594720,MING-CHENG,CH,,0.0,0.0,-999.0,Unmapped,unmapped,Southwest,1.25_1.25,1.25,1.25
594730-99999,594730,HE-QING,CH,,0.0,0.0,-999.0,Guangdong,station_table_pdf,Southwest,1.25_1.25,1.25,1.25
594770-99999,594770,EN-PING,CH,,0.0,0.0,-999.0,Guangdong,station_table_pdf,Southwest,1.25_1.25,1.25,1.25
594780-99999,594780,TAI-SHAN,CH,,22.267,112.783,46.0,Guangdong,station_table_pdf,South,21.25_113.75,21.25,113.75
594930-99999,594930,BAOAN INTL,CH,ZGSZ,22.639,113.811,4.0,Guangdong,station_table_pdf,South,23.75_113.75,23.75,113.75
595010-99999,595010,SHANWEI,CH,,22.783,115.367,5.0,Guangdong,station_table_pdf,South,23.75_116.25,23.75,116.25
595050-99999,595050,APPROXIMATE LOCALE,CH,,22.5,115.5,0.0,Guangdong,nearest_station_table_coord,South,23.75_116.25,23.75,116.25
595530-99999,595530,DONGGANG,CH,,22.467,120.433,8.0,Taiwan,province_geojson,South,21.25_121.25,21.25,121.25
595540-99999,595540,GAOXIONG,CH,,22.617,120.267,33.0,Taiwan,province_geojson,South,23.75_121.25,23.75,121.25
595580-99999,595580,HENG CHUN ARPT,TW,,22.033,120.733,13.0,Taiwan,isd_country_code,South,21.25_121.25,21.25,121.25
595590-99999,595590,HENGCHUN,CH,,22.0,120.75,24.0,Taiwan,province_geojson,South,21.25_121.25,21.25,121.25
595620-99999,595620,TAIDONG,CH,,22.75,121.15,10.0,Taiwan,province_geojson,South,23.75_121.25,23.75,121.25
595670-99999,595670,LAN YU,CH,,22.033,121.55,325.0,Taiwan,province_geojson,South,21.25_121.25,21.25,121.25
595680-99999,595680,ORCHID ISL.,TW,,22.033,121.55,10.0,Taiwan,isd_country_code,South,21.25_121.25,21.25,121.25
596220-99999,596220,DONG-JIAO (?),CH,,0.0,0.0,-999.0,Unmapped,unmapped,Southwest,1.25_1.25,1.25,1.25
596260-99999,596260,DONG-XING,CH,,21.55,107.967,13.0,Guangxi,province_geojson,South,21.25_108.75,21.25,108.75
596320-99999,596320,QINZHOU,CH,,21.95,108.617,6.0,Guangxi,station_table_pdf,South,21.25_108.75,21.25,108.75
596330-99999,596330,BAI-MU,CH,,0.0,0.0,-999.0,Unmapped,unmapped,Southwest,1.25_1.25,1.25,1.25
596440-99999,596440,BEIHAI,CH,,21.483,109.1,16.0,Guangxi,station_table_pdf,South,21.25_108.75,21.25,108.75
596441-99999,596441,BEIHAI AIRPORT,CH,ZGBH,21.539,109.294,16.0,Guangxi,province_geojson,South,21.25_108.75,21.25,108.75
596460-99999,596460,SHAN-KOU (?),CH,,0.0,0.0,-999.0,Unmapped,unmapped,Southwest,1.25_1.25,1.25,1.25
596470-99999,596470,WEI-ZHOU ISLAND,CH,,21.033,109.117,41.0,Guangxi,province_geojson,South,21.25_108.75,21.25,108.75
596480-99999,596480,FOU-TOU,CH,,0.0,0.0,-999.0,Unmapped,unmapped,Southwest,1.25_1.25,1.25,1.25
596570-99999,596570,ZHAN-JIANG,CH,,0.0,0.0,-999.0,Unmapped,unmapped,Southwest,1.25_1.25,1.25,1.25
596580-99999,596580,ZHANJIANG,CH,ZGZJ,21.217,110.4,28.0,Guangdong,station_table_pdf,South,21.25_111.25,21.25,111.25
596630-99999,596630,YANGJIANG,CH,,21.867,111.967,22.0,Guangdong,station_table_pdf,South,21.25_111.25,21.25,111.25
596640-99999,596640,TIAN-CHENG,CH,,21.517,111.3,8.0,Guangdong,station_table_pdf,South,21.25_111.25,21.25,111.25
596730-99999,596730,SHANGCHUAN DAO,CH,,21.733,112.767,18.0,Guangdong,station_table_pdf,South,21.25_113.75,21.25,113.75
596830-99999,596830,BEI-JIAN ISLAND,CH,,0.0,0.0,-999.0,Unmapped,unmapped,Southwest,1.25_1.25,1.25,1.25
597380-99999,597380,DAO-BACH-LONG ISLAN,CH,,20.133,107.733,58.0,Unmapped,unmapped,South,21.25_108.75,21.25,108.75
597450-99999,597450,XI-CUN,CH,,0.0,0.0,-999.0,Unmapped,unmapped,Southwest,1.25_1.25,1.25,1.25
597480-99999,597480,LIN-GAO (CAPE),CH,,0.0,0.0,-999.0,Unmapped,unmapped,Southwest,1.25_1.25,1.25,1.25
597520-99999,597520,BOGUS CHINESE,CH,,,,,Unmapped,unmapped,Unmapped,nan_nan,,
597540-99999,597540,XUWEN,CH,,20.367,110.167,109.0,Guangdong,station_table_pdf,South,21.25_111.25,21.25,111.25
597550-99999,597550,CHIN HO (CHIN NANG),CH,,0.0,0.0,-999.0,Unmapped,unmapped,Southwest,1.25_1.25,1.25,1.25
597580-99999,597580,HAIKOU,CH,ZGHK,20.0,110.25,24.0,Hainan,station_table_pdf,South,21.25_111.25,21.25,111.25
597920-99999,597920,DONGSHA DAO,CH,,20.667,116.717,6.0,Unmapped,unmapped,South,21.25_116.25,21.25,116.25
598380-99999,598380,DONGFANG,CH,,19.1,108.617,8.0,Hainan,station_table_pdf,South,18.75_108.75,18.75,108.75
598450-99999,598450,DANXIAN,CH,,19.517,109.583,169.0,Hainan,station_table_pdf,South,18.75_108.75,18.75,108.75
598480-99999,598480,BAI-SHA,CH,,0.0,0.0,-999.0,Hainan,station_table_pdf,Southwest,1.25_1.25,1.25,1.25
598490-99999,598490,XIN-SHI,CH,,19.067,109.883,243.0,Hainan,station_table_pdf,South,18.75_108.75,18.75,108.75
598530-99999,598530,APPROXIMATE LOCALE,CH,,19.833,110.833,0.0,Hainan,province_geojson,South,18.75_111.25,18.75,111.25
598550-99999,598550,QIONGHAI,CH,,19.233,110.467,25.0,Hainan,station_table_pdf,South,18.75_111.25,18.75,111.25
598580-99999,598580,BOGUS CHINESE,CH,,19.25,110.483,-999.0,Hainan,province_geojson,South,18.75_111.25,18.75,111.25
599380-99999,599380,HUANG-LIU,CH,,0.0,0.0,-999.0,Unmapped,unmapped,Southwest,1.25_1.25,1.25,1.25
599450-99999,599450,BAO-TING,CH,,0.0,0.0,-999.0,Hainan,station_table_pdf,Southwest,1.25_1.25,1.25,1.25
599480-99999,599480,SANYA,CH,,18.217,109.583,7.0,Hainan,province_geojson,South,18.75_108.75,18.75,108.75
599540-99999,599540,LING-SHUI,CH,,18.5,110.0,50.0,Hainan,province_geojson,South,18.75_111.25,18.75,111.25
599550-99999,599550,DA-ZHOU ISLAND,CH,,18.667,110.467,246.0,Hainan,province_geojson,South,18.75_111.25,18.75,111.25
599810-99999,599810,XISHA DAO,CH,,16.833,112.333,5.0,Unmapped,unmapped,South,16.25_111.25,16.25,111.25
599850-99999,599850,SANHU DAO,CH,,16.533,111.617,5.0,Unmapped,unmapped,South,16.25_111.25,16.25,111.25
599950-99999,599950,YONGSHUJIAO,CH,,9.533,112.883,6.0,Unmapped,unmapped,South,8.75_113.75,8.75,113.75
599970-99999,599970,NANSHA DAO,CH,,10.383,114.367,5.0,Unmapped,unmapped,South,11.25_113.75,11.25,113.75
